CD_REGIAO,NM_REGIAO,CD_UF,NM_UF,CD_MUN,NM_MUN,CD_DIST,NM_DIST,POP_2022
1,Norte,11,Rondônia,1100015,Alta Floresta D'Oeste,110001505,Alta Floresta D'Oeste,16744
1,Norte,11,Rondônia,1100015,Alta Floresta D'Oeste,110001515,Filadélfia d'Oeste,551
1,Norte,11,Rondônia,1100015,Alta Floresta D'Oeste,110001520,Izidolândia,532
1,Norte,11,Rondônia,1100015,Alta Floresta D'Oeste,110001525,Nova Gease d'Oeste,1175
1,Norte,11,Rondônia,1100015,Alta Floresta D'Oeste,110001530,Rolim de Moura do Guaporé,801
1,Norte,11,Rondônia,1100015,Alta Floresta D'Oeste,110001535,Santo Antônio d'Oeste,1691
1,Norte,11,Rondônia,1100023,Ariquemes,110002305,Ariquemes,96833
1,Norte,11,Rondônia,1100031,Cabixi,110003105,Cabixi,5351
1,Norte,11,Rondônia,1100049,Cacoal,110004905,Cacoal,75267
1,Norte,11,Rondônia,1100049,Cacoal,110004910,Riozinho,11350
1,Norte,11,Rondônia,1100049,Cacoal,110004915,Divinópolis,270
1,Norte,11,Rondônia,1100056,Cerejeiras,110005605,Cerejeiras,15890
1,Norte,11,Rondônia,1100064,Colorado do Oeste,110006405,Colorado do Oeste,15663
1,Norte,11,Rondônia,1100072,Corumbiara,110007205,Corumbiara,7519
1,Norte,11,Rondônia,1100080,Costa Marques,110008005,Costa Marques,8979
1,Norte,11,Rondônia,1100080,Costa Marques,110008015,Real Forte Príncipe da Beira,239
1,Norte,11,Rondônia,1100080,Costa Marques,110008035,São Domingos do Guaporé,3409
1,Norte,11,Rondônia,1100098,Espigão D'Oeste,110009805,Espigão D'Oeste,24671
1,Norte,11,Rondônia,1100098,Espigão D'Oeste,110009810,Boa Vista do Pacarana,1602
1,Norte,11,Rondônia,1100098,Espigão D'Oeste,110009812,Novo Paraíso,1278
1,Norte,11,Rondônia,1100098,Espigão D'Oeste,110009815,Flor da Serra,873
1,Norte,11,Rondônia,1100098,Espigão D'Oeste,110009818,Nova Esperança,990
1,Norte,11,Rondônia,1100106,Guajará-Mirim,110010605,Guajará-Mirim,35692
1,Norte,11,Rondônia,1100106,Guajará-Mirim,110010612,Iata,1610
1,Norte,11,Rondônia,1100106,Guajará-Mirim,110010622,Surpresa,2085
1,Norte,11,Rondônia,1100114,Jaru,110011405,Jaru,43265
1,Norte,11,Rondônia,1100114,Jaru,110011410,Bom Jesus,1747
1,Norte,11,Rondônia,1100114,Jaru,110011420,Santa Cruz da Serra,904
1,Norte,11,Rondônia,1100114,Jaru,110011425,Tarilândia,4675
1,Norte,11,Rondônia,1100122,Ji-Paraná,110012205,Ji-Paraná,120682
1,Norte,11,Rondônia,1100122,Ji-Paraná,110012220,Nova Colina,1108
1,Norte,11,Rondônia,1100122,Ji-Paraná,110012225,Nova Londrina,2543
1,Norte,11,Rondônia,1100130,Machadinho D'Oeste,110013005,Machadinho D'Oeste,25061
1,Norte,11,Rondônia,1100130,Machadinho D'Oeste,110013015,Oriente Novo,2054
1,Norte,11,Rondônia,1100130,Machadinho D'Oeste,110013020,Quinto BEC,2646
1,Norte,11,Rondônia,1100130,Machadinho D'Oeste,110013025,Tabajara,946
1,Norte,11,Rondônia,1100148,Nova Brasilândia D'Oeste,110014805,Nova Brasilândia D'Oeste,15679
1,Norte,11,Rondônia,1100155,Ouro Preto do Oeste,110015505,Ouro Preto do Oeste,32633
1,Norte,11,Rondônia,1100155,Ouro Preto do Oeste,110015525,Rondominas,2411
1,Norte,11,Rondônia,1100189,Pimenta Bueno,110018905,Pimenta Bueno,31265
1,Norte,11,Rondônia,1100189,Pimenta Bueno,110018915,Marco Rondon,2497
1,Norte,11,Rondônia,1100189,Pimenta Bueno,110018920,Itaporanga,1317
1,Norte,11,Rondônia,1100205,Porto Velho,110020505,Porto Velho,412807
1,Norte,11,Rondônia,1100205,Porto Velho,110020510,Abunã,2385
1,Norte,11,Rondônia,1100205,Porto Velho,110020515,Calama,2312
1,Norte,11,Rondônia,1100205,Porto Velho,110020516,Demarcação,845
1,Norte,11,Rondônia,1100205,Porto Velho,110020517,Extrema,7171
1,Norte,11,Rondônia,1100205,Porto Velho,110020518,Fortaleza do Abunã,474
1,Norte,11,Rondônia,1100205,Porto Velho,110020520,Jaci Paraná,11672
1,Norte,11,Rondônia,1100205,Porto Velho,110020525,Mutum Paraná,7509
1,Norte,11,Rondônia,1100205,Porto Velho,110020530,Nazaré,607
1,Norte,11,Rondônia,1100205,Porto Velho,110020535,Nova Califórnia,5216
1,Norte,11,Rondônia,1100205,Porto Velho,110020540,São Carlos,1176
1,Norte,11,Rondônia,1100205,Porto Velho,110020545,Vista Alegre do Abunã,8260
1,Norte,11,Rondônia,1100254,Presidente Médici,110025405,Presidente Médici,12150
1,Norte,11,Rondônia,1100254,Presidente Médici,110025415,Estrela de Rondônia,1915
1,Norte,11,Rondônia,1100254,Presidente Médici,110025420,Novo Riachuelo,1229
1,Norte,11,Rondônia,1100254,Presidente Médici,110025425,Vila Bandeira Branca,1272
1,Norte,11,Rondônia,1100254,Presidente Médici,110025430,Vila Camargo,2761
1,Norte,11,Rondônia,1100262,Rio Crespo,110026205,Rio Crespo,3471
1,Norte,11,Rondônia,1100288,Rolim de Moura,110028805,Rolim de Moura,56406
1,Norte,11,Rondônia,1100296,Santa Luzia D'Oeste,110029605,Santa Luzia D'Oeste,7419
1,Norte,11,Rondônia,1100304,Vilhena,110030405,Vilhena,95832
1,Norte,11,Rondônia,1100320,São Miguel do Guaporé,110032005,São Miguel do Guaporé,18952
1,Norte,11,Rondônia,1100320,São Miguel do Guaporé,110032020,Santana do Guaporé,2683
1,Norte,11,Rondônia,1100338,Nova Mamoré,110033805,Nova Mamoré,10409
1,Norte,11,Rondônia,1100338,Nova Mamoré,110033810,Araras,668
1,Norte,11,Rondônia,1100338,Nova Mamoré,110033812,Jacynópolis,4470
1,Norte,11,Rondônia,1100338,Nova Mamoré,110033815,Nova Dimensão,6169
1,Norte,11,Rondônia,1100338,Nova Mamoré,110033820,Palmeiras,2299
1,Norte,11,Rondônia,1100338,Nova Mamoré,110033825,Nova Marechal Rondon,1429
1,Norte,11,Rondônia,1100346,Alvorada D'Oeste,110034605,Alvorada D'Oeste,10414
1,Norte,11,Rondônia,1100346,Alvorada D'Oeste,110034625,Tancredópolis,1279
1,Norte,11,Rondônia,1100346,Alvorada D'Oeste,110034630,Terra Boa,1424
1,Norte,11,Rondônia,1100379,Alto Alegre dos Parecis,110037905,Alto Alegre dos Parecis,11479
1,Norte,11,Rondônia,1100403,Alto Paraíso,110040305,Alto Paraíso,16320
1,Norte,11,Rondônia,1100452,Buritis,110045205,Buritis,27992
1,Norte,11,Rondônia,1100502,Novo Horizonte do Oeste,110050205,Novo Horizonte do Oeste,4159
1,Norte,11,Rondônia,1100502,Novo Horizonte do Oeste,110050210,Migrantinópolis,3508
1,Norte,11,Rondônia,1100601,Cacaulândia,110060105,Cacaulândia,4150
1,Norte,11,Rondônia,1100700,Campo Novo de Rondônia,110070005,Campo Novo de Rondônia,8844
1,Norte,11,Rondônia,1100809,Candeias do Jamari,110080905,Candeias do Jamari,18938
1,Norte,11,Rondônia,1100809,Candeias do Jamari,110080920,Rio Preto do Candeias,3372
1,Norte,11,Rondônia,1100908,Castanheiras,110090805,Castanheiras,3233
1,Norte,11,Rondônia,1100924,Chupinguaia,110092405,Chupinguaia,9324
1,Norte,11,Rondônia,1100940,Cujubim,110094005,Cujubim,14863
1,Norte,11,Rondônia,1101005,Governador Jorge Teixeira,110100505,Governador Jorge Teixeira,5823
1,Norte,11,Rondônia,1101005,Governador Jorge Teixeira,110100515,Colina Verde,2178
1,Norte,11,Rondônia,1101104,Itapuã do Oeste,110110405,Itapuã do Oeste,8548
1,Norte,11,Rondônia,1101203,Ministro Andreazza,110120305,Ministro Andreazza,6466
1,Norte,11,Rondônia,1101302,Mirante da Serra,110130205,Mirante da Serra,9235
1,Norte,11,Rondônia,1101401,Monte Negro,110140105,Monte Negro,11548
1,Norte,11,Rondônia,1101435,Nova União,110143505,Nova União,6200
1,Norte,11,Rondônia,1101450,Parecis,110145005,Parecis,4125
1,Norte,11,Rondônia,1101468,Pimenteiras do Oeste,110146805,Pimenteiras do Oeste,2156
1,Norte,11,Rondônia,1101476,Primavera de Rondônia,110147605,Primavera de Rondônia,3076
1,Norte,11,Rondônia,1101484,São Felipe D'Oeste,110148405,São Felipe D'Oeste,5258
1,Norte,11,Rondônia,1101492,São Francisco do Guaporé,110149205,São Francisco do Guaporé,13818
1,Norte,11,Rondônia,1101492,São Francisco do Guaporé,110149210,Porto Murtinho,2468
1,Norte,11,Rondônia,1101500,Seringueiras,110150005,Seringueiras,11171
1,Norte,11,Rondônia,1101559,Teixeirópolis,110155905,Teixeirópolis,4256
1,Norte,11,Rondônia,1101609,Theobroma,110160905,Theobroma,8113
1,Norte,11,Rondônia,1101708,Urupá,110170805,Urupá,10725
1,Norte,11,Rondônia,1101757,Vale do Anari,110175705,Vale do Anari,7788
1,Norte,11,Rondônia,1101807,Vale do Paraíso,110180705,Vale do Paraíso,6479
1,Norte,12,Acre,1200013,Acrelândia,120001305,Acrelândia,14021
1,Norte,12,Acre,1200054,Assis Brasil,120005405,Assis Brasil,8100
1,Norte,12,Acre,1200104,Brasiléia,120010405,Brasiléia,26000
1,Norte,12,Acre,1200138,Bujari,120013805,Bujari,12917
1,Norte,12,Acre,1200179,Capixaba,120017905,Capixaba,10392
1,Norte,12,Acre,1200203,Cruzeiro do Sul,120020305,Cruzeiro do Sul,91888
1,Norte,12,Acre,1200252,Epitaciolândia,120025205,Epitaciolândia,18757
1,Norte,12,Acre,1200302,Feijó,120030205,Feijó,35426
1,Norte,12,Acre,1200328,Jordão,120032805,Jordão,9222
1,Norte,12,Acre,1200336,Mâncio Lima,120033605,Mâncio Lima,19294
1,Norte,12,Acre,1200344,Manoel Urbano,120034405,Manoel Urbano,11996
1,Norte,12,Acre,1200351,Marechal Thaumaturgo,120035105,Marechal Thaumaturgo,17093
1,Norte,12,Acre,1200385,Plácido de Castro,120038505,Plácido de Castro,14333
1,Norte,12,Acre,1200385,Plácido de Castro,120038510,Campinas,2227
1,Norte,12,Acre,1200393,Porto Walter,120039305,Porto Walter,10735
1,Norte,12,Acre,1200401,Rio Branco,120040105,Rio Branco,364756
1,Norte,12,Acre,1200427,Rodrigues Alves,120042705,Rodrigues Alves,14938
1,Norte,12,Acre,1200435,Santa Rosa do Purus,120043505,Santa Rosa do Purus,6723
1,Norte,12,Acre,1200450,Senador Guiomard,120045005,Senador Guiomard,21454
1,Norte,12,Acre,1200500,Sena Madureira,120050005,Sena Madureira,41343
1,Norte,12,Acre,1200609,Tarauacá,120060905,Tarauacá,43467
1,Norte,12,Acre,1200708,Xapuri,120070805,Xapuri,18243
1,Norte,12,Acre,1200807,Porto Acre,120080705,Porto Acre,9265
1,Norte,12,Acre,1200807,Porto Acre,120080720,Vila do Caquetá,1817
1,Norte,12,Acre,1200807,Porto Acre,120080723,Vila do Incra,3584
1,Norte,12,Acre,1200807,Porto Acre,120080725,Vila do V,2027
1,Norte,13,Amazonas,1300029,Alvarães,130002905,Alvarães,15866
1,Norte,13,Amazonas,1300060,Amaturá,130006005,Amaturá,10819
1,Norte,13,Amazonas,1300086,Anamã,130008605,Anamã,9962
1,Norte,13,Amazonas,1300102,Anori,130010205,Anori,17194
1,Norte,13,Amazonas,1300144,Apuí,130014405,Apuí,18352
1,Norte,13,Amazonas,1300144,Apuí,130014410,Sucunduri,2295
1,Norte,13,Amazonas,1300201,Atalaia do Norte,130020105,Atalaia do Norte,15314
1,Norte,13,Amazonas,1300300,Autazes,130030005,Autazes,32854
1,Norte,13,Amazonas,1300300,Autazes,130030010,Murutinga,8710
1,Norte,13,Amazonas,1300409,Barcelos,130040905,Barcelos,18834
1,Norte,13,Amazonas,1300508,Barreirinha,130050805,Barreirinha,12352
1,Norte,13,Amazonas,1300508,Barreirinha,130050810,Ariaú,5238
1,Norte,13,Amazonas,1300508,Barreirinha,130050812,Cametá,3020
1,Norte,13,Amazonas,1300508,Barreirinha,130050815,Freguesia do Andirá,5336
1,Norte,13,Amazonas,1300508,Barreirinha,130050820,Pedras,5105
1,Norte,13,Amazonas,1300607,Benjamin Constant,130060705,Benjamin Constant,37648
1,Norte,13,Amazonas,1300631,Beruri,130063105,Beruri,20718
1,Norte,13,Amazonas,1300680,Boa Vista do Ramos,130068005,Boa Vista do Ramos,15859
1,Norte,13,Amazonas,1300680,Boa Vista do Ramos,130068010,Lago Preto,3381
1,Norte,13,Amazonas,1300680,Boa Vista do Ramos,130068015,Massauari,2705
1,Norte,13,Amazonas,1300680,Boa Vista do Ramos,130068020,Do Rio Urubu,1840
1,Norte,13,Amazonas,1300706,Boca do Acre,130070605,Boca do Acre,30308
1,Norte,13,Amazonas,1300706,Boca do Acre,130070610,Floriano Peixoto,5139
1,Norte,13,Amazonas,1300805,Borba,130080505,Borba,24355
1,Norte,13,Amazonas,1300805,Borba,130080520,Canumã,7071
1,Norte,13,Amazonas,1300805,Borba,130080525,Axinin,1654
1,Norte,13,Amazonas,1300839,Caapiranga,130083905,Caapiranga,13469
1,Norte,13,Amazonas,1300904,Canutama,130090405,Canutama,9614
1,Norte,13,Amazonas,1300904,Canutama,130090410,Belo Monte,1723
1,Norte,13,Amazonas,1300904,Canutama,130090415,Açuanópolis,5532
1,Norte,13,Amazonas,1301001,Carauari,130100105,Carauari,28742
1,Norte,13,Amazonas,1301100,Careiro,130110005,Careiro,18684
1,Norte,13,Amazonas,1301100,Careiro,130110010,Purupuru,6525
1,Norte,13,Amazonas,1301100,Careiro,130110015,Janauacá,5583
1,Norte,13,Amazonas,1301159,Careiro da Várzea,130115905,Careiro da Várzea,19637
1,Norte,13,Amazonas,1301209,Coari,130120905,Coari,70616
1,Norte,13,Amazonas,1301308,Codajás,130130805,Codajás,21684
1,Norte,13,Amazonas,1301308,Codajás,130130810,Badajós,1865
1,Norte,13,Amazonas,1301407,Eirunepé,130140705,Eirunepé,33170
1,Norte,13,Amazonas,1301506,Envira,130150605,Envira,17186
1,Norte,13,Amazonas,1301605,Fonte Boa,130160505,Fonte Boa,25871
1,Norte,13,Amazonas,1301654,Guajará,130165405,Guajará,13815
1,Norte,13,Amazonas,1301704,Humaitá,130170405,Humaitá,53126
1,Norte,13,Amazonas,1301704,Humaitá,130170410,Realidade,4347
1,Norte,13,Amazonas,1301803,Ipixuna,130180305,Ipixuna,24311
1,Norte,13,Amazonas,1301852,Iranduba,130185205,Iranduba,36769
1,Norte,13,Amazonas,1301852,Iranduba,130185210,Ariaú,2719
1,Norte,13,Amazonas,1301852,Iranduba,130185215,Cacau Pirêra,16506
1,Norte,13,Amazonas,1301852,Iranduba,130185220,Lago do Limão,2475
1,Norte,13,Amazonas,1301852,Iranduba,130185225,Paricatuba,2694
1,Norte,13,Amazonas,1301902,Itacoatiara,130190205,Itacoatiara,81599
1,Norte,13,Amazonas,1301902,Itacoatiara,130190210,Amatari,21999
1,Norte,13,Amazonas,1301951,Itamarati,130195105,Itamarati,10937
1,Norte,13,Amazonas,1302009,Itapiranga,130200905,Itapiranga,10162
1,Norte,13,Amazonas,1302108,Japurá,130210805,Japurá,7828
1,Norte,13,Amazonas,1302108,Japurá,130210810,Vila Bitencourt,1030
1,Norte,13,Amazonas,1302207,Juruá,130220705,Juruá,10742
1,Norte,13,Amazonas,1302306,Jutaí,130230605,Jutaí,25172
1,Norte,13,Amazonas,1302405,Lábrea,130240505,Lábrea,45448
1,Norte,13,Amazonas,1302504,Manacapuru,130250405,Manacapuru,101883
1,Norte,13,Amazonas,1302553,Manaquiri,130255305,Manaquiri,17107
1,Norte,13,Amazonas,1302603,Manaus,130260305,Manaus,2063689
1,Norte,13,Amazonas,1302702,Manicoré,130270205,Manicoré,44838
1,Norte,13,Amazonas,1302702,Manicoré,130270210,Santo Antônio do Matupi,9076
1,Norte,13,Amazonas,1302801,Maraã,130280105,Maraã,15529
1,Norte,13,Amazonas,1302900,Maués,130290005,Maués,42769
1,Norte,13,Amazonas,1302900,Maués,130290010,Osório da Fonseca,9124
1,Norte,13,Amazonas,1302900,Maués,130290015,Repartimento,9311
1,Norte,13,Amazonas,1303007,Nhamundá,130300705,Nhamundá,20136
1,Norte,13,Amazonas,1303106,Nova Olinda do Norte,130310605,Nova Olinda do Norte,27062
1,Norte,13,Amazonas,1303205,Novo Airão,130320505,Novo Airão,15761
1,Norte,13,Amazonas,1303304,Novo Aripuanã,130330405,Novo Aripuanã,23818
1,Norte,13,Amazonas,1303403,Parintins,130340305,Parintins,75192
1,Norte,13,Amazonas,1303403,Parintins,130340310,Mocambo,3030
1,Norte,13,Amazonas,1303403,Parintins,130340315,Caburi,3228
1,Norte,13,Amazonas,1303403,Parintins,130340320,Vila Amazônia,8359
1,Norte,13,Amazonas,1303403,Parintins,130340325,Tracajá,2857
1,Norte,13,Amazonas,1303403,Parintins,130340330,Uaicurapá,3706
1,Norte,13,Amazonas,1303502,Pauini,130350205,Pauini,19373
1,Norte,13,Amazonas,1303536,Presidente Figueiredo,130353605,Presidente Figueiredo,26598
1,Norte,13,Amazonas,1303536,Presidente Figueiredo,130353610,Balbina,4070
1,Norte,13,Amazonas,1303569,Rio Preto da Eva,130356905,Rio Preto da Eva,24936
1,Norte,13,Amazonas,1303601,Santa Isabel do Rio Negro,130360105,Santa Isabel do Rio Negro,14164
1,Norte,13,Amazonas,1303700,Santo Antônio do Içá,130370005,Santo Antônio do Içá,24096
1,Norte,13,Amazonas,1303700,Santo Antônio do Içá,130370015,Alterosa,4115
1,Norte,13,Amazonas,1303809,São Gabriel da Cachoeira,130380905,São Gabriel da Cachoeira,44269
1,Norte,13,Amazonas,1303809,São Gabriel da Cachoeira,130380912,Cucui,3873
1,Norte,13,Amazonas,1303809,São Gabriel da Cachoeira,130380915,Içana,1145
1,Norte,13,Amazonas,1303809,São Gabriel da Cachoeira,130380920,São Felipe,2508
1,Norte,13,Amazonas,1303908,São Paulo de Olivença,130390805,São Paulo de Olivença,18866
1,Norte,13,Amazonas,1303908,São Paulo de Olivença,130390815,Santa Rita,14101
1,Norte,13,Amazonas,1303957,São Sebastião do Uatumã,130395705,São Sebastião do Uatumã,9972
1,Norte,13,Amazonas,1303957,São Sebastião do Uatumã,130395710,Santana,1698
1,Norte,13,Amazonas,1304005,Silves,130400505,Silves,11559
1,Norte,13,Amazonas,1304062,Tabatinga,130406205,Tabatinga,66764
1,Norte,13,Amazonas,1304104,Tapauá,130410405,Tapauá,19599
1,Norte,13,Amazonas,1304203,Tefé,130420305,Tefé,73669
1,Norte,13,Amazonas,1304237,Tonantins,130423705,Tonantins,19247
1,Norte,13,Amazonas,1304260,Uarini,130426005,Uarini,14431
1,Norte,13,Amazonas,1304302,Urucará,130430205,Urucará,18631
1,Norte,13,Amazonas,1304401,Urucurituba,130440105,Urucurituba,15950
1,Norte,13,Amazonas,1304401,Urucurituba,130440110,Augusto Montenegro,2676
1,Norte,13,Amazonas,1304401,Urucurituba,130440115,Itapeaçú,5319
1,Norte,14,Roraima,1400027,Amajari,140002705,Amajari,13927
1,Norte,14,Roraima,1400050,Alto Alegre,140005005,Alto Alegre,21096
1,Norte,14,Roraima,1400100,Boa Vista,140010005,Boa Vista,413486
1,Norte,14,Roraima,1400159,Bonfim,140015905,Bonfim,13923
1,Norte,14,Roraima,1400175,Cantá,140017505,Cantá,18682
1,Norte,14,Roraima,1400209,Caracaraí,140020905,Caracaraí,20957
1,Norte,14,Roraima,1400233,Caroebe,140023305,Caroebe,10656
1,Norte,14,Roraima,1400282,Iracema,140028205,Iracema,10023
1,Norte,14,Roraima,1400308,Mucajaí,140030805,Mucajaí,18095
1,Norte,14,Roraima,1400407,Normandia,140040705,Normandia,13986
1,Norte,14,Roraima,1400456,Pacaraima,140045605,Pacaraima,19305
1,Norte,14,Roraima,1400472,Rorainópolis,140047205,Rorainópolis,32647
1,Norte,14,Roraima,1400506,São João da Baliza,140050605,São João da Baliza,8858
1,Norte,14,Roraima,1400605,São Luiz,140060505,São Luiz,7315
1,Norte,14,Roraima,1400704,Uiramutã,140070405,Uiramutã,13751
1,Norte,15,Pará,1500107,Abaetetuba,150010705,Abaetetuba,149159
1,Norte,15,Pará,1500107,Abaetetuba,150010710,Beja,9029
1,Norte,15,Pará,1500131,Abel Figueiredo,150013105,Abel Figueiredo,6136
1,Norte,15,Pará,1500206,Acará,150020605,Acará,38322
1,Norte,15,Pará,1500206,Acará,150020610,Guajará-Miri,12880
1,Norte,15,Pará,1500206,Acará,150020615,Jaguarari,7821
1,Norte,15,Pará,1500305,Afuá,150030505,Afuá,37765
1,Norte,15,Pará,1500347,Água Azul do Norte,150034705,Água Azul do Norte,18080
1,Norte,15,Pará,1500404,Alenquer,150040405,Alenquer,69377
1,Norte,15,Pará,1500503,Almeirim,150050305,Almeirim,24403
1,Norte,15,Pará,1500503,Almeirim,150050310,Arumanduba,3408
1,Norte,15,Pará,1500503,Almeirim,150050315,Monte Dourado,6469
1,Norte,15,Pará,1500602,Altamira,150060205,Altamira,110337
1,Norte,15,Pará,1500602,Altamira,150060206,Cachoeira da Serra,3942
1,Norte,15,Pará,1500602,Altamira,150060207,Castelo dos Sonhos,12000
1,Norte,15,Pará,1500701,Anajás,150070105,Anajás,28011
1,Norte,15,Pará,1500800,Ananindeua,150080005,Ananindeua,478778
1,Norte,15,Pará,1500859,Anapu,150085905,Anapu,31850
1,Norte,15,Pará,1500909,Augusto Corrêa,150090905,Augusto Corrêa,22012
1,Norte,15,Pará,1500909,Augusto Corrêa,150090910,Aturiaí,10665
1,Norte,15,Pará,1500909,Augusto Corrêa,150090915,Emboraí,6381
1,Norte,15,Pará,1500909,Augusto Corrêa,150090920,Itapixuna,5515
1,Norte,15,Pará,1500958,Aurora do Pará,150095805,Aurora do Pará,23774
1,Norte,15,Pará,1501006,Aveiro,150100605,Aveiro,8218
1,Norte,15,Pará,1501006,Aveiro,150100610,Brasília Legal,7930
1,Norte,15,Pará,1501006,Aveiro,150100615,Pinhel,2142
1,Norte,15,Pará,1501105,Bagre,150110505,Bagre,31606
1,Norte,15,Pará,1501105,Bagre,150110510,Pedreira,286
1,Norte,15,Pará,1501204,Baião,150120405,Baião,31588
1,Norte,15,Pará,1501204,Baião,150120410,Joana Peres,6857
1,Norte,15,Pará,1501204,Baião,150120420,São Joaquim do Ituquara,8419
1,Norte,15,Pará,1501204,Baião,150120430,Umarizal do Tocantins,4777
1,Norte,15,Pará,1501253,Bannach,150125305,Bannach,4031
1,Norte,15,Pará,1501303,Barcarena,150130305,Barcarena,87562
1,Norte,15,Pará,1501303,Barcarena,150130310,Murucupi,39088
1,Norte,15,Pará,1501402,Belém,150140205,Belém,140032
1,Norte,15,Pará,1501402,Belém,150140245,Bengui,275694
1,Norte,15,Pará,1501402,Belém,150140250,Entroncamento,123825
1,Norte,15,Pará,1501402,Belém,150140255,Guamá,283619
1,Norte,15,Pará,1501402,Belém,150140260,Icoaraci,171524
1,Norte,15,Pará,1501402,Belém,150140265,Mosqueiro,38385
1,Norte,15,Pará,1501402,Belém,150140267,Outeiro,39478
1,Norte,15,Pará,1501402,Belém,150140275,Sacramenta,230846
1,Norte,15,Pará,1501451,Belterra,150145105,Belterra,18099
1,Norte,15,Pará,1501501,Benevides,150150105,Benevides,35663
1,Norte,15,Pará,1501501,Benevides,150150110,Benfica,27904
1,Norte,15,Pará,1501576,Bom Jesus do Tocantins,150157605,Bom Jesus do Tocantins,18005
1,Norte,15,Pará,1501600,Bonito,150160005,Bonito,12622
1,Norte,15,Pará,1501709,Bragança,150170905,Bragança,93543
1,Norte,15,Pará,1501709,Bragança,150170910,Almoço,2696
1,Norte,15,Pará,1501709,Bragança,150170915,Caratateua,10154
1,Norte,15,Pará,1501709,Bragança,150170920,Nova Mocajuba,2935
1,Norte,15,Pará,1501709,Bragança,150170930,Tijoca,9394
1,Norte,15,Pará,1501709,Bragança,150170940,Treme,4360
1,Norte,15,Pará,1501725,Brasil Novo,150172505,Brasil Novo,24718
1,Norte,15,Pará,1501758,Brejo Grande do Araguaia,150175805,Brejo Grande do Araguaia,5225
1,Norte,15,Pará,1501758,Brejo Grande do Araguaia,150175815,São Raimundo do Araguaia,1558
1,Norte,15,Pará,1501782,Breu Branco,150178205,Breu Branco,45712
1,Norte,15,Pará,1501808,Breves,150180805,Breves,66259
1,Norte,15,Pará,1501808,Breves,150180810,Antônio Lemos,8091
1,Norte,15,Pará,1501808,Breves,150180815,Curumu,17384
1,Norte,15,Pará,1501808,Breves,150180820,São Miguel dos Macacos,15234
1,Norte,15,Pará,1501907,Bujaru,150190705,Bujaru,18495
1,Norte,15,Pará,1501907,Bujaru,150190710,Guajará-Açu,5888
1,Norte,15,Pará,1501956,Cachoeira do Piriá,150195605,Cachoeira do Piriá,19630
1,Norte,15,Pará,1502004,Cachoeira do Arari,150200405,Cachoeira do Arari,23981
1,Norte,15,Pará,1502103,Cametá,150210305,Cametá,75881
1,Norte,15,Pará,1502103,Cametá,150210307,Areião,1932
1,Norte,15,Pará,1502103,Cametá,150210310,Carapajó,10793
1,Norte,15,Pará,1502103,Cametá,150210315,Curuçambaba,10452
1,Norte,15,Pará,1502103,Cametá,150210320,Janua Coeli,9388
1,Norte,15,Pará,1502103,Cametá,150210325,Juaba,15936
1,Norte,15,Pará,1502103,Cametá,150210330,Moiraba,3280
1,Norte,15,Pará,1502103,Cametá,150210336,Torres do Cupijó,2862
1,Norte,15,Pará,1502103,Cametá,150210340,Vila do Carmo do Tocantins,3660
1,Norte,15,Pará,1502152,Canaã dos Carajás,150215205,Canaã dos Carajás,77079
1,Norte,15,Pará,1502202,Capanema,150220205,Capanema,62946
1,Norte,15,Pará,1502202,Capanema,150220210,Mirasselvas,4588
1,Norte,15,Pará,1502202,Capanema,150220215,Tauari,2860
1,Norte,15,Pará,1502301,Capitão Poço,150230105,Capitão Poço,56506
1,Norte,15,Pará,1502400,Castanhal,150240005,Castanhal,185078
1,Norte,15,Pará,1502400,Castanhal,150240010,Apeú,7178
1,Norte,15,Pará,1502509,Chaves,150250905,Chaves,18047
1,Norte,15,Pará,1502509,Chaves,150250910,São Sebastião de Viçosa,2710
1,Norte,15,Pará,1502608,Colares,150260805,Colares,12868
1,Norte,15,Pará,1502707,Conceição do Araguaia,150270705,Conceição do Araguaia,44617
1,Norte,15,Pará,1502756,Concórdia do Pará,150275605,Concórdia do Pará,26881
1,Norte,15,Pará,1502764,Cumaru do Norte,150276405,Cumaru do Norte,14036
1,Norte,15,Pará,1502772,Curionópolis,150277205,Curionópolis,19950
1,Norte,15,Pará,1502806,Curralinho,150280605,Curralinho,22472
1,Norte,15,Pará,1502806,Curralinho,150280610,Piriá,11431
1,Norte,15,Pará,1502855,Curuá,150285505,Curuá,14117
1,Norte,15,Pará,1502905,Curuçá,150290505,Curuçá,26729
1,Norte,15,Pará,1502905,Curuçá,150290520,Lauro Sodré,5695
1,Norte,15,Pará,1502905,Curuçá,150290525,Murajá,3366
1,Norte,15,Pará,1502905,Curuçá,150290540,Ponta de Ramos,5472
1,Norte,15,Pará,1502939,Dom Eliseu,150293905,Dom Eliseu,58484
1,Norte,15,Pará,1502954,Eldorado do Carajás,150295405,Eldorado do Carajás,28192
1,Norte,15,Pará,1503002,Faro,150300205,Faro,7611
1,Norte,15,Pará,1503002,Faro,150300208,Nova Maracanã,1117
1,Norte,15,Pará,1503044,Floresta do Araguaia,150304405,Floresta do Araguaia,14648
1,Norte,15,Pará,1503044,Floresta do Araguaia,150304410,Bela Vista,3250
1,Norte,15,Pará,1503077,Garrafão do Norte,150307705,Garrafão do Norte,24703
1,Norte,15,Pará,1503093,Goianésia do Pará,150309305,Goianésia do Pará,26362
1,Norte,15,Pará,1503101,Gurupá,150310105,Gurupá,24108
1,Norte,15,Pará,1503101,Gurupá,150310110,Carrazedo,2438
1,Norte,15,Pará,1503101,Gurupá,150310115,Itatupã,5240
1,Norte,15,Pará,1503200,Igarapé-Açu,150320005,Igarapé-Açu,29729
1,Norte,15,Pará,1503200,Igarapé-Açu,150320010,Caripi,6068
1,Norte,15,Pará,1503309,Igarapé-Miri,150330905,Igarapé-Miri,40682
1,Norte,15,Pará,1503309,Igarapé-Miri,150330910,Maiauatá,24149
1,Norte,15,Pará,1503408,Inhangapi,150340805,Inhangapi,10325
1,Norte,15,Pará,1503457,Ipixuna do Pará,150345705,Ipixuna do Pará,30329
1,Norte,15,Pará,1503507,Irituia,150350705,Irituia,30955
1,Norte,15,Pará,1503606,Itaituba,150360605,Itaituba,112817
1,Norte,15,Pará,1503606,Itaituba,150360620,Moraes Almeida,10497
1,Norte,15,Pará,1503705,Itupiranga,150370505,Itupiranga,49754
1,Norte,15,Pará,1503754,Jacareacanga,150375405,Jacareacanga,23031
1,Norte,15,Pará,1503754,Jacareacanga,150375420,Porto Rico,1011
1,Norte,15,Pará,1503804,Jacundá,150380405,Jacundá,37707
1,Norte,15,Pará,1503903,Juruti,150390305,Juruti,50881
1,Norte,15,Pará,1504000,Limoeiro do Ajuru,150400005,Limoeiro do Ajuru,29569
1,Norte,15,Pará,1504059,Mãe do Rio,150405905,Mãe do Rio,34353
1,Norte,15,Pará,1504109,Magalhães Barata,150410905,Magalhães Barata,5548
1,Norte,15,Pará,1504109,Magalhães Barata,150410910,Cafezal,2567
1,Norte,15,Pará,1504208,Marabá,150420805,Marabá,266533
1,Norte,15,Pará,1504307,Maracanã,150430705,Maracanã,15916
1,Norte,15,Pará,1504307,Maracanã,150430715,Boa Esperança,4231
1,Norte,15,Pará,1504307,Maracanã,150430740,São Roberto,5824
1,Norte,15,Pará,1504406,Marapanim,150440605,Marapanim,11151
1,Norte,15,Pará,1504406,Marapanim,150440610,Marudá,1618
1,Norte,15,Pará,1504406,Marapanim,150440615,Matapiquara,2548
1,Norte,15,Pará,1504406,Marapanim,150440620,Monte Alegre do Maú,2819
1,Norte,15,Pará,1504406,Marapanim,150440622,Praia de Marudá,8437
1,Norte,15,Pará,1504422,Marituba,150442205,Marituba,111785
1,Norte,15,Pará,1504455,Medicilândia,150445505,Medicilândia,22084
1,Norte,15,Pará,1504455,Medicilândia,150445535,União da Floresta,5010
1,Norte,15,Pará,1504505,Melgaço,150450505,Melgaço,23355
1,Norte,15,Pará,1504505,Melgaço,150450510,Areias,4526
1,Norte,15,Pará,1504604,Mocajuba,150460405,Mocajuba,23859
1,Norte,15,Pará,1504604,Mocajuba,150460415,São Pedro de Viseu,3339
1,Norte,15,Pará,1504703,Moju,150470305,Moju,64719
1,Norte,15,Pará,1504703,Moju,150470310,Cairari,19375
1,Norte,15,Pará,1504752,Mojuí dos Campos,150475205,Mojuí dos Campos,23501
1,Norte,15,Pará,1504802,Monte Alegre,150480205,Monte Alegre,60012
1,Norte,15,Pará,1504901,Muaná,150490105,Muaná,34504
1,Norte,15,Pará,1504901,Muaná,150490110,São Francisco da Jararaca,6506
1,Norte,15,Pará,1504901,Muaná,150490115,São Miguel do Pracuúba,4358
1,Norte,15,Pará,1504950,Nova Esperança do Piriá,150495005,Nova Esperança do Piriá,20478
1,Norte,15,Pará,1504976,Nova Ipixuna,150497605,Nova Ipixuna,13955
1,Norte,15,Pará,1505007,Nova Timboteua,150500705,Nova Timboteua,9261
1,Norte,15,Pará,1505007,Nova Timboteua,150500710,Timboteua,3545
1,Norte,15,Pará,1505031,Novo Progresso,150503105,Novo Progresso,31207
1,Norte,15,Pará,1505031,Novo Progresso,150503110,Mil,2431
1,Norte,15,Pará,1505064,Novo Repartimento,150506405,Novo Repartimento,32967
1,Norte,15,Pará,1505064,Novo Repartimento,150506410,Belo Monte do Pará,5713
1,Norte,15,Pará,1505064,Novo Repartimento,150506420,Maracajá,14376
1,Norte,15,Pará,1505064,Novo Repartimento,150506440,Vitória da Conquista,7676
1,Norte,15,Pará,1505106,Óbidos,150510605,Óbidos,52229
1,Norte,15,Pará,1505205,Oeiras do Pará,150520505,Oeiras do Pará,33844
1,Norte,15,Pará,1505304,Oriximiná,150530405,Oriximiná,68294
1,Norte,15,Pará,1505403,Ourém,150540305,Ourém,17855
1,Norte,15,Pará,1505437,Ourilândia do Norte,150543705,Ourilândia do Norte,32467
1,Norte,15,Pará,1505486,Pacajá,150548605,Pacajá,30595
1,Norte,15,Pará,1505486,Pacajá,150548610,Bom Jardim,10502
1,Norte,15,Pará,1505494,Palestina do Pará,150549405,Palestina do Pará,6885
1,Norte,15,Pará,1505502,Paragominas,150550205,Paragominas,105550
1,Norte,15,Pará,1505536,Parauapebas,150553605,Parauapebas,267836
1,Norte,15,Pará,1505551,Pau D'Arco,150555105,Pau D'Arco,6931
1,Norte,15,Pará,1505601,Peixe-Boi,150560105,Peixe-Boi,5245
1,Norte,15,Pará,1505601,Peixe-Boi,150560110,Tauarizinho,3040
1,Norte,15,Pará,1505635,Piçarra,150563505,Piçarra,12832
1,Norte,15,Pará,1505650,Placas,150565005,Placas,18668
1,Norte,15,Pará,1505700,Ponta de Pedras,150570005,Ponta de Pedras,24984
1,Norte,15,Pará,1505809,Portel,150580905,Portel,62503
1,Norte,15,Pará,1505908,Porto de Moz,150590805,Porto de Moz,34662
1,Norte,15,Pará,1505908,Porto de Moz,150590810,Veiros,3180
1,Norte,15,Pará,1505908,Porto de Moz,150590815,Vilarinho do Monte,2755
1,Norte,15,Pará,1506005,Prainha,150600505,Prainha,23601
1,Norte,15,Pará,1506005,Prainha,150600510,Pacoval,4222
1,Norte,15,Pará,1506005,Prainha,150600525,Santa Maria do Uruará,7754
1,Norte,15,Pará,1506104,Primavera,150610405,Primavera,10851
1,Norte,15,Pará,1506112,Quatipuru,150611205,Quatipuru,7059
1,Norte,15,Pará,1506112,Quatipuru,150611210,Boa Vista,4465
1,Norte,15,Pará,1506138,Redenção,150613805,Redenção,85597
1,Norte,15,Pará,1506161,Rio Maria,150616105,Rio Maria,18384
1,Norte,15,Pará,1506187,Rondon do Pará,150618705,Rondon do Pará,53143
1,Norte,15,Pará,1506195,Rurópolis,150619505,Rurópolis,26722
1,Norte,15,Pará,1506195,Rurópolis,150619515,Divinópolis,9047
1,Norte,15,Pará,1506203,Salinópolis,150620305,Salinópolis,44772
1,Norte,15,Pará,1506302,Salvaterra,150630205,Salvaterra,15580
1,Norte,15,Pará,1506302,Salvaterra,150630210,Condeixa,2619
1,Norte,15,Pará,1506302,Salvaterra,150630215,Joanes,2705
1,Norte,15,Pará,1506302,Salvaterra,150630220,Jubim,1978
1,Norte,15,Pará,1506302,Salvaterra,150630225,Monsarás,1247
1,Norte,15,Pará,1506351,Santa Bárbara do Pará,150635105,Santa Bárbara do Pará,21087
1,Norte,15,Pará,1506401,Santa Cruz do Arari,150640105,Santa Cruz do Arari,7445
1,Norte,15,Pará,1506500,Santa Izabel do Pará,150650005,Santa Izabel do Pará,46731
1,Norte,15,Pará,1506500,Santa Izabel do Pará,150650010,Americano,16621
1,Norte,15,Pará,1506500,Santa Izabel do Pará,150650015,Caraparu,9667
1,Norte,15,Pará,1506559,Santa Luzia do Pará,150655905,Santa Luzia do Pará,20370
1,Norte,15,Pará,1506583,Santa Maria das Barreiras,150658305,Santa Maria das Barreiras,3103
1,Norte,15,Pará,1506583,Santa Maria das Barreiras,150658310,Casa de Tábua,8764
1,Norte,15,Pará,1506583,Santa Maria das Barreiras,150658315,Nova Esperança,4681
1,Norte,15,Pará,1506609,Santa Maria do Pará,150660905,Santa Maria do Pará,24624
1,Norte,15,Pará,1506708,Santana do Araguaia,150670805,Santana do Araguaia,32413
1,Norte,15,Pará,1506807,Santarém,150680705,Santarém,290166
1,Norte,15,Pará,1506807,Santarém,150680710,Alter do Chão,9834
1,Norte,15,Pará,1506807,Santarém,150680725,Boim,10574
1,Norte,15,Pará,1506807,Santarém,150680730,Curuai,17248
1,Norte,15,Pará,1506807,Santarém,150680740,Arapixuna,4120
1,Norte,15,Pará,1506906,Santarém Novo,150690605,Santarém Novo,6116
1,Norte,15,Pará,1507003,Santo Antônio do Tauá,150700305,Santo Antônio do Tauá,17604
1,Norte,15,Pará,1507003,Santo Antônio do Tauá,150700310,Espírito Santo do Tauá,4038
1,Norte,15,Pará,1507003,Santo Antônio do Tauá,150700315,São Raimundo de Borralhos,5819
1,Norte,15,Pará,1507102,São Caetano de Odivelas,150710205,São Caetano de Odivelas,13715
1,Norte,15,Pará,1507102,São Caetano de Odivelas,150710210,Perseverança,2951
1,Norte,15,Pará,1507151,São Domingos do Araguaia,150715105,São Domingos do Araguaia,21092
1,Norte,15,Pará,1507201,São Domingos do Capim,150720105,São Domingos do Capim,30599
1,Norte,15,Pará,1507300,São Félix do Xingu,150730005,São Félix do Xingu,38730
1,Norte,15,Pará,1507300,São Félix do Xingu,150730020,Sudoeste,3048
1,Norte,15,Pará,1507300,São Félix do Xingu,150730025,Taboca,13458
1,Norte,15,Pará,1507300,São Félix do Xingu,150730030,Vila Ladeira Vermelha,3364
1,Norte,15,Pará,1507300,São Félix do Xingu,150730035,Vila Lindoeste,2803
1,Norte,15,Pará,1507300,São Félix do Xingu,150730040,Vila Nereu,4015
1,Norte,15,Pará,1507409,São Francisco do Pará,150740905,São Francisco do Pará,14894
1,Norte,15,Pará,1507458,São Geraldo do Araguaia,150745805,São Geraldo do Araguaia,24255
1,Norte,15,Pará,1507466,São João da Ponta,150746605,São João da Ponta,4430
1,Norte,15,Pará,1507474,São João de Pirabas,150747405,São João de Pirabas,17404
1,Norte,15,Pará,1507474,São João de Pirabas,150747410,Japerica,3285
1,Norte,15,Pará,1507508,São João do Araguaia,150750805,São João do Araguaia,10231
1,Norte,15,Pará,1507508,São João do Araguaia,150750810,Apinagés,3433
1,Norte,15,Pará,1507607,São Miguel do Guamá,150760705,São Miguel do Guamá,38198
1,Norte,15,Pará,1507607,São Miguel do Guamá,150760710,Caju,7435
1,Norte,15,Pará,1507607,São Miguel do Guamá,150760715,Urucuri,6633
1,Norte,15,Pará,1507607,São Miguel do Guamá,150760720,Urucuriteua,628
1,Norte,15,Pará,1507706,São Sebastião da Boa Vista,150770605,São Sebastião da Boa Vista,25643
1,Norte,15,Pará,1507755,Sapucaia,150775505,Sapucaia,5847
1,Norte,15,Pará,1507805,Senador José Porfírio,150780505,Senador José Porfírio,22576
1,Norte,15,Pará,1507904,Soure,150790405,Soure,24204
1,Norte,15,Pará,1507953,Tailândia,150795305,Tailândia,62959
1,Norte,15,Pará,1507953,Tailândia,150795310,Palmares,9534
1,Norte,15,Pará,1507961,Terra Alta,150796105,Terra Alta,10400
1,Norte,15,Pará,1507979,Terra Santa,150797905,Terra Santa,18782
1,Norte,15,Pará,1508001,Tomé-Açu,150800105,Tomé-Açu,67585
1,Norte,15,Pará,1508035,Tracuateua,150803505,Tracuateua,28595
1,Norte,15,Pará,1508050,Trairão,150805005,Trairão,15242
1,Norte,15,Pará,1508084,Tucumã,150808405,Tucumã,39550
1,Norte,15,Pará,1508100,Tucuruí,150810005,Tucuruí,91306
1,Norte,15,Pará,1508126,Ulianópolis,150812605,Ulianópolis,37972
1,Norte,15,Pará,1508159,Uruará,150815905,Uruará,38086
1,Norte,15,Pará,1508159,Uruará,150815910,Alvorada,5472
1,Norte,15,Pará,1508209,Vigia,150820905,Vigia,40694
1,Norte,15,Pará,1508209,Vigia,150820915,Porto Salvo,10138
1,Norte,15,Pará,1508308,Viseu,150830805,Viseu,20685
1,Norte,15,Pará,1508308,Viseu,150830815,Fernandes Belo,10494
1,Norte,15,Pará,1508308,Viseu,150830820,São José do Gurupi,2587
1,Norte,15,Pará,1508308,Viseu,150830825,São José do Piriá,24926
1,Norte,15,Pará,1508357,Vitória do Xingu,150835705,Vitória do Xingu,15607
1,Norte,15,Pará,1508407,Xinguara,150840705,Xinguara,52893
1,Norte,16,Amapá,1600055,Serra do Navio,160005505,Serra do Navio,3775
1,Norte,16,Amapá,1600055,Serra do Navio,160005510,Cachaço,898
1,Norte,16,Amapá,1600105,Amapá,160010505,Amapá,7454
1,Norte,16,Amapá,1600105,Amapá,160010515,Sucuriju,489
1,Norte,16,Amapá,1600154,Pedra Branca do Amapari,160015405,Pedra Branca do Amapari,12847
1,Norte,16,Amapá,1600204,Calçoene,160020405,Calçoene,7324
1,Norte,16,Amapá,1600204,Calçoene,160020410,Cunani,917
1,Norte,16,Amapá,1600204,Calçoene,160020415,Lourenço,2371
1,Norte,16,Amapá,1600212,Cutias,160021205,Cutias,4461
1,Norte,16,Amapá,1600238,Ferreira Gomes,160023805,Ferreira Gomes,6666
1,Norte,16,Amapá,1600253,Itaubal,160025305,Itaubal,5599
1,Norte,16,Amapá,1600279,Laranjal do Jari,160027905,Laranjal do Jari,35114
1,Norte,16,Amapá,1600303,Macapá,160030305,Macapá,410095
1,Norte,16,Amapá,1600303,Macapá,160030310,Bailique,7239
1,Norte,16,Amapá,1600303,Macapá,160030311,Carapanantuba,1932
1,Norte,16,Amapá,1600303,Macapá,160030312,Fazendinha,17942
1,Norte,16,Amapá,1600303,Macapá,160030324,São Joaquim do Pacuí,5725
1,Norte,16,Amapá,1600402,Mazagão,160040205,Mazagão,11634
1,Norte,16,Amapá,1600402,Mazagão,160040208,Carvão,1539
1,Norte,16,Amapá,1600402,Mazagão,160040215,Mazagão Velho,8751
1,Norte,16,Amapá,1600501,Oiapoque,160050105,Oiapoque,24325
1,Norte,16,Amapá,1600501,Oiapoque,160050110,Clevelândia do Norte,467
1,Norte,16,Amapá,1600501,Oiapoque,160050115,Vila Velha,2243
1,Norte,16,Amapá,1600501,Oiapoque,160050120,Vila Brasil,447
1,Norte,16,Amapá,1600535,Porto Grande,160053505,Porto Grande,17848
1,Norte,16,Amapá,1600550,Pracuúba,160055005,Pracuúba,3803
1,Norte,16,Amapá,1600600,Santana,160060005,Santana,100127
1,Norte,16,Amapá,1600600,Santana,160060007,Anauerapucu,1368
1,Norte,16,Amapá,1600600,Santana,160060010,Igarapé do Lago,812
1,Norte,16,Amapá,1600600,Santana,160060015,Ilha de Santana,3917
1,Norte,16,Amapá,1600600,Santana,160060020,Piaçacá,418
1,Norte,16,Amapá,1600600,Santana,160060023,Pirativa,976
1,Norte,16,Amapá,1600709,Tartarugalzinho,160070905,Tartarugalzinho,12945
1,Norte,16,Amapá,1600808,Vitória do Jari,160080805,Vitória do Jari,11291
1,Norte,17,Tocantins,1700251,Abreulândia,170025105,Abreulândia,2576
1,Norte,17,Tocantins,1700301,Aguiarnópolis,170030105,Aguiarnópolis,4497
1,Norte,17,Tocantins,1700350,Aliança do Tocantins,170035005,Aliança do Tocantins,5147
1,Norte,17,Tocantins,1700400,Almas,170040005,Almas,6499
1,Norte,17,Tocantins,1700707,Alvorada,170070705,Alvorada,8802
1,Norte,17,Tocantins,1701002,Ananás,170100205,Ananás,10325
1,Norte,17,Tocantins,1701051,Angico,170105105,Angico,2876
1,Norte,17,Tocantins,1701101,Aparecida do Rio Negro,170110105,Aparecida do Rio Negro,4856
1,Norte,17,Tocantins,1701309,Aragominas,170130905,Aragominas,2626
1,Norte,17,Tocantins,1701309,Aragominas,170130910,Reunidas,2664
1,Norte,17,Tocantins,1701903,Araguacema,170190305,Araguacema,5927
1,Norte,17,Tocantins,1702000,Araguaçu,170200005,Araguaçu,8133
1,Norte,17,Tocantins,1702109,Araguaína,170210905,Araguaína,171301
1,Norte,17,Tocantins,1702158,Araguanã,170215805,Araguanã,4310
1,Norte,17,Tocantins,1702208,Araguatins,170220805,Araguatins,28938
1,Norte,17,Tocantins,1702208,Araguatins,170220810,Natal,1912
1,Norte,17,Tocantins,1702208,Araguatins,170220820,Macaúba,1068
1,Norte,17,Tocantins,1702307,Arapoema,170230705,Arapoema,5550
1,Norte,17,Tocantins,1702406,Arraias,170240605,Arraias,9747
1,Norte,17,Tocantins,1702406,Arraias,170240610,Cana Brava,540
1,Norte,17,Tocantins,1702554,Augustinópolis,170255405,Augustinópolis,17484
1,Norte,17,Tocantins,1702703,Aurora do Tocantins,170270305,Aurora do Tocantins,3342
1,Norte,17,Tocantins,1702901,Axixá do Tocantins,170290105,Axixá do Tocantins,10262
1,Norte,17,Tocantins,1703008,Babaçulândia,170300805,Babaçulândia,7880
1,Norte,17,Tocantins,1703057,Bandeirantes do Tocantins,170305705,Bandeirantes do Tocantins,3407
1,Norte,17,Tocantins,1703073,Barra do Ouro,170307305,Barra do Ouro,4476
1,Norte,17,Tocantins,1703107,Barrolândia,170310705,Barrolândia,4846
1,Norte,17,Tocantins,1703206,Bernardo Sayão,170320605,Bernardo Sayão,4229
1,Norte,17,Tocantins,1703305,Bom Jesus do Tocantins,170330505,Bom Jesus do Tocantins,4038
1,Norte,17,Tocantins,1703602,Brasilândia do Tocantins,170360205,Brasilândia do Tocantins,1974
1,Norte,17,Tocantins,1703701,Brejinho de Nazaré,170370105,Brejinho de Nazaré,4725
1,Norte,17,Tocantins,1703800,Buriti do Tocantins,170380005,Buriti do Tocantins,10307
1,Norte,17,Tocantins,1703826,Cachoeirinha,170382605,Cachoeirinha,1961
1,Norte,17,Tocantins,1703842,Campos Lindos,170384205,Campos Lindos,8653
1,Norte,17,Tocantins,1703867,Cariri do Tocantins,170386705,Cariri do Tocantins,4007
1,Norte,17,Tocantins,1703883,Carmolândia,170388305,Carmolândia,2201
1,Norte,17,Tocantins,1703891,Carrasco Bonito,170389105,Carrasco Bonito,3318
1,Norte,17,Tocantins,1703909,Caseara,170390905,Caseara,4847
1,Norte,17,Tocantins,1704105,Centenário,170410505,Centenário,2131
1,Norte,17,Tocantins,1704600,Chapada de Areia,170460005,Chapada de Areia,1501
1,Norte,17,Tocantins,1705102,Chapada da Natividade,170510205,Chapada da Natividade,3117
1,Norte,17,Tocantins,1705508,Colinas do Tocantins,170550805,Colinas do Tocantins,34233
1,Norte,17,Tocantins,1705557,Combinado,170555705,Combinado,4756
1,Norte,17,Tocantins,1705607,Conceição do Tocantins,170560705,Conceição do Tocantins,3887
1,Norte,17,Tocantins,1706001,Couto Magalhães,170600105,Couto Magalhães,5331
1,Norte,17,Tocantins,1706100,Cristalândia,170610005,Cristalândia,6371
1,Norte,17,Tocantins,1706258,Crixás do Tocantins,170625805,Crixás do Tocantins,1470
1,Norte,17,Tocantins,1706506,Darcinópolis,170650605,Darcinópolis,5827
1,Norte,17,Tocantins,1707009,Dianópolis,170700905,Dianópolis,17739
1,Norte,17,Tocantins,1707108,Divinópolis do Tocantins,170710805,Divinópolis do Tocantins,7024
1,Norte,17,Tocantins,1707207,Dois Irmãos do Tocantins,170720705,Dois Irmãos do Tocantins,6327
1,Norte,17,Tocantins,1707306,Dueré,170730605,Dueré,4248
1,Norte,17,Tocantins,1707405,Esperantina,170740505,Esperantina,7530
1,Norte,17,Tocantins,1707553,Fátima,170755305,Fátima,3467
1,Norte,17,Tocantins,1707652,Figueirópolis,170765205,Figueirópolis,5211
1,Norte,17,Tocantins,1707702,Filadélfia,170770205,Filadélfia,5562
1,Norte,17,Tocantins,1707702,Filadélfia,170770210,Bielândia,2150
1,Norte,17,Tocantins,1708205,Formoso do Araguaia,170820505,Formoso do Araguaia,18881
1,Norte,17,Tocantins,1708254,Tabocão,170825405,Tabocão,3455
1,Norte,17,Tocantins,1708304,Goianorte,170830405,Goianorte,4738
1,Norte,17,Tocantins,1709005,Goiatins,170900505,Goiatins,7505
1,Norte,17,Tocantins,1709005,Goiatins,170900510,Cartucho,1731
1,Norte,17,Tocantins,1709005,Goiatins,170900515,Craolândia,1311
1,Norte,17,Tocantins,1709005,Goiatins,170900525,Alto Lindo,1886
1,Norte,17,Tocantins,1709302,Guaraí,170930205,Guaraí,24775
1,Norte,17,Tocantins,1709500,Gurupi,170950005,Gurupi,85125
1,Norte,17,Tocantins,1709807,Ipueiras,170980705,Ipueiras,1590
1,Norte,17,Tocantins,1710508,Itacajá,171050805,Itacajá,6819
1,Norte,17,Tocantins,1710706,Itaguatins,171070605,Itaguatins,5172
1,Norte,17,Tocantins,1710904,Itapiratins,171090405,Itapiratins,3577
1,Norte,17,Tocantins,1711100,Itaporã do Tocantins,171110005,Itaporã do Tocantins,2404
1,Norte,17,Tocantins,1711506,Jaú do Tocantins,171150605,Jaú do Tocantins,3334
1,Norte,17,Tocantins,1711803,Juarina,171180305,Juarina,2243
1,Norte,17,Tocantins,1711902,Lagoa da Confusão,171190205,Lagoa da Confusão,15288
1,Norte,17,Tocantins,1711951,Lagoa do Tocantins,171195105,Lagoa do Tocantins,3516
1,Norte,17,Tocantins,1712009,Lajeado,171200905,Lajeado,3357
1,Norte,17,Tocantins,1712157,Lavandeira,171215705,Lavandeira,1626
1,Norte,17,Tocantins,1712405,Lizarda,171240505,Lizarda,2427
1,Norte,17,Tocantins,1712405,Lizarda,171240510,Alto Bonito,572
1,Norte,17,Tocantins,1712454,Luzinópolis,171245405,Luzinópolis,2717
1,Norte,17,Tocantins,1712504,Marianópolis do Tocantins,171250405,Marianópolis do Tocantins,4615
1,Norte,17,Tocantins,1712702,Mateiros,171270205,Mateiros,2748
1,Norte,17,Tocantins,1712801,Maurilândia do Tocantins,171280105,Maurilândia do Tocantins,3095
1,Norte,17,Tocantins,1713205,Miracema do Tocantins,171320505,Miracema do Tocantins,18566
1,Norte,17,Tocantins,1713304,Miranorte,171330405,Miranorte,12701
1,Norte,17,Tocantins,1713601,Monte do Carmo,171360105,Monte do Carmo,5694
1,Norte,17,Tocantins,1713700,Monte Santo do Tocantins,171370005,Monte Santo do Tocantins,2396
1,Norte,17,Tocantins,1713809,Palmeiras do Tocantins,171380905,Palmeiras do Tocantins,4872
1,Norte,17,Tocantins,1713957,Muricilândia,171395705,Muricilândia,3367
1,Norte,17,Tocantins,1714203,Natividade,171420305,Natividade,7906
1,Norte,17,Tocantins,1714203,Natividade,171420320,Príncipe,848
1,Norte,17,Tocantins,1714302,Nazaré,171430205,Nazaré,4521
1,Norte,17,Tocantins,1714880,Nova Olinda,171488005,Nova Olinda,10367
1,Norte,17,Tocantins,1715002,Nova Rosalândia,171500205,Nova Rosalândia,3362
1,Norte,17,Tocantins,1715101,Novo Acordo,171510105,Novo Acordo,3969
1,Norte,17,Tocantins,1715150,Novo Alegre,171515005,Novo Alegre,1846
1,Norte,17,Tocantins,1715259,Novo Jardim,171525905,Novo Jardim,2230
1,Norte,17,Tocantins,1715507,Oliveira de Fátima,171550705,Oliveira de Fátima,1164
1,Norte,17,Tocantins,1715705,Palmeirante,171570505,Palmeirante,4798
1,Norte,17,Tocantins,1715754,Palmeirópolis,171575405,Palmeirópolis,6975
1,Norte,17,Tocantins,1716109,Paraíso do Tocantins,171610905,Paraíso do Tocantins,52360
1,Norte,17,Tocantins,1716208,Paranã,171620805,Paranã,7846
1,Norte,17,Tocantins,1716208,Paranã,171620810,Bom Jesus da Palma,1742
1,Norte,17,Tocantins,1716208,Paranã,171620815,Campo Alegre,954
1,Norte,17,Tocantins,1716307,Pau D'Arco,171630705,Pau D'Arco,4043
1,Norte,17,Tocantins,1716505,Pedro Afonso,171650505,Pedro Afonso,13606
1,Norte,17,Tocantins,1716505,Pedro Afonso,171650510,Porto Real,449
1,Norte,17,Tocantins,1716604,Peixe,171660405,Peixe,9317
1,Norte,17,Tocantins,1716653,Pequizeiro,171665305,Pequizeiro,4921
1,Norte,17,Tocantins,1716703,Colméia,171670305,Colméia,8941
1,Norte,17,Tocantins,1717008,Pindorama do Tocantins,171700805,Pindorama do Tocantins,4478
1,Norte,17,Tocantins,1717206,Piraquê,171720605,Piraquê,2282
1,Norte,17,Tocantins,1717503,Pium,171750305,Pium,7128
1,Norte,17,Tocantins,1717800,Ponte Alta do Bom Jesus,171780005,Ponte Alta do Bom Jesus,4220
1,Norte,17,Tocantins,1717909,Ponte Alta do Tocantins,171790905,Ponte Alta do Tocantins,7586
1,Norte,17,Tocantins,1718006,Porto Alegre do Tocantins,171800605,Porto Alegre do Tocantins,2866
1,Norte,17,Tocantins,1718204,Porto Nacional,171820405,Porto Nacional,48816
1,Norte,17,Tocantins,1718204,Porto Nacional,171820425,Luzimangues,15602
1,Norte,17,Tocantins,1718303,Praia Norte,171830305,Praia Norte,9044
1,Norte,17,Tocantins,1718402,Presidente Kennedy,171840205,Presidente Kennedy,3047
1,Norte,17,Tocantins,1718451,Pugmil,171845105,Pugmil,2193
1,Norte,17,Tocantins,1718501,Recursolândia,171850105,Recursolândia,3421
1,Norte,17,Tocantins,1718550,Riachinho,171855005,Riachinho,3960
1,Norte,17,Tocantins,1718659,Rio da Conceição,171865905,Rio da Conceição,1768
1,Norte,17,Tocantins,1718709,Rio dos Bois,171870905,Rio dos Bois,2738
1,Norte,17,Tocantins,1718758,Rio Sono,171875805,Rio Sono,4841
1,Norte,17,Tocantins,1718808,Sampaio,171880805,Sampaio,4215
1,Norte,17,Tocantins,1718840,Sandolândia,171884005,Sandolândia,3723
1,Norte,17,Tocantins,1718865,Santa Fé do Araguaia,171886505,Santa Fé do Araguaia,7216
1,Norte,17,Tocantins,1718881,Santa Maria do Tocantins,171888105,Santa Maria do Tocantins,2680
1,Norte,17,Tocantins,1718899,Santa Rita do Tocantins,171889905,Santa Rita do Tocantins,2219
1,Norte,17,Tocantins,1718907,Santa Rosa do Tocantins,171890705,Santa Rosa do Tocantins,3700
1,Norte,17,Tocantins,1718907,Santa Rosa do Tocantins,171890710,Cangas,663
1,Norte,17,Tocantins,1718907,Santa Rosa do Tocantins,171890715,Morro de São João,290
1,Norte,17,Tocantins,1719004,Santa Tereza do Tocantins,171900405,Santa Tereza do Tocantins,2781
1,Norte,17,Tocantins,1720002,Santa Terezinha do Tocantins,172000205,Santa Terezinha do Tocantins,2406
1,Norte,17,Tocantins,1720101,São Bento do Tocantins,172010105,São Bento do Tocantins,5654
1,Norte,17,Tocantins,1720150,São Félix do Tocantins,172015005,São Félix do Tocantins,1783
1,Norte,17,Tocantins,1720200,São Miguel do Tocantins,172020005,São Miguel do Tocantins,13241
1,Norte,17,Tocantins,1720259,São Salvador do Tocantins,172025905,São Salvador do Tocantins,2385
1,Norte,17,Tocantins,1720309,São Sebastião do Tocantins,172030905,São Sebastião do Tocantins,4100
1,Norte,17,Tocantins,1720499,São Valério,172049905,São Valério,4422
1,Norte,17,Tocantins,1720655,Silvanópolis,172065505,Silvanópolis,5108
1,Norte,17,Tocantins,1720804,Sítio Novo do Tocantins,172080405,Sítio Novo do Tocantins,10830
1,Norte,17,Tocantins,1720853,Sucupira,172085305,Sucupira,1577
1,Norte,17,Tocantins,1720903,Taguatinga,172090305,Taguatinga,14011
1,Norte,17,Tocantins,1720937,Taipas do Tocantins,172093705,Taipas do Tocantins,2021
1,Norte,17,Tocantins,1720978,Talismã,172097805,Talismã,2456
1,Norte,17,Tocantins,1721000,Palmas,172100005,Palmas,295532
1,Norte,17,Tocantins,1721000,Palmas,172100008,Buritirana,1601
1,Norte,17,Tocantins,1721000,Palmas,172100015,Taquaruçu,5559
1,Norte,17,Tocantins,1721109,Tocantínia,172110905,Tocantínia,7459
1,Norte,17,Tocantins,1721208,Tocantinópolis,172120805,Tocantinópolis,22615
1,Norte,17,Tocantins,1721257,Tupirama,172125705,Tupirama,1909
1,Norte,17,Tocantins,1721307,Tupiratins,172130705,Tupiratins,1874
1,Norte,17,Tocantins,1722081,Wanderlândia,172208105,Wanderlândia,10522
1,Norte,17,Tocantins,1722107,Xambioá,172210705,Xambioá,10517
2,Nordeste,21,Maranhão,2100055,Açailândia,210005505,Açailândia,106550
2,Nordeste,21,Maranhão,2100105,Afonso Cunha,210010505,Afonso Cunha,6144
2,Nordeste,21,Maranhão,2100154,Água Doce do Maranhão,210015405,Água Doce do Maranhão,12142
2,Nordeste,21,Maranhão,2100204,Alcântara,210020405,Alcântara,16070
2,Nordeste,21,Maranhão,2100204,Alcântara,210020410,São João de Cortes,2397
2,Nordeste,21,Maranhão,2100303,Aldeias Altas,210030305,Aldeias Altas,23286
2,Nordeste,21,Maranhão,2100402,Altamira do Maranhão,210040205,Altamira do Maranhão,6447
2,Nordeste,21,Maranhão,2100436,Alto Alegre do Maranhão,210043605,Alto Alegre do Maranhão,24048
2,Nordeste,21,Maranhão,2100477,Alto Alegre do Pindaré,210047705,Alto Alegre do Pindaré,25710
2,Nordeste,21,Maranhão,2100501,Alto Parnaíba,210050105,Alto Parnaíba,10274
2,Nordeste,21,Maranhão,2100501,Alto Parnaíba,210050110,Curupá,835
2,Nordeste,21,Maranhão,2100550,Amapá do Maranhão,210055005,Amapá do Maranhão,7170
2,Nordeste,21,Maranhão,2100600,Amarante do Maranhão,210060005,Amarante do Maranhão,37085
2,Nordeste,21,Maranhão,2100709,Anajatuba,210070905,Anajatuba,21983
2,Nordeste,21,Maranhão,2100709,Anajatuba,210070910,Porto das Gabarras,3339
2,Nordeste,21,Maranhão,2100808,Anapurus,210080805,Anapurus,13793
2,Nordeste,21,Maranhão,2100832,Apicum-Açu,210083205,Apicum-Açu,17519
2,Nordeste,21,Maranhão,2100873,Araguanã,210087305,Araguanã,11181
2,Nordeste,21,Maranhão,2100907,Araioses,210090705,Araioses,39052
2,Nordeste,21,Maranhão,2100956,Arame,210095605,Arame,25517
2,Nordeste,21,Maranhão,2101004,Arari,210100405,Arari,28052
2,Nordeste,21,Maranhão,2101004,Arari,210100410,Bonfim do Arari,1420
2,Nordeste,21,Maranhão,2101103,Axixá,210110305,Axixá,11790
2,Nordeste,21,Maranhão,2101202,Bacabal,210120205,Bacabal,103711
2,Nordeste,21,Maranhão,2101251,Bacabeira,210125105,Bacabeira,16966
2,Nordeste,21,Maranhão,2101301,Bacuri,210130105,Bacuri,16290
2,Nordeste,21,Maranhão,2101350,Bacurituba,210135005,Bacurituba,5252
2,Nordeste,21,Maranhão,2101400,Balsas,210140005,Balsas,101767
2,Nordeste,21,Maranhão,2101509,Barão de Grajaú,210150905,Barão de Grajaú,18984
2,Nordeste,21,Maranhão,2101608,Barra do Corda,210160805,Barra do Corda,84532
2,Nordeste,21,Maranhão,2101707,Barreirinhas,210170705,Barreirinhas,65589
2,Nordeste,21,Maranhão,2101731,Belágua,210173105,Belágua,8460
2,Nordeste,21,Maranhão,2101772,Bela Vista do Maranhão,210177205,Bela Vista do Maranhão,11750
2,Nordeste,21,Maranhão,2101806,Benedito Leite,210180605,Benedito Leite,5469
2,Nordeste,21,Maranhão,2101905,Bequimão,210190505,Bequimão,19584
2,Nordeste,21,Maranhão,2101939,Bernardo do Mearim,210193905,Bernardo do Mearim,5840
2,Nordeste,21,Maranhão,2101970,Boa Vista do Gurupi,210197005,Boa Vista do Gurupi,7574
2,Nordeste,21,Maranhão,2102002,Bom Jardim,210200205,Bom Jardim,33100
2,Nordeste,21,Maranhão,2102036,Bom Jesus das Selvas,210203605,Bom Jesus das Selvas,28599
2,Nordeste,21,Maranhão,2102077,Bom Lugar,210207705,Bom Lugar,12212
2,Nordeste,21,Maranhão,2102101,Brejo,210210105,Brejo,34120
2,Nordeste,21,Maranhão,2102150,Brejo de Areia,210215005,Brejo de Areia,9218
2,Nordeste,21,Maranhão,2102200,Buriti,210220005,Buriti,29685
2,Nordeste,21,Maranhão,2102309,Buriti Bravo,210230905,Buriti Bravo,21397
2,Nordeste,21,Maranhão,2102309,Buriti Bravo,210230910,Bacatuba,1058
2,Nordeste,21,Maranhão,2102325,Buriticupu,210232505,Buriticupu,55499
2,Nordeste,21,Maranhão,2102358,Buritirana,210235805,Buritirana,12918
2,Nordeste,21,Maranhão,2102374,Cachoeira Grande,210237405,Cachoeira Grande,9732
2,Nordeste,21,Maranhão,2102408,Cajapió,210240805,Cajapió,10121
2,Nordeste,21,Maranhão,2102507,Cajari,210250705,Cajari,10548
2,Nordeste,21,Maranhão,2102507,Cajari,210250710,Boa Vista do Pindaré,5864
2,Nordeste,21,Maranhão,2102556,Campestre do Maranhão,210255605,Campestre do Maranhão,12301
2,Nordeste,21,Maranhão,2102606,Cândido Mendes,210260605,Cândido Mendes,14825
2,Nordeste,21,Maranhão,2102606,Cândido Mendes,210260610,Barão de Tromaí,3762
2,Nordeste,21,Maranhão,2102606,Cândido Mendes,210260615,Estandarte,1345
2,Nordeste,21,Maranhão,2102705,Cantanhede,210270505,Cantanhede,24303
2,Nordeste,21,Maranhão,2102754,Capinzal do Norte,210275405,Capinzal do Norte,11374
2,Nordeste,21,Maranhão,2102804,Carolina,210280405,Carolina,24062
2,Nordeste,21,Maranhão,2102903,Carutapera,210290305,Carutapera,24238
2,Nordeste,21,Maranhão,2103000,Caxias,210300005,Caxias,156973
2,Nordeste,21,Maranhão,2103109,Cedral,210310905,Cedral,10208
2,Nordeste,21,Maranhão,2103125,Central do Maranhão,210312505,Central do Maranhão,7094
2,Nordeste,21,Maranhão,2103158,Centro do Guilherme,210315805,Centro do Guilherme,12342
2,Nordeste,21,Maranhão,2103174,Centro Novo do Maranhão,210317405,Centro Novo do Maranhão,16267
2,Nordeste,21,Maranhão,2103208,Chapadinha,210320805,Chapadinha,81386
2,Nordeste,21,Maranhão,2103257,Cidelândia,210325705,Cidelândia,12878
2,Nordeste,21,Maranhão,2103307,Codó,210330705,Codó,105083
2,Nordeste,21,Maranhão,2103307,Codó,210330710,Codozinho,3918
2,Nordeste,21,Maranhão,2103307,Codó,210330715,São Raimundo de Codó,5274
2,Nordeste,21,Maranhão,2103406,Coelho Neto,210340605,Coelho Neto,41658
2,Nordeste,21,Maranhão,2103505,Colinas,210350505,Colinas,40316
2,Nordeste,21,Maranhão,2103554,Conceição do Lago-Açu,210355405,Conceição do Lago-Açu,14915
2,Nordeste,21,Maranhão,2103604,Coroatá,210360405,Coroatá,59566
2,Nordeste,21,Maranhão,2103703,Cururupu,210370305,Cururupu,31558
2,Nordeste,21,Maranhão,2103752,Davinópolis,210375205,Davinópolis,14404
2,Nordeste,21,Maranhão,2103802,Dom Pedro,210380205,Dom Pedro,23053
2,Nordeste,21,Maranhão,2103901,Duque Bacelar,210390105,Duque Bacelar,10223
2,Nordeste,21,Maranhão,2104008,Esperantinópolis,210400805,Esperantinópolis,18311
2,Nordeste,21,Maranhão,2104057,Estreito,210405705,Estreito,33294
2,Nordeste,21,Maranhão,2104073,Feira Nova do Maranhão,210407305,Feira Nova do Maranhão,8048
2,Nordeste,21,Maranhão,2104081,Fernando Falcão,210408105,Fernando Falcão,10873
2,Nordeste,21,Maranhão,2104099,Formosa da Serra Negra,210409905,Formosa da Serra Negra,17719
2,Nordeste,21,Maranhão,2104107,Fortaleza dos Nogueiras,210410705,Fortaleza dos Nogueiras,12640
2,Nordeste,21,Maranhão,2104206,Fortuna,210420605,Fortuna,16976
2,Nordeste,21,Maranhão,2104305,Godofredo Viana,210430505,Godofredo Viana,7704
2,Nordeste,21,Maranhão,2104305,Godofredo Viana,210430510,Aurizona,2482
2,Nordeste,21,Maranhão,2104404,Gonçalves Dias,210440405,Gonçalves Dias,17206
2,Nordeste,21,Maranhão,2104503,Governador Archer,210450305,Governador Archer,10231
2,Nordeste,21,Maranhão,2104552,Governador Edison Lobão,210455205,Governador Edison Lobão,18411
2,Nordeste,21,Maranhão,2104602,Governador Eugênio Barros,210460205,Governador Eugênio Barros,13930
2,Nordeste,21,Maranhão,2104628,Governador Luiz Rocha,210462805,Governador Luiz Rocha,7063
2,Nordeste,21,Maranhão,2104651,Governador Newton Bello,210465105,Governador Newton Bello,10713
2,Nordeste,21,Maranhão,2104677,Governador Nunes Freire,210467705,Governador Nunes Freire,23128
2,Nordeste,21,Maranhão,2104701,Graça Aranha,210470105,Graça Aranha,6023
2,Nordeste,21,Maranhão,2104800,Grajaú,210480005,Grajaú,73872
2,Nordeste,21,Maranhão,2104909,Guimarães,210490905,Guimarães,10290
2,Nordeste,21,Maranhão,2105005,Humberto de Campos,210500505,Humberto de Campos,25680
2,Nordeste,21,Maranhão,2105104,Icatu,210510405,Icatu,19286
2,Nordeste,21,Maranhão,2105104,Icatu,210510410,Itapera,5508
2,Nordeste,21,Maranhão,2105153,Igarapé do Meio,210515305,Igarapé do Meio,13974
2,Nordeste,21,Maranhão,2105203,Igarapé Grande,210520305,Igarapé Grande,10231
2,Nordeste,21,Maranhão,2105302,Imperatriz,210530205,Imperatriz,273110
2,Nordeste,21,Maranhão,2105351,Itaipava do Grajaú,210535105,Itaipava do Grajaú,13828
2,Nordeste,21,Maranhão,2105401,Itapecuru Mirim,210540105,Itapecuru Mirim,60440
2,Nordeste,21,Maranhão,2105427,Itinga do Maranhão,210542705,Itinga do Maranhão,22513
2,Nordeste,21,Maranhão,2105450,Jatobá,210545005,Jatobá,7471
2,Nordeste,21,Maranhão,2105476,Jenipapo dos Vieiras,210547605,Jenipapo dos Vieiras,17076
2,Nordeste,21,Maranhão,2105500,João Lisboa,210550005,João Lisboa,24709
2,Nordeste,21,Maranhão,2105609,Joselândia,210560905,Joselândia,14924
2,Nordeste,21,Maranhão,2105658,Junco do Maranhão,210565805,Junco do Maranhão,5146
2,Nordeste,21,Maranhão,2105708,Lago da Pedra,210570805,Lago da Pedra,44403
2,Nordeste,21,Maranhão,2105807,Lago do Junco,210580705,Lago do Junco,9506
2,Nordeste,21,Maranhão,2105906,Lago Verde,210590605,Lago Verde,14769
2,Nordeste,21,Maranhão,2105922,Lagoa do Mato,210592205,Lagoa do Mato,10572
2,Nordeste,21,Maranhão,2105948,Lago dos Rodrigues,210594805,Lago dos Rodrigues,8758
2,Nordeste,21,Maranhão,2105963,Lagoa Grande do Maranhão,210596305,Lagoa Grande do Maranhão,11411
2,Nordeste,21,Maranhão,2105989,Lajeado Novo,210598905,Lajeado Novo,7057
2,Nordeste,21,Maranhão,2106003,Lima Campos,210600305,Lima Campos,11297
2,Nordeste,21,Maranhão,2106102,Loreto,210610205,Loreto,11597
2,Nordeste,21,Maranhão,2106201,Luís Domingues,210620105,Luís Domingues,7161
2,Nordeste,21,Maranhão,2106300,Magalhães de Almeida,210630005,Magalhães de Almeida,10764
2,Nordeste,21,Maranhão,2106300,Magalhães de Almeida,210630010,Custódio Lima,3043
2,Nordeste,21,Maranhão,2106326,Maracaçumé,210632605,Maracaçumé,21149
2,Nordeste,21,Maranhão,2106359,Marajá do Sena,210635905,Marajá do Sena,7027
2,Nordeste,21,Maranhão,2106375,Maranhãozinho,210637505,Maranhãozinho,13761
2,Nordeste,21,Maranhão,2106409,Mata Roma,210640905,Mata Roma,17090
2,Nordeste,21,Maranhão,2106508,Matinha,210650805,Matinha,22034
2,Nordeste,21,Maranhão,2106607,Matões,210660705,Matões,32174
2,Nordeste,21,Maranhão,2106631,Matões do Norte,210663105,Matões do Norte,17432
2,Nordeste,21,Maranhão,2106672,Milagres do Maranhão,210667205,Milagres do Maranhão,8818
2,Nordeste,21,Maranhão,2106706,Mirador,210670605,Mirador,18013
2,Nordeste,21,Maranhão,2106706,Mirador,210670610,Ibipira,3017
2,Nordeste,21,Maranhão,2106755,Miranda do Norte,210675505,Miranda do Norte,23864
2,Nordeste,21,Maranhão,2106805,Mirinzal,210680505,Mirinzal,13978
2,Nordeste,21,Maranhão,2106904,Monção,210690405,Monção,27751
2,Nordeste,21,Maranhão,2107001,Montes Altos,210700105,Montes Altos,9106
2,Nordeste,21,Maranhão,2107100,Morros,210710005,Morros,18554
2,Nordeste,21,Maranhão,2107209,Nina Rodrigues,210720905,Nina Rodrigues,14176
2,Nordeste,21,Maranhão,2107258,Nova Colinas,210725805,Nova Colinas,5021
2,Nordeste,21,Maranhão,2107308,Nova Iorque,210730805,Nova Iorque,4320
2,Nordeste,21,Maranhão,2107357,Nova Olinda do Maranhão,210735705,Nova Olinda do Maranhão,14314
2,Nordeste,21,Maranhão,2107407,Olho d'Água das Cunhãs,210740705,Olho d'Água das Cunhãs,17919
2,Nordeste,21,Maranhão,2107456,Olinda Nova do Maranhão,210745605,Olinda Nova do Maranhão,13577
2,Nordeste,21,Maranhão,2107506,Paço do Lumiar,210750605,Paço do Lumiar,145643
2,Nordeste,21,Maranhão,2107605,Palmeirândia,210760505,Palmeirândia,21059
2,Nordeste,21,Maranhão,2107704,Paraibano,210770405,Paraibano,18274
2,Nordeste,21,Maranhão,2107803,Parnarama,210780305,Parnarama,21408
2,Nordeste,21,Maranhão,2107803,Parnarama,210780310,Brejo de São Félix,9842
2,Nordeste,21,Maranhão,2107902,Passagem Franca,210790205,Passagem Franca,17220
2,Nordeste,21,Maranhão,2108009,Pastos Bons,210800905,Pastos Bons,17303
2,Nordeste,21,Maranhão,2108009,Pastos Bons,210800910,Roçado,1499
2,Nordeste,21,Maranhão,2108058,Paulino Neves,210805805,Paulino Neves,17056
2,Nordeste,21,Maranhão,2108108,Paulo Ramos,210810805,Paulo Ramos,20341
2,Nordeste,21,Maranhão,2108207,Pedreiras,210820705,Pedreiras,35038
2,Nordeste,21,Maranhão,2108207,Pedreiras,210820710,Marianópolis,2012
2,Nordeste,21,Maranhão,2108256,Pedro do Rosário,210825605,Pedro do Rosário,24320
2,Nordeste,21,Maranhão,2108306,Penalva,210830605,Penalva,32511
2,Nordeste,21,Maranhão,2108405,Peri Mirim,210840505,Peri Mirim,11108
2,Nordeste,21,Maranhão,2108454,Peritoró,210845405,Peritoró,20479
2,Nordeste,21,Maranhão,2108504,Pindaré-Mirim,210850405,Pindaré-Mirim,26183
2,Nordeste,21,Maranhão,2108504,Pindaré-Mirim,210850410,Pimentel,5246
2,Nordeste,21,Maranhão,2108603,Pinheiro,210860305,Pinheiro,81210
2,Nordeste,21,Maranhão,2108603,Pinheiro,210860310,Roque,3411
2,Nordeste,21,Maranhão,2108702,Pio XII,210870205,Pio XII,21886
2,Nordeste,21,Maranhão,2108801,Pirapemas,210880105,Pirapemas,17714
2,Nordeste,21,Maranhão,2108900,Poção de Pedras,210890005,Poção de Pedras,17161
2,Nordeste,21,Maranhão,2109007,Porto Franco,210900705,Porto Franco,23903
2,Nordeste,21,Maranhão,2109056,Porto Rico do Maranhão,210905605,Porto Rico do Maranhão,5954
2,Nordeste,21,Maranhão,2109106,Presidente Dutra,210910605,Presidente Dutra,45155
2,Nordeste,21,Maranhão,2109205,Presidente Juscelino,210920505,Presidente Juscelino,11356
2,Nordeste,21,Maranhão,2109239,Presidente Médici,210923905,Presidente Médici,4696
2,Nordeste,21,Maranhão,2109270,Presidente Sarney,210927005,Presidente Sarney,17511
2,Nordeste,21,Maranhão,2109304,Presidente Vargas,210930405,Presidente Vargas,10549
2,Nordeste,21,Maranhão,2109403,Primeira Cruz,210940305,Primeira Cruz,13614
2,Nordeste,21,Maranhão,2109452,Raposa,210945205,Raposa,30839
2,Nordeste,21,Maranhão,2109502,Riachão,210950205,Riachão,22145
2,Nordeste,21,Maranhão,2109551,Ribamar Fiquene,210955105,Ribamar Fiquene,7420
2,Nordeste,21,Maranhão,2109601,Rosário,210960105,Rosário,38475
2,Nordeste,21,Maranhão,2109700,Sambaíba,210970005,Sambaíba,5568
2,Nordeste,21,Maranhão,2109759,Santa Filomena do Maranhão,210975905,Santa Filomena do Maranhão,6697
2,Nordeste,21,Maranhão,2109809,Santa Helena,210980905,Santa Helena,35948
2,Nordeste,21,Maranhão,2109809,Santa Helena,210980910,Curva Grande,5613
2,Nordeste,21,Maranhão,2109908,Santa Inês,210990805,Santa Inês,85014
2,Nordeste,21,Maranhão,2110005,Santa Luzia,211000505,Santa Luzia,57635
2,Nordeste,21,Maranhão,2110039,Santa Luzia do Paruá,211003905,Santa Luzia do Paruá,24307
2,Nordeste,21,Maranhão,2110104,Santa Quitéria do Maranhão,211010405,Santa Quitéria do Maranhão,23957
2,Nordeste,21,Maranhão,2110203,Santa Rita,211020305,Santa Rita,37035
2,Nordeste,21,Maranhão,2110237,Santana do Maranhão,211023705,Santana do Maranhão,10567
2,Nordeste,21,Maranhão,2110278,Santo Amaro do Maranhão,211027805,Santo Amaro do Maranhão,13949
2,Nordeste,21,Maranhão,2110302,Santo Antônio dos Lopes,211030205,Santo Antônio dos Lopes,14304
2,Nordeste,21,Maranhão,2110401,São Benedito do Rio Preto,211040105,São Benedito do Rio Preto,18364
2,Nordeste,21,Maranhão,2110500,São Bento,211050005,São Bento,46395
2,Nordeste,21,Maranhão,2110609,São Bernardo,211060905,São Bernardo,26943
2,Nordeste,21,Maranhão,2110658,São Domingos do Azeitão,211065805,São Domingos do Azeitão,7992
2,Nordeste,21,Maranhão,2110708,São Domingos do Maranhão,211070805,São Domingos do Maranhão,34034
2,Nordeste,21,Maranhão,2110807,São Félix de Balsas,211080705,São Félix de Balsas,4402
2,Nordeste,21,Maranhão,2110856,São Francisco do Brejão,211085605,São Francisco do Brejão,9051
2,Nordeste,21,Maranhão,2110906,São Francisco do Maranhão,211090605,São Francisco do Maranhão,9449
2,Nordeste,21,Maranhão,2110906,São Francisco do Maranhão,211090610,Caraíba do Norte,1227
2,Nordeste,21,Maranhão,2110906,São Francisco do Maranhão,211090615,Ribeirão Azul,1388
2,Nordeste,21,Maranhão,2111003,São João Batista,211100305,São João Batista,18544
2,Nordeste,21,Maranhão,2111029,São João do Carú,211102905,São João do Carú,12251
2,Nordeste,21,Maranhão,2111052,São João do Paraíso,211105205,São João do Paraíso,9904
2,Nordeste,21,Maranhão,2111078,São João do Soter,211107805,São João do Soter,16889
2,Nordeste,21,Maranhão,2111102,São João dos Patos,211110205,São João dos Patos,25020
2,Nordeste,21,Maranhão,2111201,São José de Ribamar,211120105,São José de Ribamar,56920
2,Nordeste,21,Maranhão,2111201,São José de Ribamar,211120110,Mata,187659
2,Nordeste,21,Maranhão,2111250,São José dos Basílios,211125005,São José dos Basílios,6957
2,Nordeste,21,Maranhão,2111300,São Luís,211130005,São Luís,1037775
2,Nordeste,21,Maranhão,2111409,São Luís Gonzaga do Maranhão,211140905,São Luís Gonzaga do Maranhão,17818
2,Nordeste,21,Maranhão,2111508,São Mateus do Maranhão,211150805,São Mateus do Maranhão,38829
2,Nordeste,21,Maranhão,2111532,São Pedro da Água Branca,211153205,São Pedro da Água Branca,14338
2,Nordeste,21,Maranhão,2111573,São Pedro dos Crentes,211157305,São Pedro dos Crentes,5783
2,Nordeste,21,Maranhão,2111607,São Raimundo das Mangabeiras,211160705,São Raimundo das Mangabeiras,18672
2,Nordeste,21,Maranhão,2111631,São Raimundo do Doca Bezerra,211163105,São Raimundo do Doca Bezerra,5650
2,Nordeste,21,Maranhão,2111672,São Roberto,211167205,São Roberto,4544
2,Nordeste,21,Maranhão,2111706,São Vicente Ferrer,211170605,São Vicente Ferrer,19498
2,Nordeste,21,Maranhão,2111722,Satubinha,211172205,Satubinha,8784
2,Nordeste,21,Maranhão,2111748,Senador Alexandre Costa,211174805,Senador Alexandre Costa,10207
2,Nordeste,21,Maranhão,2111763,Senador La Rocque,211176305,Senador La Rocque,14700
2,Nordeste,21,Maranhão,2111789,Serrano do Maranhão,211178905,Serrano do Maranhão,10202
2,Nordeste,21,Maranhão,2111805,Sítio Novo,211180505,Sítio Novo,17074
2,Nordeste,21,Maranhão,2111904,Sucupira do Norte,211190405,Sucupira do Norte,10238
2,Nordeste,21,Maranhão,2111953,Sucupira do Riachão,211195305,Sucupira do Riachão,4985
2,Nordeste,21,Maranhão,2112001,Tasso Fragoso,211200105,Tasso Fragoso,8862
2,Nordeste,21,Maranhão,2112100,Timbiras,211210005,Timbiras,26484
2,Nordeste,21,Maranhão,2112209,Timon,211220905,Timon,170621
2,Nordeste,21,Maranhão,2112209,Timon,211220910,Buriti Cortado,3844
2,Nordeste,21,Maranhão,2112233,Trizidela do Vale,211223305,Trizidela do Vale,22484
2,Nordeste,21,Maranhão,2112274,Tufilândia,211227405,Tufilândia,5507
2,Nordeste,21,Maranhão,2112308,Tuntum,211230805,Tuntum,29268
2,Nordeste,21,Maranhão,2112308,Tuntum,211230810,São Joaquim dos Melos,6983
2,Nordeste,21,Maranhão,2112407,Turiaçu,211240705,Turiaçu,37491
2,Nordeste,21,Maranhão,2112456,Turilândia,211245605,Turilândia,31638
2,Nordeste,21,Maranhão,2112506,Tutóia,211250605,Tutóia,37966
2,Nordeste,21,Maranhão,2112506,Tutóia,211250610,Barro Duro,15390
2,Nordeste,21,Maranhão,2112605,Urbano Santos,211260505,Urbano Santos,32812
2,Nordeste,21,Maranhão,2112704,Vargem Grande,211270405,Vargem Grande,43261
2,Nordeste,21,Maranhão,2112803,Viana,211280305,Viana,51442
2,Nordeste,21,Maranhão,2112852,Vila Nova dos Martírios,211285205,Vila Nova dos Martírios,10362
2,Nordeste,21,Maranhão,2112902,Vitória do Mearim,211290205,Vitória do Mearim,30805
2,Nordeste,21,Maranhão,2113009,Vitorino Freire,211300905,Vitorino Freire,30845
2,Nordeste,21,Maranhão,2114007,Zé Doca,211400705,Zé Doca,40801
2,Nordeste,22,Piauí,2200053,Acauã,220005305,Acauã,6420
2,Nordeste,22,Piauí,2200103,Agricolândia,220010305,Agricolândia,4940
2,Nordeste,22,Piauí,2200202,Água Branca,220020205,Água Branca,17573
2,Nordeste,22,Piauí,2200251,Alagoinha do Piauí,220025105,Alagoinha do Piauí,6819
2,Nordeste,22,Piauí,2200277,Alegrete do Piauí,220027705,Alegrete do Piauí,4634
2,Nordeste,22,Piauí,2200301,Alto Longá,220030105,Alto Longá,13479
2,Nordeste,22,Piauí,2200400,Altos,220040005,Altos,47453
2,Nordeste,22,Piauí,2200459,Alvorada do Gurguéia,220045905,Alvorada do Gurguéia,5322
2,Nordeste,22,Piauí,2200509,Amarante,220050905,Amarante,17234
2,Nordeste,22,Piauí,2200608,Angical do Piauí,220060805,Angical do Piauí,6827
2,Nordeste,22,Piauí,2200707,Anísio de Abreu,220070705,Anísio de Abreu,9407
2,Nordeste,22,Piauí,2200806,Antônio Almeida,220080605,Antônio Almeida,3152
2,Nordeste,22,Piauí,2200905,Aroazes,220090505,Aroazes,5369
2,Nordeste,22,Piauí,2200954,Aroeiras do Itaim,220095405,Aroeiras do Itaim,2690
2,Nordeste,22,Piauí,2201002,Arraial,220100205,Arraial,4520
2,Nordeste,22,Piauí,2201051,Assunção do Piauí,220105105,Assunção do Piauí,7452
2,Nordeste,22,Piauí,2201101,Avelino Lopes,220110105,Avelino Lopes,10866
2,Nordeste,22,Piauí,2201150,Baixa Grande do Ribeiro,220115005,Baixa Grande do Ribeiro,13272
2,Nordeste,22,Piauí,2201176,Barra D'Alcântara,220117605,Barra D'Alcântara,3995
2,Nordeste,22,Piauí,2201200,Barras,220120005,Barras,47938
2,Nordeste,22,Piauí,2201309,Barreiras do Piauí,220130905,Barreiras do Piauí,3264
2,Nordeste,22,Piauí,2201408,Barro Duro,220140805,Barro Duro,6640
2,Nordeste,22,Piauí,2201507,Batalha,220150705,Batalha,26300
2,Nordeste,22,Piauí,2201556,Bela Vista do Piauí,220155605,Bela Vista do Piauí,4091
2,Nordeste,22,Piauí,2201572,Belém do Piauí,220157205,Belém do Piauí,3423
2,Nordeste,22,Piauí,2201606,Beneditinos,220160605,Beneditinos,9929
2,Nordeste,22,Piauí,2201705,Bertolínia,220170505,Bertolínia,5562
2,Nordeste,22,Piauí,2201739,Betânia do Piauí,220173905,Betânia do Piauí,6220
2,Nordeste,22,Piauí,2201770,Boa Hora,220177005,Boa Hora,6902
2,Nordeste,22,Piauí,2201804,Bocaina,220180405,Bocaina,4078
2,Nordeste,22,Piauí,2201903,Bom Jesus,220190305,Bom Jesus,28796
2,Nordeste,22,Piauí,2201919,Bom Princípio do Piauí,220191905,Bom Princípio do Piauí,5636
2,Nordeste,22,Piauí,2201929,Bonfim do Piauí,220192905,Bonfim do Piauí,5913
2,Nordeste,22,Piauí,2201945,Boqueirão do Piauí,220194505,Boqueirão do Piauí,6545
2,Nordeste,22,Piauí,2201960,Brasileira,220196005,Brasileira,8436
2,Nordeste,22,Piauí,2201988,Brejo do Piauí,220198805,Brejo do Piauí,3904
2,Nordeste,22,Piauí,2202000,Buriti dos Lopes,220200005,Buriti dos Lopes,19654
2,Nordeste,22,Piauí,2202026,Buriti dos Montes,220202605,Buriti dos Montes,7434
2,Nordeste,22,Piauí,2202059,Cabeceiras do Piauí,220205905,Cabeceiras do Piauí,10212
2,Nordeste,22,Piauí,2202075,Cajazeiras do Piauí,220207505,Cajazeiras do Piauí,3108
2,Nordeste,22,Piauí,2202083,Cajueiro da Praia,220208305,Cajueiro da Praia,7957
2,Nordeste,22,Piauí,2202091,Caldeirão Grande do Piauí,220209105,Caldeirão Grande do Piauí,5503
2,Nordeste,22,Piauí,2202109,Campinas do Piauí,220210905,Campinas do Piauí,4938
2,Nordeste,22,Piauí,2202117,Campo Alegre do Fidalgo,220211705,Campo Alegre do Fidalgo,4616
2,Nordeste,22,Piauí,2202133,Campo Grande do Piauí,220213305,Campo Grande do Piauí,6020
2,Nordeste,22,Piauí,2202174,Campo Largo do Piauí,220217405,Campo Largo do Piauí,7419
2,Nordeste,22,Piauí,2202208,Campo Maior,220220805,Campo Maior,45793
2,Nordeste,22,Piauí,2202251,Canavieira,220225105,Canavieira,3414
2,Nordeste,22,Piauí,2202307,Canto do Buriti,220230705,Canto do Buriti,19365
2,Nordeste,22,Piauí,2202406,Capitão de Campos,220240605,Capitão de Campos,11100
2,Nordeste,22,Piauí,2202455,Capitão Gervásio Oliveira,220245505,Capitão Gervásio Oliveira,3974
2,Nordeste,22,Piauí,2202505,Caracol,220250505,Caracol,10318
2,Nordeste,22,Piauí,2202539,Caraúbas do Piauí,220253905,Caraúbas do Piauí,5630
2,Nordeste,22,Piauí,2202554,Caridade do Piauí,220255405,Caridade do Piauí,5033
2,Nordeste,22,Piauí,2202604,Castelo do Piauí,220260405,Castelo do Piauí,19288
2,Nordeste,22,Piauí,2202653,Caxingó,220265305,Caxingó,5496
2,Nordeste,22,Piauí,2202703,Cocal,220270305,Cocal,28212
2,Nordeste,22,Piauí,2202711,Cocal de Telha,220271105,Cocal de Telha,4911
2,Nordeste,22,Piauí,2202729,Cocal dos Alves,220272905,Cocal dos Alves,6386
2,Nordeste,22,Piauí,2202737,Coivaras,220273705,Coivaras,4117
2,Nordeste,22,Piauí,2202752,Colônia do Gurguéia,220275205,Colônia do Gurguéia,6150
2,Nordeste,22,Piauí,2202778,Colônia do Piauí,220277805,Colônia do Piauí,6994
2,Nordeste,22,Piauí,2202802,Conceição do Canindé,220280205,Conceição do Canindé,4932
2,Nordeste,22,Piauí,2202851,Coronel José Dias,220285105,Coronel José Dias,4250
2,Nordeste,22,Piauí,2202901,Corrente,220290105,Corrente,27278
2,Nordeste,22,Piauí,2203008,Cristalândia do Piauí,220300805,Cristalândia do Piauí,7356
2,Nordeste,22,Piauí,2203107,Cristino Castro,220310705,Cristino Castro,10503
2,Nordeste,22,Piauí,2203206,Curimatá,220320605,Curimatá,11270
2,Nordeste,22,Piauí,2203230,Currais,220323005,Currais,4854
2,Nordeste,22,Piauí,2203255,Curralinhos,220325505,Curralinhos,4413
2,Nordeste,22,Piauí,2203271,Curral Novo do Piauí,220327105,Curral Novo do Piauí,5073
2,Nordeste,22,Piauí,2203305,Demerval Lobão,220330505,Demerval Lobão,16352
2,Nordeste,22,Piauí,2203354,Dirceu Arcoverde,220335405,Dirceu Arcoverde,7054
2,Nordeste,22,Piauí,2203404,Dom Expedito Lopes,220340405,Dom Expedito Lopes,6320
2,Nordeste,22,Piauí,2203420,Domingos Mourão,220342005,Domingos Mourão,4075
2,Nordeste,22,Piauí,2203453,Dom Inocêncio,220345305,Dom Inocêncio,9159
2,Nordeste,22,Piauí,2203503,Elesbão Veloso,220350305,Elesbão Veloso,13607
2,Nordeste,22,Piauí,2203602,Eliseu Martins,220360205,Eliseu Martins,4377
2,Nordeste,22,Piauí,2203701,Esperantina,220370105,Esperantina,40970
2,Nordeste,22,Piauí,2203750,Fartura do Piauí,220375005,Fartura do Piauí,5284
2,Nordeste,22,Piauí,2203800,Flores do Piauí,220380005,Flores do Piauí,4414
2,Nordeste,22,Piauí,2203859,Floresta do Piauí,220385905,Floresta do Piauí,2333
2,Nordeste,22,Piauí,2203909,Floriano,220390905,Floriano,62036
2,Nordeste,22,Piauí,2204006,Francinópolis,220400605,Francinópolis,4505
2,Nordeste,22,Piauí,2204105,Francisco Ayres,220410505,Francisco Ayres,4412
2,Nordeste,22,Piauí,2204154,Francisco Macedo,220415405,Francisco Macedo,2929
2,Nordeste,22,Piauí,2204204,Francisco Santos,220420405,Francisco Santos,8237
2,Nordeste,22,Piauí,2204303,Fronteiras,220430305,Fronteiras,10259
2,Nordeste,22,Piauí,2204352,Geminiano,220435205,Geminiano,5445
2,Nordeste,22,Piauí,2204402,Gilbués,220440205,Gilbués,10892
2,Nordeste,22,Piauí,2204501,Guadalupe,220450105,Guadalupe,10270
2,Nordeste,22,Piauí,2204550,Guaribas,220455005,Guaribas,4276
2,Nordeste,22,Piauí,2204600,Hugo Napoleão,220460005,Hugo Napoleão,3518
2,Nordeste,22,Piauí,2204659,Ilha Grande,220465905,Ilha Grande,9274
2,Nordeste,22,Piauí,2204709,Inhuma,220470905,Inhuma,14958
2,Nordeste,22,Piauí,2204808,Ipiranga do Piauí,220480805,Ipiranga do Piauí,9420
2,Nordeste,22,Piauí,2204907,Isaías Coelho,220490705,Isaías Coelho,7774
2,Nordeste,22,Piauí,2205003,Itainópolis,220500305,Itainópolis,10790
2,Nordeste,22,Piauí,2205102,Itaueira,220510205,Itaueira,10323
2,Nordeste,22,Piauí,2205151,Jacobina do Piauí,220515105,Jacobina do Piauí,5613
2,Nordeste,22,Piauí,2205201,Jaicós,220520105,Jaicós,17527
2,Nordeste,22,Piauí,2205250,Jardim do Mulato,220525005,Jardim do Mulato,4180
2,Nordeste,22,Piauí,2205276,Jatobá do Piauí,220527605,Jatobá do Piauí,4494
2,Nordeste,22,Piauí,2205300,Jerumenha,220530005,Jerumenha,4497
2,Nordeste,22,Piauí,2205359,João Costa,220535905,João Costa,2970
2,Nordeste,22,Piauí,2205409,Joaquim Pires,220540905,Joaquim Pires,13886
2,Nordeste,22,Piauí,2205458,Joca Marques,220545805,Joca Marques,5394
2,Nordeste,22,Piauí,2205508,José de Freitas,220550805,José de Freitas,42559
2,Nordeste,22,Piauí,2205516,Juazeiro do Piauí,220551605,Juazeiro do Piauí,5214
2,Nordeste,22,Piauí,2205524,Júlio Borges,220552405,Júlio Borges,5388
2,Nordeste,22,Piauí,2205532,Jurema,220553205,Jurema,4425
2,Nordeste,22,Piauí,2205540,Lagoinha do Piauí,220554005,Lagoinha do Piauí,2939
2,Nordeste,22,Piauí,2205557,Lagoa Alegre,220555705,Lagoa Alegre,8256
2,Nordeste,22,Piauí,2205565,Lagoa do Barro do Piauí,220556505,Lagoa do Barro do Piauí,4995
2,Nordeste,22,Piauí,2205573,Lagoa de São Francisco,220557305,Lagoa de São Francisco,6331
2,Nordeste,22,Piauí,2205581,Lagoa do Piauí,220558105,Lagoa do Piauí,4810
2,Nordeste,22,Piauí,2205599,Lagoa do Sítio,220559905,Lagoa do Sítio,4520
2,Nordeste,22,Piauí,2205607,Landri Sales,220560705,Landri Sales,5213
2,Nordeste,22,Piauí,2205706,Luís Correia,220570605,Luiz Correia,30641
2,Nordeste,22,Piauí,2205805,Luzilândia,220580505,Luzilândia,25375
2,Nordeste,22,Piauí,2205854,Madeiro,220585405,Madeiro,8032
2,Nordeste,22,Piauí,2205904,Manoel Emídio,220590405,Manoel Emídio,5209
2,Nordeste,22,Piauí,2205953,Marcolândia,220595305,Marcolândia,8533
2,Nordeste,22,Piauí,2206001,Marcos Parente,220600105,Marcos Parente,4724
2,Nordeste,22,Piauí,2206050,Massapê do Piauí,220605005,Massapê do Piauí,5218
2,Nordeste,22,Piauí,2206100,Matias Olímpio,220610005,Matias Olímpio,10641
2,Nordeste,22,Piauí,2206209,Miguel Alves,220620905,Miguel Alves,32150
2,Nordeste,22,Piauí,2206308,Miguel Leão,220630805,Miguel Leão,1318
2,Nordeste,22,Piauí,2206357,Milton Brandão,220635705,Milton Brandão,6542
2,Nordeste,22,Piauí,2206407,Monsenhor Gil,220640705,Monsenhor Gil,10255
2,Nordeste,22,Piauí,2206506,Monsenhor Hipólito,220650605,Monsenhor Hipólito,7577
2,Nordeste,22,Piauí,2206605,Monte Alegre do Piauí,220660505,Monte Alegre do Piauí,10660
2,Nordeste,22,Piauí,2206654,Morro Cabeça no Tempo,220665405,Morro Cabeça no Tempo,4377
2,Nordeste,22,Piauí,2206670,Morro do Chapéu do Piauí,220667005,Morro do Chapéu do Piauí,6425
2,Nordeste,22,Piauí,2206696,Murici dos Portelas,220669605,Murici dos Portelas,9797
2,Nordeste,22,Piauí,2206704,Nazaré do Piauí,220670405,Nazaré do Piauí,6665
2,Nordeste,22,Piauí,2206720,Nazária,220672005,Nazária,10262
2,Nordeste,22,Piauí,2206753,Nossa Senhora de Nazaré,220675305,Nossa Senhora de Nazaré,5228
2,Nordeste,22,Piauí,2206803,Nossa Senhora dos Remédios,220680305,Nossa Senhora dos Remédios,8525
2,Nordeste,22,Piauí,2206902,Novo Oriente do Piauí,220690205,Novo Oriente do Piauí,6097
2,Nordeste,22,Piauí,2206951,Novo Santo Antônio,220695105,Novo Santo Antônio,2827
2,Nordeste,22,Piauí,2207009,Oeiras,220700905,Oeiras,38161
2,Nordeste,22,Piauí,2207108,Olho D'Água do Piauí,220710805,Olho D'Água do Piauí,2637
2,Nordeste,22,Piauí,2207207,Padre Marcos,220720705,Padre Marcos,6382
2,Nordeste,22,Piauí,2207306,Paes Landim,220730605,Paes Landim,4088
2,Nordeste,22,Piauí,2207355,Pajeú do Piauí,220735505,Pajeú do Piauí,3000
2,Nordeste,22,Piauí,2207405,Palmeira do Piauí,220740505,Palmeira do Piauí,4952
2,Nordeste,22,Piauí,2207504,Palmeirais,220750405,Palmeirais,13264
2,Nordeste,22,Piauí,2207553,Paquetá,220755305,Paquetá,3813
2,Nordeste,22,Piauí,2207603,Parnaguá,220760305,Parnaguá,10103
2,Nordeste,22,Piauí,2207702,Parnaíba,220770205,Parnaíba,162159
2,Nordeste,22,Piauí,2207751,Passagem Franca do Piauí,220775105,Passagem Franca do Piauí,4135
2,Nordeste,22,Piauí,2207777,Patos do Piauí,220777705,Patos do Piauí,5425
2,Nordeste,22,Piauí,2207793,Pau D'Arco do Piauí,220779305,Pau D'Arco do Piauí,3880
2,Nordeste,22,Piauí,2207801,Paulistana,220780105,Paulistana,21055
2,Nordeste,22,Piauí,2207850,Pavussu,220785005,Pavussu,3628
2,Nordeste,22,Piauí,2207900,Pedro II,220790005,Pedro II,37894
2,Nordeste,22,Piauí,2207934,Pedro Laurentino,220793405,Pedro Laurentino,2458
2,Nordeste,22,Piauí,2207959,Nova Santa Rita,220795905,Nova Santa Rita,4076
2,Nordeste,22,Piauí,2208007,Picos,220800705,Picos,83090
2,Nordeste,22,Piauí,2208106,Pimenteiras,220810605,Pimenteiras,11341
2,Nordeste,22,Piauí,2208205,Pio IX,220820505,Pio IX,17613
2,Nordeste,22,Piauí,2208304,Piracuruca,220830405,Piracuruca,28846
2,Nordeste,22,Piauí,2208403,Piripiri,220840305,Piripiri,65538
2,Nordeste,22,Piauí,2208502,Porto,220850205,Porto,12052
2,Nordeste,22,Piauí,2208551,Porto Alegre do Piauí,220855105,Porto Alegre do Piauí,2364
2,Nordeste,22,Piauí,2208601,Prata do Piauí,220860105,Prata do Piauí,3042
2,Nordeste,22,Piauí,2208650,Queimada Nova,220865005,Queimada Nova,8738
2,Nordeste,22,Piauí,2208700,Redenção do Gurguéia,220870005,Redenção do Gurguéia,8394
2,Nordeste,22,Piauí,2208809,Regeneração,220880905,Regeneração,17133
2,Nordeste,22,Piauí,2208858,Riacho Frio,220885805,Riacho Frio,4165
2,Nordeste,22,Piauí,2208874,Ribeira do Piauí,220887405,Ribeira do Piauí,4055
2,Nordeste,22,Piauí,2208908,Ribeiro Gonçalves,220890805,Ribeiro Gonçalves,6164
2,Nordeste,22,Piauí,2209005,Rio Grande do Piauí,220900505,Rio Grande do Piauí,5801
2,Nordeste,22,Piauí,2209104,Santa Cruz do Piauí,220910405,Santa Cruz do Piauí,5831
2,Nordeste,22,Piauí,2209153,Santa Cruz dos Milagres,220915305,Santa Cruz dos Milagres,3435
2,Nordeste,22,Piauí,2209203,Santa Filomena,220920305,Santa Filomena,6087
2,Nordeste,22,Piauí,2209302,Santa Luz,220930205,Santa Luz,5336
2,Nordeste,22,Piauí,2209351,Santana do Piauí,220935105,Santana do Piauí,4125
2,Nordeste,22,Piauí,2209377,Santa Rosa do Piauí,220937705,Santa Rosa do Piauí,4650
2,Nordeste,22,Piauí,2209401,Santo Antônio de Lisboa,220940105,Santo Antônio de Lisboa,5839
2,Nordeste,22,Piauí,2209450,Santo Antônio dos Milagres,220945005,Santo Antônio dos Milagres,2138
2,Nordeste,22,Piauí,2209500,Santo Inácio do Piauí,220950005,Santo Inácio do Piauí,3646
2,Nordeste,22,Piauí,2209559,São Braz do Piauí,220955905,São Braz do Piauí,4358
2,Nordeste,22,Piauí,2209609,São Félix do Piauí,220960905,São Félix do Piauí,2842
2,Nordeste,22,Piauí,2209658,São Francisco de Assis do Piauí,220965805,São Francisco de Assis do Piauí,5572
2,Nordeste,22,Piauí,2209708,São Francisco do Piauí,220970805,São Francisco do Piauí,5392
2,Nordeste,22,Piauí,2209757,São Gonçalo do Gurguéia,220975705,São Gonçalo do Gurguéia,2947
2,Nordeste,22,Piauí,2209807,São Gonçalo do Piauí,220980705,São Gonçalo do Piauí,4837
2,Nordeste,22,Piauí,2209856,São João da Canabrava,220985605,São João da Canabrava,4242
2,Nordeste,22,Piauí,2209872,São João da Fronteira,220987205,São João da Fronteira,5522
2,Nordeste,22,Piauí,2209906,São João da Serra,220990605,São João da Serra,6114
2,Nordeste,22,Piauí,2209955,São João da Varjota,220995505,São João da Varjota,4383
2,Nordeste,22,Piauí,2209971,São João do Arraial,220997105,São João do Arraial,8186
2,Nordeste,22,Piauí,2210003,São João do Piauí,221000305,São João do Piauí,21421
2,Nordeste,22,Piauí,2210052,São José do Divino,221005205,São José do Divino,4841
2,Nordeste,22,Piauí,2210102,São José do Peixe,221010205,São José do Peixe,3297
2,Nordeste,22,Piauí,2210201,São José do Piauí,221020105,São José do Piauí,6597
2,Nordeste,22,Piauí,2210300,São Julião,221030005,São Julião,6025
2,Nordeste,22,Piauí,2210359,São Lourenço do Piauí,221035905,São Lourenço do Piauí,4410
2,Nordeste,22,Piauí,2210375,São Luis do Piauí,221037505,São Luis do Piauí,2309
2,Nordeste,22,Piauí,2210383,São Miguel da Baixa Grande,221038305,São Miguel da Baixa Grande,2269
2,Nordeste,22,Piauí,2210391,São Miguel do Fidalgo,221039105,São Miguel do Fidalgo,2829
2,Nordeste,22,Piauí,2210409,São Miguel do Tapuio,221040905,São Miguel do Tapuio,17554
2,Nordeste,22,Piauí,2210508,São Pedro do Piauí,221050805,São Pedro do Piauí,13755
2,Nordeste,22,Piauí,2210607,São Raimundo Nonato,221060705,São Raimundo Nonato,38934
2,Nordeste,22,Piauí,2210623,Sebastião Barros,221062305,Sebastião Barros,3202
2,Nordeste,22,Piauí,2210631,Sebastião Leal,221063105,Sebastião Leal,4446
2,Nordeste,22,Piauí,2210656,Sigefredo Pacheco,221065605,Sigefredo Pacheco,9460
2,Nordeste,22,Piauí,2210706,Simões,221070605,Simões,14350
2,Nordeste,22,Piauí,2210805,Simplício Mendes,221080505,Simplício Mendes,13870
2,Nordeste,22,Piauí,2210904,Socorro do Piauí,221090405,Socorro do Piauí,4141
2,Nordeste,22,Piauí,2210938,Sussuapara,221093805,Sussuapara,6220
2,Nordeste,22,Piauí,2210953,Tamboril do Piauí,221095305,Tamboril do Piauí,2949
2,Nordeste,22,Piauí,2210979,Tanque do Piauí,221097905,Tanque do Piauí,2316
2,Nordeste,22,Piauí,2211001,Teresina,221100105,Teresina,866300
2,Nordeste,22,Piauí,2211100,União,221110005,União,46119
2,Nordeste,22,Piauí,2211209,Uruçuí,221120905,Uruçuí,25203
2,Nordeste,22,Piauí,2211308,Valença do Piauí,221130805,Valença do Piauí,22279
2,Nordeste,22,Piauí,2211357,Várzea Branca,221135705,Várzea Branca,5055
2,Nordeste,22,Piauí,2211407,Várzea Grande,221140705,Várzea Grande,4417
2,Nordeste,22,Piauí,2211506,Vera Mendes,221150605,Vera Mendes,3185
2,Nordeste,22,Piauí,2211605,Vila Nova do Piauí,221160505,Vila Nova do Piauí,2935
2,Nordeste,22,Piauí,2211704,Wall Ferraz,221170405,Wall Ferraz,4059
2,Nordeste,23,Ceará,2300101,Abaiara,230010105,Abaiara,5846
2,Nordeste,23,Ceará,2300101,Abaiara,230010120,São José,1744
2,Nordeste,23,Ceará,2300101,Abaiara,230010125,Oitis,508
2,Nordeste,23,Ceará,2300101,Abaiara,230010130,Triângulo,873
2,Nordeste,23,Ceará,2300101,Abaiara,230010135,Olho D'Água de Pedras,1067
2,Nordeste,23,Ceará,2300150,Acarape,230015005,Acarape,14027
2,Nordeste,23,Ceará,2300200,Acaraú,230020005,Acaraú,38891
2,Nordeste,23,Ceará,2300200,Acaraú,230020010,Aranaú,10131
2,Nordeste,23,Ceará,2300200,Acaraú,230020030,Juritianha,13118
2,Nordeste,23,Ceará,2300200,Acaraú,230020040,Lagoa do Carneiro,3124
2,Nordeste,23,Ceará,2300309,Acopiara,230030905,Acopiara,26369
2,Nordeste,23,Ceará,2300309,Acopiara,230030907,Barra do Ingá,1549
2,Nordeste,23,Ceará,2300309,Acopiara,230030910,Ebron,950
2,Nordeste,23,Ceará,2300309,Acopiara,230030915,Isidoro,1617
2,Nordeste,23,Ceará,2300309,Acopiara,230030920,Quincoê,1346
2,Nordeste,23,Ceará,2300309,Acopiara,230030925,Santa Felícia,3722
2,Nordeste,23,Ceará,2300309,Acopiara,230030930,Santo Antônio,2487
2,Nordeste,23,Ceará,2300309,Acopiara,230030931,São Paulinho,1972
2,Nordeste,23,Ceará,2300309,Acopiara,230030933,Solidão,798
2,Nordeste,23,Ceará,2300309,Acopiara,230030935,Trussu,4152
2,Nordeste,23,Ceará,2300408,Aiuaba,230040805,Aiuaba,9405
2,Nordeste,23,Ceará,2300408,Aiuaba,230040810,Barra,4671
2,Nordeste,23,Ceará,2300507,Alcântaras,230050705,Alcântaras,10244
2,Nordeste,23,Ceará,2300507,Alcântaras,230050710,Ventura,1125
2,Nordeste,23,Ceará,2300606,Altaneira,230060605,Altaneira,6314
2,Nordeste,23,Ceará,2300606,Altaneira,230060610,São Romão,468
2,Nordeste,23,Ceará,2300705,Alto Santo,230070505,Alto Santo,8215
2,Nordeste,23,Ceará,2300705,Alto Santo,230070508,Baixio Grande,1535
2,Nordeste,23,Ceará,2300705,Alto Santo,230070510,Castanhão,925
2,Nordeste,23,Ceará,2300705,Alto Santo,230070512,Batoque,1242
2,Nordeste,23,Ceará,2300705,Alto Santo,230070515,Boa Fé,734
2,Nordeste,23,Ceará,2300705,Alto Santo,230070520,Bom Jesus,583
2,Nordeste,23,Ceará,2300705,Alto Santo,230070525,Cabrito,921
2,Nordeste,23,Ceará,2300754,Amontada,230075405,Amontada,15597
2,Nordeste,23,Ceará,2300754,Amontada,230075410,Aracatiara,3024
2,Nordeste,23,Ceará,2300754,Amontada,230075412,Garças,4401
2,Nordeste,23,Ceará,2300754,Amontada,230075415,Icaraí,5052
2,Nordeste,23,Ceará,2300754,Amontada,230075420,Lagoa Grande,1224
2,Nordeste,23,Ceará,2300754,Amontada,230075425,Moitas,3059
2,Nordeste,23,Ceará,2300754,Amontada,230075428,Mosquito,2140
2,Nordeste,23,Ceará,2300754,Amontada,230075430,Nascente,1374
2,Nordeste,23,Ceará,2300754,Amontada,230075435,Poço Comprido,357
2,Nordeste,23,Ceará,2300754,Amontada,230075440,Sabiaguaba,5928
2,Nordeste,23,Ceará,2300804,Antonina do Norte,230080405,Antonina do Norte,6597
2,Nordeste,23,Ceará,2300804,Antonina do Norte,230080410,Taboleiro,648
2,Nordeste,23,Ceará,2300903,Apuiarés,230090305,Apuiarés,9942
2,Nordeste,23,Ceará,2300903,Apuiarés,230090310,Canafístula,1477
2,Nordeste,23,Ceará,2300903,Apuiarés,230090315,Vila Soares,1509
2,Nordeste,23,Ceará,2301000,Aquiraz,230100005,Aquiraz,32194
2,Nordeste,23,Ceará,2301000,Aquiraz,230100007,Camará,9822
2,Nordeste,23,Ceará,2301000,Aquiraz,230100008,Caponga da Bernarda,2279
2,Nordeste,23,Ceará,2301000,Aquiraz,230100015,Jacaúna,6222
2,Nordeste,23,Ceará,2301000,Aquiraz,230100017,João de Castro,5950
2,Nordeste,23,Ceará,2301000,Aquiraz,230100020,Justiniano de Serpa,8818
2,Nordeste,23,Ceará,2301000,Aquiraz,230100025,Patacas,5518
2,Nordeste,23,Ceará,2301000,Aquiraz,230100030,Tapera,9842
2,Nordeste,23,Ceará,2301109,Aracati,230110905,Aracati,61015
2,Nordeste,23,Ceará,2301109,Aracati,230110907,Barreira dos Vianas,3432
2,Nordeste,23,Ceará,2301109,Aracati,230110910,Cabreiro,1037
2,Nordeste,23,Ceará,2301109,Aracati,230110916,Córrego dos Fernandes,2176
2,Nordeste,23,Ceará,2301109,Aracati,230110924,Jirau,1192
2,Nordeste,23,Ceará,2301109,Aracati,230110935,Mata Fresca,4346
2,Nordeste,23,Ceará,2301109,Aracati,230110940,Santa Tereza,1915
2,Nordeste,23,Ceará,2301208,Aracoiaba,230120805,Aracoiaba,12551
2,Nordeste,23,Ceará,2301208,Aracoiaba,230120815,Ideal,4091
2,Nordeste,23,Ceará,2301208,Aracoiaba,230120816,Jaguarão,1067
2,Nordeste,23,Ceará,2301208,Aracoiaba,230120817,Jenipapeiro,1093
2,Nordeste,23,Ceará,2301208,Aracoiaba,230120819,Lagoa de São João,1473
2,Nordeste,23,Ceará,2301208,Aracoiaba,230120821,Milton Belo,2414
2,Nordeste,23,Ceará,2301208,Aracoiaba,230120823,Pedra Branca,295
2,Nordeste,23,Ceará,2301208,Aracoiaba,230120824,Plácido Martins,815
2,Nordeste,23,Ceará,2301208,Aracoiaba,230120825,Vazantes,1754
2,Nordeste,23,Ceará,2301257,Ararendá,230125705,Ararendá,7658
2,Nordeste,23,Ceará,2301257,Ararendá,230125715,Santo Antonio,2237
2,Nordeste,23,Ceará,2301257,Ararendá,230125720,Ramadinha,1201
2,Nordeste,23,Ceará,2301307,Araripe,230130705,Araripe,11145
2,Nordeste,23,Ceará,2301307,Araripe,230130710,Alagoinha,1957
2,Nordeste,23,Ceará,2301307,Araripe,230130715,Brejinho,2120
2,Nordeste,23,Ceará,2301307,Araripe,230130720,Pajeú,2897
2,Nordeste,23,Ceará,2301307,Araripe,230130725,Riacho Grande,1664
2,Nordeste,23,Ceará,2301406,Aratuba,230140605,Aratuba,9552
2,Nordeste,23,Ceará,2301406,Aratuba,230140620,Pai João,1672
2,Nordeste,23,Ceará,2301505,Arneiroz,230150505,Arneiroz,4109
2,Nordeste,23,Ceará,2301505,Arneiroz,230150510,Cachoeira de Fora,1446
2,Nordeste,23,Ceará,2301505,Arneiroz,230150520,Planalto,1303
2,Nordeste,23,Ceará,2301505,Arneiroz,230150525,Novo Horizonte,571
2,Nordeste,23,Ceará,2301604,Assaré,230160405,Assaré,15596
2,Nordeste,23,Ceará,2301604,Assaré,230160410,Amaro,1407
2,Nordeste,23,Ceará,2301604,Assaré,230160415,Aratama,2338
2,Nordeste,23,Ceará,2301604,Assaré,230160425,Genezaré,1539
2,Nordeste,23,Ceará,2301604,Assaré,230160430,Cajazeiras dos Simiões,817
2,Nordeste,23,Ceará,2301703,Aurora,230170305,Aurora,15738
2,Nordeste,23,Ceará,2301703,Aurora,230170310,Ingazeiras,3674
2,Nordeste,23,Ceará,2301703,Aurora,230170312,Santa Vitória,1638
2,Nordeste,23,Ceará,2301703,Aurora,230170315,Tipi,1335
2,Nordeste,23,Ceará,2301703,Aurora,230170320,Cachoeira,1329
2,Nordeste,23,Ceará,2301802,Baixio,230180205,Baixio,5704
2,Nordeste,23,Ceará,2301851,Banabuiú,230185105,Banabuiú,11136
2,Nordeste,23,Ceará,2301851,Banabuiú,230185112,Laranjeiras,762
2,Nordeste,23,Ceará,2301851,Banabuiú,230185114,Pedras Brancas,867
2,Nordeste,23,Ceará,2301851,Banabuiú,230185115,Rinaré,2174
2,Nordeste,23,Ceará,2301851,Banabuiú,230185120,Sitiá,2256
2,Nordeste,23,Ceará,2301901,Barbalha,230190105,Barbalha,61662
2,Nordeste,23,Ceará,2301901,Barbalha,230190110,Arajara,5579
2,Nordeste,23,Ceará,2301901,Barbalha,230190112,Caldas,4686
2,Nordeste,23,Ceará,2301901,Barbalha,230190115,Estrela,3106
2,Nordeste,23,Ceará,2301950,Barreira,230195005,Barreira,12437
2,Nordeste,23,Ceará,2301950,Barreira,230195010,Córrego,5255
2,Nordeste,23,Ceará,2301950,Barreira,230195015,Lagoa do Barro,1959
2,Nordeste,23,Ceará,2301950,Barreira,230195025,Lagoa Grande,2741
2,Nordeste,23,Ceará,2302008,Barro,230200805,Barro,12017
2,Nordeste,23,Ceará,2302008,Barro,230200808,Brejinho,254
2,Nordeste,23,Ceará,2302008,Barro,230200810,Cuncas,2177
2,Nordeste,23,Ceará,2302008,Barro,230200812,Engenho Velho,453
2,Nordeste,23,Ceará,2302008,Barro,230200815,Iara,1936
2,Nordeste,23,Ceará,2302008,Barro,230200817,Monte Alegre,695
2,Nordeste,23,Ceará,2302008,Barro,230200820,Santo Antônio,787
2,Nordeste,23,Ceará,2302008,Barro,230200825,Serrota,371
2,Nordeste,23,Ceará,2302008,Barro,230200830,Riachão,691
2,Nordeste,23,Ceará,2302057,Barroquinha,230205705,Barroquinha,6614
2,Nordeste,23,Ceará,2302057,Barroquinha,230205710,Araras,3549
2,Nordeste,23,Ceará,2302057,Barroquinha,230205715,Bitupitá,4404
2,Nordeste,23,Ceará,2302107,Baturité,230210705,Baturité,32449
2,Nordeste,23,Ceará,2302107,Baturité,230210710,Boa Vista,992
2,Nordeste,23,Ceará,2302107,Baturité,230210740,São Sebastião,1777
2,Nordeste,23,Ceará,2302206,Beberibe,230220605,Beberibe,22345
2,Nordeste,23,Ceará,2302206,Beberibe,230220608,Forquilha,2531
2,Nordeste,23,Ceará,2302206,Beberibe,230220610,Itapeim,2053
2,Nordeste,23,Ceará,2302206,Beberibe,230220615,Parajuru,4343
2,Nordeste,23,Ceará,2302206,Beberibe,230220620,Paripueira,6631
2,Nordeste,23,Ceará,2302206,Beberibe,230220622,Serra do Félix,4269
2,Nordeste,23,Ceará,2302206,Beberibe,230220625,Sucatinga,10942
2,Nordeste,23,Ceará,2302305,Bela Cruz,230230505,Bela Cruz,25410
2,Nordeste,23,Ceará,2302305,Bela Cruz,230230510,Prata,7365
2,Nordeste,23,Ceará,2302404,Boa Viagem,230240405,Boa Viagem,33386
2,Nordeste,23,Ceará,2302404,Boa Viagem,230240407,Águas Belas,1104
2,Nordeste,23,Ceará,2302404,Boa Viagem,230240408,Boqueirão,1197
2,Nordeste,23,Ceará,2302404,Boa Viagem,230240410,Domingos da Costa,3994
2,Nordeste,23,Ceará,2302404,Boa Viagem,230240415,Guia,1715
2,Nordeste,23,Ceará,2302404,Boa Viagem,230240420,Ibuaçu,1248
2,Nordeste,23,Ceará,2302404,Boa Viagem,230240422,Ipiranga,2441
2,Nordeste,23,Ceará,2302404,Boa Viagem,230240425,Jacampari,559
2,Nordeste,23,Ceará,2302404,Boa Viagem,230240430,Massapê dos Paes,772
2,Nordeste,23,Ceará,2302404,Boa Viagem,230240431,Olho D'Água do Bezerril,839
2,Nordeste,23,Ceará,2302404,Boa Viagem,230240432,Olho d'Água dos Facundos,1068
2,Nordeste,23,Ceará,2302404,Boa Viagem,230240435,Poço da Pedra,931
2,Nordeste,23,Ceará,2302404,Boa Viagem,230240440,Várzea da Ipueira,1157
2,Nordeste,23,Ceará,2302503,Brejo Santo,230250305,Brejo Santo,47006
2,Nordeste,23,Ceará,2302503,Brejo Santo,230250310,Poço,1351
2,Nordeste,23,Ceará,2302503,Brejo Santo,230250315,São Filipe,2733
2,Nordeste,23,Ceará,2302602,Camocim,230260205,Camocim,56474
2,Nordeste,23,Ceará,2302602,Camocim,230260210,Amarelas,1731
2,Nordeste,23,Ceará,2302602,Camocim,230260225,Guriú,4121
2,Nordeste,23,Ceará,2302701,Campos Sales,230270105,Campos Sales,18272
2,Nordeste,23,Ceará,2302701,Campos Sales,230270110,Barão de Aquiraz,586
2,Nordeste,23,Ceará,2302701,Campos Sales,230270115,Carmelópolis,2770
2,Nordeste,23,Ceará,2302701,Campos Sales,230270120,Itaguá,873
2,Nordeste,23,Ceará,2302701,Campos Sales,230270123,Monte Castelo,526
2,Nordeste,23,Ceará,2302701,Campos Sales,230270125,Quixariú,1028
2,Nordeste,23,Ceará,2302701,Campos Sales,230270135,Poço das Pedras,1080
2,Nordeste,23,Ceará,2302800,Canindé,230280005,Canindé,53413
2,Nordeste,23,Ceará,2302800,Canindé,230280010,Bonito,1734
2,Nordeste,23,Ceará,2302800,Canindé,230280011,Campos,1824
2,Nordeste,23,Ceará,2302800,Canindé,230280012,Caiçara,3181
2,Nordeste,23,Ceará,2302800,Canindé,230280013,Capitão Pedro Sampaio,1498
2,Nordeste,23,Ceará,2302800,Canindé,230280015,Esperança,694
2,Nordeste,23,Ceará,2302800,Canindé,230280017,Iguaçu,1216
2,Nordeste,23,Ceará,2302800,Canindé,230280020,Ipueiras dos Gomes,280
2,Nordeste,23,Ceará,2302800,Canindé,230280025,Monte Alegre,2095
2,Nordeste,23,Ceará,2302800,Canindé,230280030,Targinos,3232
2,Nordeste,23,Ceará,2302800,Canindé,230280035,Ubiraçu,3626
2,Nordeste,23,Ceará,2302800,Canindé,230280040,Vazante do Curú,1381
2,Nordeste,23,Ceará,2302909,Capistrano,230290905,Capistrano,17254
2,Nordeste,23,Ceará,2303006,Caridade,230300605,Caridade,8263
2,Nordeste,23,Ceará,2303006,Caridade,230300610,Campos Belos,5714
2,Nordeste,23,Ceará,2303006,Caridade,230300615,São Domingos,2400
2,Nordeste,23,Ceará,2303105,Cariré,230310505,Cariré,9748
2,Nordeste,23,Ceará,2303105,Cariré,230310510,Arariús,1071
2,Nordeste,23,Ceará,2303105,Cariré,230310515,Cacimbas,2214
2,Nordeste,23,Ceará,2303105,Cariré,230310520,Jucá,2022
2,Nordeste,23,Ceará,2303105,Cariré,230310535,Tapuio,2577
2,Nordeste,23,Ceará,2303204,Caririaçu,230320405,Caririaçu,18114
2,Nordeste,23,Ceará,2303204,Caririaçu,230320410,Feitosa,2113
2,Nordeste,23,Ceará,2303204,Caririaçu,230320415,Valência,1067
2,Nordeste,23,Ceará,2303204,Caririaçu,230320420,Miragem,2992
2,Nordeste,23,Ceará,2303204,Caririaçu,230320425,Cachoeirinha,879
2,Nordeste,23,Ceará,2303204,Caririaçu,230320430,Primavera,1155
2,Nordeste,23,Ceará,2303303,Cariús,230330305,Cariús,8271
2,Nordeste,23,Ceará,2303303,Cariús,230330307,Bela Vista,701
2,Nordeste,23,Ceará,2303303,Cariús,230330310,Caipu,3456
2,Nordeste,23,Ceará,2303303,Cariús,230330315,São Bartolomeu,1370
2,Nordeste,23,Ceará,2303303,Cariús,230330320,São Sebastião,3217
2,Nordeste,23,Ceará,2303402,Carnaubal,230340205,Carnaubal,17210
2,Nordeste,23,Ceará,2303501,Cascavel,230350105,Cascavel,45441
2,Nordeste,23,Ceará,2303501,Cascavel,230350110,Caponga,11157
2,Nordeste,23,Ceará,2303501,Cascavel,230350112,Cristais,516
2,Nordeste,23,Ceará,2303501,Cascavel,230350115,Guanacés,9912
2,Nordeste,23,Ceará,2303501,Cascavel,230350120,Jacarecoara,4446
2,Nordeste,23,Ceará,2303501,Cascavel,230350130,Pitombeiras,1248
2,Nordeste,23,Ceará,2303600,Catarina,230360005,Catarina,10243
2,Nordeste,23,Ceará,2303659,Catunda,230365905,Catunda,8958
2,Nordeste,23,Ceará,2303659,Catunda,230365920,Paraíso,883
2,Nordeste,23,Ceará,2303659,Catunda,230365925,Video,603
2,Nordeste,23,Ceará,2303709,Caucaia,230370905,Caucaia,175695
2,Nordeste,23,Ceará,2303709,Caucaia,230370907,Bom Princípio,3170
2,Nordeste,23,Ceará,2303709,Caucaia,230370910,Catuana,10065
2,Nordeste,23,Ceará,2303709,Caucaia,230370915,Guararu,5893
2,Nordeste,23,Ceará,2303709,Caucaia,230370917,Jurema,148320
2,Nordeste,23,Ceará,2303709,Caucaia,230370920,Mirambé,4781
2,Nordeste,23,Ceará,2303709,Caucaia,230370925,Sítios Novos,5212
2,Nordeste,23,Ceará,2303709,Caucaia,230370930,Tucunduba,2543
2,Nordeste,23,Ceará,2303808,Cedro,230380805,Cedro,13443
2,Nordeste,23,Ceará,2303808,Cedro,230380807,Assunção,1067
2,Nordeste,23,Ceará,2303808,Cedro,230380810,Várzea da Conceição,2166
2,Nordeste,23,Ceará,2303808,Cedro,230380820,Candeias,861
2,Nordeste,23,Ceará,2303808,Cedro,230380830,Lagedo,1062
2,Nordeste,23,Ceará,2303808,Cedro,230380840,Santo Antônio,1478
2,Nordeste,23,Ceará,2303808,Cedro,230380850,São Miguel,2267
2,Nordeste,23,Ceará,2303907,Chaval,230390705,Chaval,10370
2,Nordeste,23,Ceará,2303907,Chaval,230390710,Passagem,2092
2,Nordeste,23,Ceará,2303931,Choró,230393105,Choró,5056
2,Nordeste,23,Ceará,2303931,Choró,230393108,Barbada,1380
2,Nordeste,23,Ceará,2303931,Choró,230393110,Caiçarinha,2349
2,Nordeste,23,Ceará,2303931,Choró,230393120,Maravilha,1434
2,Nordeste,23,Ceará,2303931,Choró,230393125,Monte Castelo,1320
2,Nordeste,23,Ceará,2303931,Choró,230393135,Santa Rita,574
2,Nordeste,23,Ceará,2303956,Chorozinho,230395605,Chorozinho,9168
2,Nordeste,23,Ceará,2303956,Chorozinho,230395610,Campestre,1518
2,Nordeste,23,Ceará,2303956,Chorozinho,230395615,Cedro,1633
2,Nordeste,23,Ceará,2303956,Chorozinho,230395625,Patos dos Liberatos,1959
2,Nordeste,23,Ceará,2303956,Chorozinho,230395635,Timbaúba dos Marinheiros,2350
2,Nordeste,23,Ceará,2303956,Chorozinho,230395640,Triângulo,3535
2,Nordeste,23,Ceará,2304004,Coreaú,230400405,Coreaú,10626
2,Nordeste,23,Ceará,2304004,Coreaú,230400410,Araquém,4243
2,Nordeste,23,Ceará,2304004,Coreaú,230400415,Aroeiras,1334
2,Nordeste,23,Ceará,2304004,Coreaú,230400417,Canto,528
2,Nordeste,23,Ceará,2304004,Coreaú,230400420,Ubaúna,4222
2,Nordeste,23,Ceará,2304103,Crateús,230410305,Crateús,52899
2,Nordeste,23,Ceará,2304103,Crateús,230410307,Assis,1100
2,Nordeste,23,Ceará,2304103,Crateús,230410309,Curral Velho,2298
2,Nordeste,23,Ceará,2304103,Crateús,230410310,Ibiapaba,1854
2,Nordeste,23,Ceará,2304103,Crateús,230410315,Irapuá,1579
2,Nordeste,23,Ceará,2304103,Crateús,230410317,Lagoa das Pedras,1761
2,Nordeste,23,Ceará,2304103,Crateús,230410320,Montenebo,2733
2,Nordeste,23,Ceará,2304103,Crateús,230410325,Oiticica,185
2,Nordeste,23,Ceará,2304103,Crateús,230410330,Poti,1209
2,Nordeste,23,Ceará,2304103,Crateús,230410333,Realejo,3007
2,Nordeste,23,Ceará,2304103,Crateús,230410335,Santo Antônio,3713
2,Nordeste,23,Ceará,2304103,Crateús,230410337,Santana,2028
2,Nordeste,23,Ceará,2304103,Crateús,230410340,Tucuns,2024
2,Nordeste,23,Ceará,2304202,Crato,230420205,Crato,96876
2,Nordeste,23,Ceará,2304202,Crato,230420206,Baixio das Palmeiras,4532
2,Nordeste,23,Ceará,2304202,Crato,230420207,Belmonte,1758
2,Nordeste,23,Ceará,2304202,Crato,230420209,Campo Alegre,1764
2,Nordeste,23,Ceará,2304202,Crato,230420210,Dom Quintino,2191
2,Nordeste,23,Ceará,2304202,Crato,230420218,Monte Alverne,2267
2,Nordeste,23,Ceará,2304202,Crato,230420222,Bela Vista,4731
2,Nordeste,23,Ceará,2304202,Crato,230420225,Ponta da Serra,9352
2,Nordeste,23,Ceará,2304202,Crato,230420230,Santa Fé,5269
2,Nordeste,23,Ceará,2304202,Crato,230420240,Santa Rosa,2310
2,Nordeste,23,Ceará,2304236,Croatá,230423605,Croatá,6467
2,Nordeste,23,Ceará,2304236,Croatá,230423610,Barra do Sotero,1635
2,Nordeste,23,Ceará,2304236,Croatá,230423620,Betânia,2946
2,Nordeste,23,Ceará,2304236,Croatá,230423625,Lagoa da Cruz,1192
2,Nordeste,23,Ceará,2304236,Croatá,230423635,Repartição,1033
2,Nordeste,23,Ceará,2304236,Croatá,230423640,Santa Tereza,1137
2,Nordeste,23,Ceará,2304236,Croatá,230423645,Vista Alegre,1336
2,Nordeste,23,Ceará,2304236,Croatá,230423650,São Roque,1735
2,Nordeste,23,Ceará,2304251,Cruz,230425105,Cruz,20892
2,Nordeste,23,Ceará,2304251,Cruz,230425110,Caiçara,8869
2,Nordeste,23,Ceará,2304269,Deputado Irapuan Pinheiro,230426905,Deputado Irapuan Pinheiro,3849
2,Nordeste,23,Ceará,2304269,Deputado Irapuan Pinheiro,230426906,Aurora,594
2,Nordeste,23,Ceará,2304269,Deputado Irapuan Pinheiro,230426907,Baixio,1468
2,Nordeste,23,Ceará,2304269,Deputado Irapuan Pinheiro,230426910,Betânia,2280
2,Nordeste,23,Ceará,2304269,Deputado Irapuan Pinheiro,230426920,Maratoã,361
2,Nordeste,23,Ceará,2304269,Deputado Irapuan Pinheiro,230426925,Velame,380
2,Nordeste,23,Ceará,2304277,Ereré,230427705,Ereré,5352
2,Nordeste,23,Ceará,2304277,Ereré,230427720,São João,421
2,Nordeste,23,Ceará,2304277,Ereré,230427725,Tomé Vieira,701
2,Nordeste,23,Ceará,2304285,Eusébio,230428505,Eusébio,74170
2,Nordeste,23,Ceará,2304301,Farias Brito,230430105,Farias Brito,10774
2,Nordeste,23,Ceará,2304301,Farias Brito,230430110,Cariutaba,2373
2,Nordeste,23,Ceará,2304301,Farias Brito,230430115,Nova Betânia,1743
2,Nordeste,23,Ceará,2304301,Farias Brito,230430120,Quincuncá,3327
2,Nordeste,23,Ceará,2304350,Forquilha,230435005,Forquilha,20805
2,Nordeste,23,Ceará,2304350,Forquilha,230435020,Salgado dos Mendes,772
2,Nordeste,23,Ceará,2304350,Forquilha,230435025,Trapiá,1591
2,Nordeste,23,Ceará,2304350,Forquilha,230435030,Cacimbinha,1005
2,Nordeste,23,Ceará,2304400,Fortaleza,230440005,Fortaleza,2428708
2,Nordeste,23,Ceará,2304459,Fortim,230445905,Fortim,7345
2,Nordeste,23,Ceará,2304459,Fortim,230445910,Barra,2452
2,Nordeste,23,Ceará,2304459,Fortim,230445915,Campestre,1001
2,Nordeste,23,Ceará,2304459,Fortim,230445920,Guajiru,1117
2,Nordeste,23,Ceará,2304459,Fortim,230445925,Maceió,2714
2,Nordeste,23,Ceará,2304459,Fortim,230445930,Viçosa,2665
2,Nordeste,23,Ceará,2304509,Frecheirinha,230450905,Frecheirinha,15657
2,Nordeste,23,Ceará,2304608,General Sampaio,230460805,General Sampaio,6734
2,Nordeste,23,Ceará,2304657,Graça,230465705,Graça,9229
2,Nordeste,23,Ceará,2304657,Graça,230465720,Lapa,4572
2,Nordeste,23,Ceará,2304707,Granja,230470705,Granja,20839
2,Nordeste,23,Ceará,2304707,Granja,230470710,Adrianópolis,3652
2,Nordeste,23,Ceará,2304707,Granja,230470715,Ibuguaçu,4116
2,Nordeste,23,Ceará,2304707,Granja,230470720,Parazinho,6839
2,Nordeste,23,Ceará,2304707,Granja,230470725,Pessoa Anta,8453
2,Nordeste,23,Ceará,2304707,Granja,230470730,Sambaíba,3861
2,Nordeste,23,Ceará,2304707,Granja,230470735,Timonha,5584
2,Nordeste,23,Ceará,2304806,Granjeiro,230480605,Granjeiro,2219
2,Nordeste,23,Ceará,2304806,Granjeiro,230480610,Serrinha,1408
2,Nordeste,23,Ceará,2304806,Granjeiro,230480615,Canabrava dos Ferreiras,1214
2,Nordeste,23,Ceará,2304905,Groaíras,230490505,Groaíras,9697
2,Nordeste,23,Ceará,2304905,Groaíras,230490515,Itamaracá,1213
2,Nordeste,23,Ceará,2304954,Guaiúba,230495405,Guaiúba,13230
2,Nordeste,23,Ceará,2304954,Guaiúba,230495410,Água Verde,3972
2,Nordeste,23,Ceará,2304954,Guaiúba,230495411,Baú,2030
2,Nordeste,23,Ceará,2304954,Guaiúba,230495413,Dourado,918
2,Nordeste,23,Ceará,2304954,Guaiúba,230495415,Itacima,3105
2,Nordeste,23,Ceará,2304954,Guaiúba,230495425,Núcleo Colonial Pio XII (São Gerônimo),1070
2,Nordeste,23,Ceará,2305001,Guaraciaba do Norte,230500105,Guaraciaba do Norte,25985
2,Nordeste,23,Ceará,2305001,Guaraciaba do Norte,230500120,Várzea dos Espinhos,4515
2,Nordeste,23,Ceará,2305001,Guaraciaba do Norte,230500122,Martinslândia,1849
2,Nordeste,23,Ceará,2305001,Guaraciaba do Norte,230500125,Morrinhos Novos,2432
2,Nordeste,23,Ceará,2305001,Guaraciaba do Norte,230500127,Mucambo,4051
2,Nordeste,23,Ceará,2305001,Guaraciaba do Norte,230500130,Sussuanha,3221
2,Nordeste,23,Ceará,2305100,Guaramiranga,230510005,Guaramiranga,2186
2,Nordeste,23,Ceará,2305100,Guaramiranga,230510010,Pernambuquinho,3468
2,Nordeste,23,Ceará,2305209,Hidrolândia,230520905,Hidrolândia,12262
2,Nordeste,23,Ceará,2305209,Hidrolândia,230520910,Betânia,1153
2,Nordeste,23,Ceará,2305209,Hidrolândia,230520915,Conceição,1488
2,Nordeste,23,Ceará,2305209,Hidrolândia,230520920,Irajá,2952
2,Nordeste,23,Ceará,2305233,Horizonte,230523305,Horizonte,67113
2,Nordeste,23,Ceará,2305233,Horizonte,230523307,Aningas,1642
2,Nordeste,23,Ceará,2305233,Horizonte,230523312,Dourados,3106
2,Nordeste,23,Ceará,2305233,Horizonte,230523330,Queimados,2894
2,Nordeste,23,Ceará,2305266,Ibaretama,230526605,Ibaretama,3755
2,Nordeste,23,Ceará,2305266,Ibaretama,230526620,Nova-Vida,1483
2,Nordeste,23,Ceará,2305266,Ibaretama,230526625,Oiticica,1624
2,Nordeste,23,Ceará,2305266,Ibaretama,230526627,Pedra e Cal,2330
2,Nordeste,23,Ceará,2305266,Ibaretama,230526630,Piranji,2764
2,Nordeste,23,Ceará,2305308,Ibiapina,230530805,Ibiapina,20236
2,Nordeste,23,Ceará,2305308,Ibiapina,230530807,Alto Lindo,2139
2,Nordeste,23,Ceará,2305308,Ibiapina,230530808,Betânia,1089
2,Nordeste,23,Ceará,2305308,Ibiapina,230530810,Santo Antônio da Pindoba,501
2,Nordeste,23,Ceará,2305332,Ibicuitinga,230533205,Ibicuitinga,5565
2,Nordeste,23,Ceará,2305332,Ibicuitinga,230533210,Açude dos Pinheiros,1463
2,Nordeste,23,Ceará,2305332,Ibicuitinga,230533215,Canindezinho,1744
2,Nordeste,23,Ceará,2305332,Ibicuitinga,230533220,Chile,978
2,Nordeste,23,Ceará,2305332,Ibicuitinga,230533230,Viçosa,1861
2,Nordeste,23,Ceará,2305357,Icapuí,230535705,Icapuí,16374
2,Nordeste,23,Ceará,2305357,Icapuí,230535710,Ibicuitaba,3697
2,Nordeste,23,Ceará,2305357,Icapuí,230535715,Manibú,1362
2,Nordeste,23,Ceará,2305407,Icó,230540705,Icó,39329
2,Nordeste,23,Ceará,2305407,Icó,230540710,Cruzeirinho,1698
2,Nordeste,23,Ceará,2305407,Icó,230540715,Icozinho,5608
2,Nordeste,23,Ceará,2305407,Icó,230540720,Lima Campos,8327
2,Nordeste,23,Ceará,2305407,Icó,230540725,Pedrinhas,4212
2,Nordeste,23,Ceará,2305407,Icó,230540730,São Vicente,3468
2,Nordeste,23,Ceará,2305506,Iguatu,230550605,Iguatu,77545
2,Nordeste,23,Ceará,2305506,Iguatu,230550610,Barreiras,1957
2,Nordeste,23,Ceará,2305506,Iguatu,230550613,Barro Alto,3633
2,Nordeste,23,Ceará,2305506,Iguatu,230550615,Baú,946
2,Nordeste,23,Ceará,2305506,Iguatu,230550625,José de Alencar,7230
2,Nordeste,23,Ceará,2305506,Iguatu,230550635,Gadelha,3592
2,Nordeste,23,Ceará,2305506,Iguatu,230550636,Riacho Vermelho,1314
2,Nordeste,23,Ceará,2305506,Iguatu,230550640,Suassurana,1847
2,Nordeste,23,Ceará,2305605,Independência,230560505,Independência,14227
2,Nordeste,23,Ceará,2305605,Independência,230560520,Ematuba,2402
2,Nordeste,23,Ceará,2305605,Independência,230560525,Iapi,1666
2,Nordeste,23,Ceará,2305605,Independência,230560530,Jandrangoeira,398
2,Nordeste,23,Ceará,2305605,Independência,230560534,Monte Sinai,1352
2,Nordeste,23,Ceará,2305605,Independência,230560545,Tranqueiras,1998
2,Nordeste,23,Ceará,2305605,Independência,230560550,Cachoeira do Fogo,853
2,Nordeste,23,Ceará,2305605,Independência,230560555,Várzea Grande,1128
2,Nordeste,23,Ceará,2305654,Ipaporanga,230565405,Ipaporanga,5009
2,Nordeste,23,Ceará,2305654,Ipaporanga,230565410,Sacramento,1270
2,Nordeste,23,Ceará,2305654,Ipaporanga,230565415,Lagoa do Barro,1622
2,Nordeste,23,Ceará,2305654,Ipaporanga,230565420,Mulungú,753
2,Nordeste,23,Ceará,2305654,Ipaporanga,230565425,Torrões,430
2,Nordeste,23,Ceará,2305654,Ipaporanga,230565430,Sítio Araras,778
2,Nordeste,23,Ceará,2305654,Ipaporanga,230565435,Cajás dos Jorges,1023
2,Nordeste,23,Ceará,2305654,Ipaporanga,230565440,Água Branca,690
2,Nordeste,23,Ceará,2305704,Ipaumirim,230570405,Ipaumirim,8726
2,Nordeste,23,Ceará,2305704,Ipaumirim,230570410,Felizardo,1884
2,Nordeste,23,Ceará,2305704,Ipaumirim,230570420,Canaúna,1473
2,Nordeste,23,Ceará,2305803,Ipu,230580305,Ipu,26784
2,Nordeste,23,Ceará,2305803,Ipu,230580308,Abílio Martins,1995
2,Nordeste,23,Ceará,2305803,Ipu,230580315,Flores,1491
2,Nordeste,23,Ceará,2305803,Ipu,230580318,Ingazeiras,4780
2,Nordeste,23,Ceará,2305803,Ipu,230580323,Recanto,1350
2,Nordeste,23,Ceará,2305803,Ipu,230580325,Várzea do Giló,4681
2,Nordeste,23,Ceará,2305902,Ipueiras,230590205,Ipueiras,17476
2,Nordeste,23,Ceará,2305902,Ipueiras,230590207,Alazans,780
2,Nordeste,23,Ceará,2305902,Ipueiras,230590210,América,2610
2,Nordeste,23,Ceará,2305902,Ipueiras,230590212,Balseiros,1140
2,Nordeste,23,Ceará,2305902,Ipueiras,230590215,Engenheiro João Tomé,2618
2,Nordeste,23,Ceará,2305902,Ipueiras,230590220,Gázea,1045
2,Nordeste,23,Ceará,2305902,Ipueiras,230590225,Livramento,1830
2,Nordeste,23,Ceará,2305902,Ipueiras,230590230,Matriz,1790
2,Nordeste,23,Ceará,2305902,Ipueiras,230590235,Nova Fátima,2192
2,Nordeste,23,Ceará,2305902,Ipueiras,230590237,São José,1058
2,Nordeste,23,Ceará,2305902,Ipueiras,230590240,São José das Lontras,882
2,Nordeste,23,Ceará,2305902,Ipueiras,230590245,Barrocas,1822
2,Nordeste,23,Ceará,2305902,Ipueiras,230590250,Nova Graça,1555
2,Nordeste,23,Ceará,2306009,Iracema,230600905,Iracema,10780
2,Nordeste,23,Ceará,2306009,Iracema,230600907,Bastiões,1127
2,Nordeste,23,Ceará,2306009,Iracema,230600915,Ema,1794
2,Nordeste,23,Ceará,2306009,Iracema,230600925,São José,300
2,Nordeste,23,Ceará,2306108,Irauçuba,230610805,Irauçuba,14430
2,Nordeste,23,Ceará,2306108,Irauçuba,230610810,Boa Vista do Caxitoré,1270
2,Nordeste,23,Ceará,2306108,Irauçuba,230610815,Juá,3382
2,Nordeste,23,Ceará,2306108,Irauçuba,230610820,Missi,4833
2,Nordeste,23,Ceará,2306207,Itaiçaba,230620705,Itaiçaba,7536
2,Nordeste,23,Ceará,2306256,Itaitinga,230625605,Itaitinga,64650
2,Nordeste,23,Ceará,2306306,Itapajé,230630605,Itapajé,31645
2,Nordeste,23,Ceará,2306306,Itapajé,230630607,Aguaí,880
2,Nordeste,23,Ceará,2306306,Itapajé,230630610,Baixa Grande,4193
2,Nordeste,23,Ceará,2306306,Itapajé,230630620,Cruz,1215
2,Nordeste,23,Ceará,2306306,Itapajé,230630625,Iratinga,4820
2,Nordeste,23,Ceará,2306306,Itapajé,230630630,Pitombeira,670
2,Nordeste,23,Ceará,2306306,Itapajé,230630632,São Tomé,788
2,Nordeste,23,Ceará,2306306,Itapajé,230630634,Serrote do Meio,1029
2,Nordeste,23,Ceará,2306306,Itapajé,230630635,Soledade,1186
2,Nordeste,23,Ceará,2306405,Itapipoca,230640505,Itapipoca,79532
2,Nordeste,23,Ceará,2306405,Itapipoca,230640520,Arapari,6161
2,Nordeste,23,Ceará,2306405,Itapipoca,230640522,Ipu Mazagão,2031
2,Nordeste,23,Ceará,2306405,Itapipoca,230640525,Assunção,7236
2,Nordeste,23,Ceará,2306405,Itapipoca,230640527,Baleia,5121
2,Nordeste,23,Ceará,2306405,Itapipoca,230640530,Barrento,4840
2,Nordeste,23,Ceará,2306405,Itapipoca,230640535,Bela Vista,2139
2,Nordeste,23,Ceará,2306405,Itapipoca,230640536,Calugi,6589
2,Nordeste,23,Ceará,2306405,Itapipoca,230640540,Cruxati,4034
2,Nordeste,23,Ceará,2306405,Itapipoca,230640547,Deserto,8565
2,Nordeste,23,Ceará,2306405,Itapipoca,230640549,Lagoa das Mercês,2711
2,Nordeste,23,Ceará,2306405,Itapipoca,230640550,Marinheiros,2164
2,Nordeste,23,Ceará,2306504,Itapiúna,230650405,Itapiúna,9254
2,Nordeste,23,Ceará,2306504,Itapiúna,230650410,Caio Prado,3852
2,Nordeste,23,Ceará,2306504,Itapiúna,230650415,Itans,1788
2,Nordeste,23,Ceará,2306504,Itapiúna,230650420,Palmatória,2947
2,Nordeste,23,Ceará,2306553,Itarema,230655305,Itarema,26068
2,Nordeste,23,Ceará,2306553,Itarema,230655310,Almofala,13654
2,Nordeste,23,Ceará,2306553,Itarema,230655315,Carvoeiro,3235
2,Nordeste,23,Ceará,2306603,Itatira,230660305,Itatira,3075
2,Nordeste,23,Ceará,2306603,Itatira,230660310,Bandeira,3303
2,Nordeste,23,Ceará,2306603,Itatira,230660312,Cachoeira,3485
2,Nordeste,23,Ceará,2306603,Itatira,230660315,Lagoa do Mato,8960
2,Nordeste,23,Ceará,2306603,Itatira,230660320,Morro Branco,1601
2,Nordeste,23,Ceará,2306702,Jaguaretama,230670205,Jaguaretama,17232
2,Nordeste,23,Ceará,2306801,Jaguaribara,230680105,Jaguaribara,10356
2,Nordeste,23,Ceará,2306900,Jaguaribe,230690005,Jaguaribe,22666
2,Nordeste,23,Ceará,2306900,Jaguaribe,230690010,Aquinópolis,295
2,Nordeste,23,Ceará,2306900,Jaguaribe,230690015,Feiticeiro,4525
2,Nordeste,23,Ceará,2306900,Jaguaribe,230690020,Mapuá,4205
2,Nordeste,23,Ceará,2306900,Jaguaribe,230690025,Nova Floresta,2035
2,Nordeste,23,Ceará,2307007,Jaguaruana,230700705,Jaguaruana,17029
2,Nordeste,23,Ceará,2307007,Jaguaruana,230700710,Borges,4424
2,Nordeste,23,Ceará,2307007,Jaguaruana,230700715,Giqui,1130
2,Nordeste,23,Ceará,2307007,Jaguaruana,230700718,Santa Luzia,1868
2,Nordeste,23,Ceará,2307007,Jaguaruana,230700720,São José do Lagamar,3226
2,Nordeste,23,Ceará,2307007,Jaguaruana,230700725,Saquinho,525
2,Nordeste,23,Ceará,2307007,Jaguaruana,230700730,Figueiredo,2573
2,Nordeste,23,Ceará,2307007,Jaguaruana,230700735,Jurema,926
2,Nordeste,23,Ceará,2307106,Jardim,230710605,Jardim,19745
2,Nordeste,23,Ceará,2307106,Jardim,230710607,Corrente,1907
2,Nordeste,23,Ceará,2307106,Jardim,230710610,Jardimirim,3599
2,Nordeste,23,Ceará,2307106,Jardim,230710615,Fazenda Nova,1607
2,Nordeste,23,Ceará,2307106,Jardim,230710620,Taquari,553
2,Nordeste,23,Ceará,2307205,Jati,230720505,Jati,4604
2,Nordeste,23,Ceará,2307205,Jati,230720510,Balanças,1198
2,Nordeste,23,Ceará,2307205,Jati,230720515,Carnaúba,1256
2,Nordeste,23,Ceará,2307205,Jati,230720520,Baixa Grande,513
2,Nordeste,23,Ceará,2307205,Jati,230720525,Mãe D'Água,290
2,Nordeste,23,Ceará,2307254,Jijoca de Jericoacoara,230725405,Jijoca de Jericoacoara,25555
2,Nordeste,23,Ceará,2307304,Juazeiro do Norte,230730405,Juazeiro do Norte,278070
2,Nordeste,23,Ceará,2307304,Juazeiro do Norte,230730410,Marrocos,4300
2,Nordeste,23,Ceará,2307304,Juazeiro do Norte,230730415,Padre Cícero,3750
2,Nordeste,23,Ceará,2307403,Jucás,230740305,Jucás,12678
2,Nordeste,23,Ceará,2307403,Jucás,230740310,Baixio da Donana,1022
2,Nordeste,23,Ceará,2307403,Jucás,230740315,Canafístula,1769
2,Nordeste,23,Ceará,2307403,Jucás,230740320,Mel,2140
2,Nordeste,23,Ceará,2307403,Jucás,230740325,Poço Grande,1079
2,Nordeste,23,Ceará,2307403,Jucás,230740330,São Pedro do Norte,5234
2,Nordeste,23,Ceará,2307502,Lavras da Mangabeira,230750205,Lavras da Mangabeira,16154
2,Nordeste,23,Ceará,2307502,Lavras da Mangabeira,230750210,Amaniutuba,3882
2,Nordeste,23,Ceará,2307502,Lavras da Mangabeira,230750215,Arrojado,705
2,Nordeste,23,Ceará,2307502,Lavras da Mangabeira,230750220,Iborepi,1229
2,Nordeste,23,Ceará,2307502,Lavras da Mangabeira,230750225,Mangabeira,4047
2,Nordeste,23,Ceará,2307502,Lavras da Mangabeira,230750230,Quitaiús,4785
2,Nordeste,23,Ceará,2307601,Limoeiro do Norte,230760105,Limoeiro do Norte,58067
2,Nordeste,23,Ceará,2307601,Limoeiro do Norte,230760110,Bixopá,1493
2,Nordeste,23,Ceará,2307635,Madalena,230763505,Madalena,9663
2,Nordeste,23,Ceará,2307635,Madalena,230763510,Macaoca,3010
2,Nordeste,23,Ceará,2307635,Madalena,230763515,Cacimba Nova,1185
2,Nordeste,23,Ceará,2307635,Madalena,230763520,Cajazeiras,1354
2,Nordeste,23,Ceará,2307635,Madalena,230763530,Paus Branco,717
2,Nordeste,23,Ceará,2307635,Madalena,230763545,União,967
2,Nordeste,23,Ceará,2307650,Maracanaú,230765005,Maracanaú,182891
2,Nordeste,23,Ceará,2307650,Maracanaú,230765030,Pajuçara,51618
2,Nordeste,23,Ceará,2307700,Maranguape,230770005,Maranguape,65160
2,Nordeste,23,Ceará,2307700,Maranguape,230770010,Amanari,4777
2,Nordeste,23,Ceará,2307700,Maranguape,230770015,Antônio Marques,1120
2,Nordeste,23,Ceará,2307700,Maranguape,230770017,Cachoeira,1230
2,Nordeste,23,Ceará,2307700,Maranguape,230770020,Itapebussu,3811
2,Nordeste,23,Ceará,2307700,Maranguape,230770025,Jubaia,2281
2,Nordeste,23,Ceará,2307700,Maranguape,230770026,Ladeira Grande,2206
2,Nordeste,23,Ceará,2307700,Maranguape,230770027,Lages,2048
2,Nordeste,23,Ceará,2307700,Maranguape,230770029,Lagoa do Juvenal,1701
2,Nordeste,23,Ceará,2307700,Maranguape,230770031,Manoel Guedes,1565
2,Nordeste,23,Ceará,2307700,Maranguape,230770032,Papara,3574
2,Nordeste,23,Ceará,2307700,Maranguape,230770033,Penedo,2736
2,Nordeste,23,Ceará,2307700,Maranguape,230770035,Sapupara,7245
2,Nordeste,23,Ceará,2307700,Maranguape,230770037,São João do Amanari,1879
2,Nordeste,23,Ceará,2307700,Maranguape,230770040,Tanques,2044
2,Nordeste,23,Ceará,2307700,Maranguape,230770042,Umarizeiras,1606
2,Nordeste,23,Ceará,2307700,Maranguape,230770045,Vertentes do Lagedo,110
2,Nordeste,23,Ceará,2307809,Marco,230780905,Marco,19854
2,Nordeste,23,Ceará,2307809,Marco,230780910,Panacuí,2181
2,Nordeste,23,Ceará,2307809,Marco,230780915,Mocambo,3764
2,Nordeste,23,Ceará,2307908,Martinópole,230790805,Martinópole,10846
2,Nordeste,23,Ceará,2308005,Massapê,230800505,Massapê,24982
2,Nordeste,23,Ceará,2308005,Massapê,230800510,Aiuá,939
2,Nordeste,23,Ceará,2308005,Massapê,230800513,Ipaguaçu,1629
2,Nordeste,23,Ceará,2308005,Massapê,230800515,Mumbaba,3529
2,Nordeste,23,Ceará,2308005,Massapê,230800520,Padre Linhares,2278
2,Nordeste,23,Ceará,2308005,Massapê,230800522,Tangente,2003
2,Nordeste,23,Ceará,2308005,Massapê,230800525,Tuína,2337
2,Nordeste,23,Ceará,2308104,Mauriti,230810405,Mauriti,19440
2,Nordeste,23,Ceará,2308104,Mauriti,230810410,Anauá,2074
2,Nordeste,23,Ceará,2308104,Mauriti,230810412,Buritizinho,4754
2,Nordeste,23,Ceará,2308104,Mauriti,230810415,Coité,3276
2,Nordeste,23,Ceará,2308104,Mauriti,230810420,Nova Santa Cruz,1057
2,Nordeste,23,Ceará,2308104,Mauriti,230810425,São Félix,1243
2,Nordeste,23,Ceará,2308104,Mauriti,230810427,Palestina do Cariri,6162
2,Nordeste,23,Ceará,2308104,Mauriti,230810429,São Miguel,2276
2,Nordeste,23,Ceará,2308104,Mauriti,230810430,Umburanas,4002
2,Nordeste,23,Ceará,2308104,Mauriti,230810435,Olho D'água,1277
2,Nordeste,23,Ceará,2308203,Meruoca,230820305,Meruoca,7288
2,Nordeste,23,Ceará,2308203,Meruoca,230820307,Anil,1803
2,Nordeste,23,Ceará,2308203,Meruoca,230820310,Camilos,1868
2,Nordeste,23,Ceará,2308203,Meruoca,230820315,Palestina do Norte,1803
2,Nordeste,23,Ceará,2308203,Meruoca,230820320,Santo Antônio dos Fernandes,491
2,Nordeste,23,Ceará,2308203,Meruoca,230820325,São Francisco,1904
2,Nordeste,23,Ceará,2308302,Milagres,230830205,Milagres,10579
2,Nordeste,23,Ceará,2308302,Milagres,230830210,Rosário,3049
2,Nordeste,23,Ceará,2308302,Milagres,230830215,Café da Linha,2755
2,Nordeste,23,Ceará,2308302,Milagres,230830220,Fronteiro,5157
2,Nordeste,23,Ceará,2308302,Milagres,230830225,Padre Cícero,4360
2,Nordeste,23,Ceará,2308351,Milhã,230835105,Milhã,7775
2,Nordeste,23,Ceará,2308351,Milhã,230835106,Baixa Verde,757
2,Nordeste,23,Ceará,2308351,Milhã,230835108,Barra,1323
2,Nordeste,23,Ceará,2308351,Milhã,230835110,Carnaubinha,2326
2,Nordeste,23,Ceará,2308351,Milhã,230835115,Ipueira,1230
2,Nordeste,23,Ceará,2308351,Milhã,230835120,Monte Grave,712
2,Nordeste,23,Ceará,2308377,Miraíma,230837705,Miraíma,5681
2,Nordeste,23,Ceará,2308377,Miraíma,230837710,Brotas,4411
2,Nordeste,23,Ceará,2308377,Miraíma,230837720,Poço da Onça,1230
2,Nordeste,23,Ceará,2308377,Miraíma,230837725,Riachão,1012
2,Nordeste,23,Ceará,2308377,Miraíma,230837730,Juremal,1040
2,Nordeste,23,Ceará,2308377,Miraíma,230837735,Bom Jesus,822
2,Nordeste,23,Ceará,2308401,Missão Velha,230840105,Missão Velha,21814
2,Nordeste,23,Ceará,2308401,Missão Velha,230840115,Jamacaru,10831
2,Nordeste,23,Ceará,2308401,Missão Velha,230840120,Missão Nova,2675
2,Nordeste,23,Ceará,2308401,Missão Velha,230840125,Quimami,1502
2,Nordeste,23,Ceará,2308500,Mombaça,230850005,Mombaça,22394
2,Nordeste,23,Ceará,2308500,Mombaça,230850007,Açudinho dos Costas,973
2,Nordeste,23,Ceará,2308500,Mombaça,230850010,Boa Vista,2333
2,Nordeste,23,Ceará,2308500,Mombaça,230850015,Cangati,1413
2,Nordeste,23,Ceará,2308500,Mombaça,230850020,Carnaúbas,1822
2,Nordeste,23,Ceará,2308500,Mombaça,230850025,Catolé,877
2,Nordeste,23,Ceará,2308500,Mombaça,230850026,Cipó,1637
2,Nordeste,23,Ceará,2308500,Mombaça,230850027,Manoel Correia,683
2,Nordeste,23,Ceará,2308500,Mombaça,230850030,Morada Nova,2436
2,Nordeste,23,Ceará,2308500,Mombaça,230850035,São Vicente,509
2,Nordeste,23,Ceará,2308500,Mombaça,230850040,Cacimbas,1335
2,Nordeste,23,Ceará,2308500,Mombaça,230850045,Nova União,1323
2,Nordeste,23,Ceará,2308609,Monsenhor Tabosa,230860905,Monsenhor Tabosa,14214
2,Nordeste,23,Ceará,2308609,Monsenhor Tabosa,230860910,Barreiros,1253
2,Nordeste,23,Ceará,2308609,Monsenhor Tabosa,230860915,Nossa Senhora do Livramento,1682
2,Nordeste,23,Ceará,2308708,Morada Nova,230870805,Morada Nova,37122
2,Nordeste,23,Ceará,2308708,Morada Nova,230870810,Aruaru,8946
2,Nordeste,23,Ceará,2308708,Morada Nova,230870815,Boa Água,2038
2,Nordeste,23,Ceará,2308708,Morada Nova,230870825,Juazeiro de Baixo,2069
2,Nordeste,23,Ceará,2308708,Morada Nova,230870827,Lagoa Grande,2646
2,Nordeste,23,Ceará,2308708,Morada Nova,230870830,Pedras,2988
2,Nordeste,23,Ceará,2308708,Morada Nova,230870835,Roldão,3592
2,Nordeste,23,Ceará,2308708,Morada Nova,230870840,Uiraponga,2042
2,Nordeste,23,Ceará,2308807,Moraújo,230880705,Moraújo,5742
2,Nordeste,23,Ceará,2308807,Moraújo,230880707,Boa Esperança,1486
2,Nordeste,23,Ceará,2308807,Moraújo,230880710,Várzea da Volta,1026
2,Nordeste,23,Ceará,2308906,Morrinhos,230890605,Morrinhos,14888
2,Nordeste,23,Ceará,2308906,Morrinhos,230890640,Sítio Alegre,7865
2,Nordeste,23,Ceará,2309003,Mucambo,230900305,Mucambo,12298
2,Nordeste,23,Ceará,2309003,Mucambo,230900310,Carqueijo,731
2,Nordeste,23,Ceará,2309003,Mucambo,230900315,Poço Verde,637
2,Nordeste,23,Ceará,2309102,Mulungu,230910205,Mulungu,10569
2,Nordeste,23,Ceará,2309201,Nova Olinda,230920105,Nova Olinda,13769
2,Nordeste,23,Ceará,2309201,Nova Olinda,230920130,Triunfo,1630
2,Nordeste,23,Ceará,2309300,Nova Russas,230930005,Nova Russas,21511
2,Nordeste,23,Ceará,2309300,Nova Russas,230930015,Canindezinho,2262
2,Nordeste,23,Ceará,2309300,Nova Russas,230930019,Espacinha,1020
2,Nordeste,23,Ceará,2309300,Nova Russas,230930025,Major Simplício,971
2,Nordeste,23,Ceará,2309300,Nova Russas,230930030,Nova Betânia,1727
2,Nordeste,23,Ceará,2309300,Nova Russas,230930045,São Pedro,1267
2,Nordeste,23,Ceará,2309300,Nova Russas,230930050,Irapuá,393
2,Nordeste,23,Ceará,2309300,Nova Russas,230930055,Moringue,807
2,Nordeste,23,Ceará,2309300,Nova Russas,230930060,Miguel Antônio,741
2,Nordeste,23,Ceará,2309409,Novo Oriente,230940905,Novo Oriente,16046
2,Nordeste,23,Ceará,2309409,Novo Oriente,230940915,Emaús,1856
2,Nordeste,23,Ceará,2309409,Novo Oriente,230940920,Palestina,3051
2,Nordeste,23,Ceará,2309409,Novo Oriente,230940924,Santa Maria,1967
2,Nordeste,23,Ceará,2309409,Novo Oriente,230940925,São Raimundo,2801
2,Nordeste,23,Ceará,2309409,Novo Oriente,230940930,Três Irmãos,1824
2,Nordeste,23,Ceará,2309458,Ocara,230945805,Ocara,7196
2,Nordeste,23,Ceará,2309458,Ocara,230945807,Arisco dos Marianos,1031
2,Nordeste,23,Ceará,2309458,Ocara,230945810,Curupira,7966
2,Nordeste,23,Ceará,2309458,Ocara,230945820,Novo Horizonte,1247
2,Nordeste,23,Ceará,2309458,Ocara,230945830,Sereno de Cima,3921
2,Nordeste,23,Ceará,2309458,Ocara,230945840,Serragem,3132
2,Nordeste,23,Ceará,2309508,Orós,230950805,Orós,11051
2,Nordeste,23,Ceará,2309508,Orós,230950810,Guassussê,2685
2,Nordeste,23,Ceará,2309508,Orós,230950815,Igarói,1655
2,Nordeste,23,Ceará,2309508,Orós,230950820,Palestina,2947
2,Nordeste,23,Ceará,2309508,Orós,230950830,Santarém,1337
2,Nordeste,23,Ceará,2309607,Pacajus,230960705,Pacajus,66726
2,Nordeste,23,Ceará,2309607,Pacajus,230960720,Itaipaba,1926
2,Nordeste,23,Ceará,2309607,Pacajus,230960730,Pascoal,2331
2,Nordeste,23,Ceará,2309706,Pacatuba,230970605,Pacatuba,17129
2,Nordeste,23,Ceará,2309706,Pacatuba,230970633,Monguba,15011
2,Nordeste,23,Ceará,2309706,Pacatuba,230970635,Pavuna,23350
2,Nordeste,23,Ceará,2309706,Pacatuba,230970650,Senador Carlos Jereissati,26034
2,Nordeste,23,Ceará,2309805,Pacoti,230980505,Pacoti,5972
2,Nordeste,23,Ceará,2309805,Pacoti,230980510,Colina,2323
2,Nordeste,23,Ceará,2309805,Pacoti,230980515,Fátima,1437
2,Nordeste,23,Ceará,2309805,Pacoti,230980520,Santa Ana,1454
2,Nordeste,23,Ceará,2309904,Pacujá,230990405,Pacujá,6175
2,Nordeste,23,Ceará,2310001,Palhano,231000105,Palhano,8185
2,Nordeste,23,Ceará,2310001,Palhano,231000110,São José,1161
2,Nordeste,23,Ceará,2310100,Palmácia,231010005,Palmácia,9121
2,Nordeste,23,Ceará,2310100,Palmácia,231010010,Gado,506
2,Nordeste,23,Ceará,2310100,Palmácia,231010015,Gados dos Rodrigues,615
2,Nordeste,23,Ceará,2310209,Paracuru,231020905,Paracuru,31766
2,Nordeste,23,Ceará,2310209,Paracuru,231020910,Jardim,2300
2,Nordeste,23,Ceará,2310209,Paracuru,231020920,Poço Doce,4914
2,Nordeste,23,Ceará,2310258,Paraipaba,231025805,Paraipaba,23883
2,Nordeste,23,Ceará,2310258,Paraipaba,231025810,Boa Vista,2759
2,Nordeste,23,Ceará,2310258,Paraipaba,231025815,Camboas,2530
2,Nordeste,23,Ceará,2310258,Paraipaba,231025820,Lagoinha,3044
2,Nordeste,23,Ceará,2310308,Parambu,231030805,Parambu,18249
2,Nordeste,23,Ceará,2310308,Parambu,231030810,Cococi,2795
2,Nordeste,23,Ceará,2310308,Parambu,231030812,Gavião,1298
2,Nordeste,23,Ceará,2310308,Parambu,231030814,Miranda,1293
2,Nordeste,23,Ceará,2310308,Parambu,231030815,Monte Sion,2414
2,Nordeste,23,Ceará,2310308,Parambu,231030820,Novo Assis,1094
2,Nordeste,23,Ceará,2310308,Parambu,231030830,Oiticica,1262
2,Nordeste,23,Ceará,2310308,Parambu,231030835,Riachão,1208
2,Nordeste,23,Ceará,2310308,Parambu,231030840,Campo Grande,1832
2,Nordeste,23,Ceará,2310407,Paramoti,231040705,Paramoti,9718
2,Nordeste,23,Ceará,2310407,Paramoti,231040710,Água Boa,666
2,Nordeste,23,Ceará,2310506,Pedra Branca,231050605,Pedra Branca,25660
2,Nordeste,23,Ceará,2310506,Pedra Branca,231050607,Capitão Mor,1467
2,Nordeste,23,Ceará,2310506,Pedra Branca,231050610,Mineirolândia,6680
2,Nordeste,23,Ceará,2310506,Pedra Branca,231050615,Santa Cruz do Banabuiú,3682
2,Nordeste,23,Ceará,2310506,Pedra Branca,231050620,Tróia,2698
2,Nordeste,23,Ceará,2310605,Penaforte,231060505,Penaforte,7489
2,Nordeste,23,Ceará,2310605,Penaforte,231060515,Juá,564
2,Nordeste,23,Ceará,2310605,Penaforte,231060525,Santo André,919
2,Nordeste,23,Ceará,2310704,Pentecoste,231070405,Pentecoste,29001
2,Nordeste,23,Ceará,2310704,Pentecoste,231070410,Matias,4683
2,Nordeste,23,Ceará,2310704,Pentecoste,231070415,Porfírio Sampaio,1483
2,Nordeste,23,Ceará,2310704,Pentecoste,231070420,Sebastião de Abreu,2646
2,Nordeste,23,Ceará,2310803,Pereiro,231080305,Pereiro,11604
2,Nordeste,23,Ceará,2310803,Pereiro,231080310,Crioulos,3670
2,Nordeste,23,Ceará,2310852,Pindoretama,231085205,Pindoretama,11435
2,Nordeste,23,Ceará,2310852,Pindoretama,231085210,Capim de Roça,2761
2,Nordeste,23,Ceará,2310852,Pindoretama,231085215,Caponguinha,1425
2,Nordeste,23,Ceará,2310852,Pindoretama,231085220,Ema,3042
2,Nordeste,23,Ceará,2310852,Pindoretama,231085225,Pratiús,4728
2,Nordeste,23,Ceará,2310902,Piquet Carneiro,231090205,Piquet Carneiro,11052
2,Nordeste,23,Ceará,2310902,Piquet Carneiro,231090207,Catolé da Pista,1885
2,Nordeste,23,Ceará,2310902,Piquet Carneiro,231090210,Ibicuã,2859
2,Nordeste,23,Ceará,2310902,Piquet Carneiro,231090215,Mulungu,820
2,Nordeste,23,Ceará,2310951,Pires Ferreira,231095105,Pires Ferreira,4727
2,Nordeste,23,Ceará,2310951,Pires Ferreira,231095110,Santo Izidro,2857
2,Nordeste,23,Ceará,2310951,Pires Ferreira,231095115,Donato,948
2,Nordeste,23,Ceará,2310951,Pires Ferreira,231095120,Otavilândia,2074
2,Nordeste,23,Ceará,2311009,Poranga,231100905,Poranga,8311
2,Nordeste,23,Ceará,2311009,Poranga,231100907,Buritizal,2012
2,Nordeste,23,Ceará,2311009,Poranga,231100908,Cachoeira Grande,1370
2,Nordeste,23,Ceará,2311009,Poranga,231100910,Macambira,372
2,Nordeste,23,Ceará,2311108,Porteiras,231110805,Porteiras,14673
2,Nordeste,23,Ceará,2311108,Porteiras,231110830,Simão,2377
2,Nordeste,23,Ceará,2311207,Potengi,231120705,Potengi,7431
2,Nordeste,23,Ceará,2311207,Potengi,231120710,Barreiros,1402
2,Nordeste,23,Ceará,2311231,Potiretama,231123105,Potiretama,5452
2,Nordeste,23,Ceará,2311231,Potiretama,231123110,Canindezinho,522
2,Nordeste,23,Ceará,2311264,Quiterianópolis,231126405,Quiterianópolis,12952
2,Nordeste,23,Ceará,2311264,Quiterianópolis,231126410,Algodões,1966
2,Nordeste,23,Ceará,2311264,Quiterianópolis,231126420,São Francisco,5295
2,Nordeste,23,Ceará,2311306,Quixadá,231130605,Quixadá,59163
2,Nordeste,23,Ceará,2311306,Quixadá,231130618,Califórnia,1455
2,Nordeste,23,Ceará,2311306,Quixadá,231130625,Cipó dos Anjos,4466
2,Nordeste,23,Ceará,2311306,Quixadá,231130630,Custódio,2888
2,Nordeste,23,Ceará,2311306,Quixadá,231130635,Daniel de Queiróz,935
2,Nordeste,23,Ceará,2311306,Quixadá,231130640,Dom Maurício,1664
2,Nordeste,23,Ceará,2311306,Quixadá,231130643,Juá,1420
2,Nordeste,23,Ceará,2311306,Quixadá,231130650,Juatama,2795
2,Nordeste,23,Ceará,2311306,Quixadá,231130652,Riacho Verde,1254
2,Nordeste,23,Ceará,2311306,Quixadá,231130657,São Bernardo,986
2,Nordeste,23,Ceará,2311306,Quixadá,231130659,São João dos Queirozes,1984
2,Nordeste,23,Ceará,2311306,Quixadá,231130665,Tapuiará,2320
2,Nordeste,23,Ceará,2311306,Quixadá,231130670,Várzea da Onça,2838
2,Nordeste,23,Ceará,2311355,Quixelô,231135505,Quixelô,13594
2,Nordeste,23,Ceará,2311355,Quixelô,231135507,Antonico,2316
2,Nordeste,23,Ceará,2311405,Quixeramobim,231140505,Quixeramobim,55325
2,Nordeste,23,Ceará,2311405,Quixeramobim,231140507,Belém,2003
2,Nordeste,23,Ceará,2311405,Quixeramobim,231140508,Berilândia,1061
2,Nordeste,23,Ceará,2311405,Quixeramobim,231140510,Encantado,2129
2,Nordeste,23,Ceará,2311405,Quixeramobim,231140515,Lacerda,1889
2,Nordeste,23,Ceará,2311405,Quixeramobim,231140530,Manituba,4979
2,Nordeste,23,Ceará,2311405,Quixeramobim,231140532,Nenelândia,1432
2,Nordeste,23,Ceará,2311405,Quixeramobim,231140535,Passagem,2050
2,Nordeste,23,Ceará,2311405,Quixeramobim,231140540,Damião Carneiro,2582
2,Nordeste,23,Ceará,2311405,Quixeramobim,231140545,São Miguel,6217
2,Nordeste,23,Ceará,2311405,Quixeramobim,231140550,Uruquê,2510
2,Nordeste,23,Ceará,2311504,Quixeré,231150405,Quixeré,9360
2,Nordeste,23,Ceará,2311504,Quixeré,231150407,Água Fria,1010
2,Nordeste,23,Ceará,2311504,Quixeré,231150410,Lagoinha,8155
2,Nordeste,23,Ceará,2311504,Quixeré,231150420,Tomé,2349
2,Nordeste,23,Ceará,2311603,Redenção,231160305,Redenção,12112
2,Nordeste,23,Ceará,2311603,Redenção,231160315,Antônio Diogo,9585
2,Nordeste,23,Ceará,2311603,Redenção,231160321,Faísca,803
2,Nordeste,23,Ceará,2311603,Redenção,231160325,Guassi,2088
2,Nordeste,23,Ceará,2311603,Redenção,231160330,Barra Nova,2626
2,Nordeste,23,Ceará,2311702,Reriutaba,231170205,Reriutaba,15452
2,Nordeste,23,Ceará,2311702,Reriutaba,231170210,Amanaiara,2172
2,Nordeste,23,Ceará,2311702,Reriutaba,231170220,Campo Lindo,982
2,Nordeste,23,Ceará,2311801,Russas,231180105,Russas,53524
2,Nordeste,23,Ceará,2311801,Russas,231180110,Bonhu,3622
2,Nordeste,23,Ceará,2311801,Russas,231180115,Flores,10011
2,Nordeste,23,Ceará,2311801,Russas,231180117,Lagoa Grande,770
2,Nordeste,23,Ceará,2311801,Russas,231180119,Peixe,1342
2,Nordeste,23,Ceará,2311801,Russas,231180120,São João de Deus,1966
2,Nordeste,23,Ceará,2311801,Russas,231180125,Timbaúba de Nossa Senhora das Dores,1693
2,Nordeste,23,Ceará,2311900,Saboeiro,231190005,Saboeiro,7834
2,Nordeste,23,Ceará,2311900,Saboeiro,231190008,Barrinha,934
2,Nordeste,23,Ceará,2311900,Saboeiro,231190009,Felipe,538
2,Nordeste,23,Ceará,2311900,Saboeiro,231190010,Flamengo,2331
2,Nordeste,23,Ceará,2311900,Saboeiro,231190030,Malhada,950
2,Nordeste,23,Ceará,2311900,Saboeiro,231190050,São José,1267
2,Nordeste,23,Ceará,2311959,Salitre,231195905,Salitre,10373
2,Nordeste,23,Ceará,2311959,Salitre,231195910,Caldeirão,2103
2,Nordeste,23,Ceará,2311959,Salitre,231195920,Lagoa dos Crioulos,4157
2,Nordeste,23,Ceará,2312007,Santana do Acaraú,231200705,Santana do Acaraú,15826
2,Nordeste,23,Ceará,2312007,Santana do Acaraú,231200707,Bahia,975
2,Nordeste,23,Ceará,2312007,Santana do Acaraú,231200708,Baixa Fria,3481
2,Nordeste,23,Ceará,2312007,Santana do Acaraú,231200709,Barro Preto,624
2,Nordeste,23,Ceará,2312007,Santana do Acaraú,231200710,João Cordeiro,2284
2,Nordeste,23,Ceará,2312007,Santana do Acaraú,231200715,Mutambeiras,3168
2,Nordeste,23,Ceará,2312007,Santana do Acaraú,231200720,Parapuí,2291
2,Nordeste,23,Ceará,2312007,Santana do Acaraú,231200725,Sapó,1979
2,Nordeste,23,Ceará,2312106,Santana do Cariri,231210605,Santana do Cariri,6179
2,Nordeste,23,Ceará,2312106,Santana do Cariri,231210610,Anjinhos,982
2,Nordeste,23,Ceará,2312106,Santana do Cariri,231210615,Araporanga,3658
2,Nordeste,23,Ceará,2312106,Santana do Cariri,231210620,Brejo Grande,726
2,Nordeste,23,Ceará,2312106,Santana do Cariri,231210625,Dom Leme,2467
2,Nordeste,23,Ceará,2312106,Santana do Cariri,231210640,Pontal da Santa Cruz,2942
2,Nordeste,23,Ceará,2312205,Santa Quitéria,231220505,Santa Quitéria,23536
2,Nordeste,23,Ceará,2312205,Santa Quitéria,231220510,Lisieux,3563
2,Nordeste,23,Ceará,2312205,Santa Quitéria,231220520,Logradouro,1001
2,Nordeste,23,Ceará,2312205,Santa Quitéria,231220525,Macaraú,2104
2,Nordeste,23,Ceará,2312205,Santa Quitéria,231220530,Malhada Grande,627
2,Nordeste,23,Ceará,2312205,Santa Quitéria,231220535,Saco do Belém,2739
2,Nordeste,23,Ceará,2312205,Santa Quitéria,231220540,Raimundo Martins,600
2,Nordeste,23,Ceará,2312205,Santa Quitéria,231220545,Trapiá,1804
2,Nordeste,23,Ceará,2312205,Santa Quitéria,231220550,Riacho da Pedras,1838
2,Nordeste,23,Ceará,2312205,Santa Quitéria,231220555,Sangradouro,1380
2,Nordeste,23,Ceará,2312205,Santa Quitéria,231220560,Areal,991
2,Nordeste,23,Ceará,2312304,São Benedito,231230405,São Benedito,40097
2,Nordeste,23,Ceará,2312304,São Benedito,231230409,Barreiros,2207
2,Nordeste,23,Ceará,2312304,São Benedito,231230415,Inhuçu,5336
2,Nordeste,23,Ceará,2312403,São Gonçalo do Amarante,231240305,São Gonçalo do Amarante,15807
2,Nordeste,23,Ceará,2312403,São Gonçalo do Amarante,231240308,Cágado,4459
2,Nordeste,23,Ceará,2312403,São Gonçalo do Amarante,231240310,Croatá,5913
2,Nordeste,23,Ceará,2312403,São Gonçalo do Amarante,231240315,Pecém,12682
2,Nordeste,23,Ceará,2312403,São Gonçalo do Amarante,231240320,Serrote,3154
2,Nordeste,23,Ceará,2312403,São Gonçalo do Amarante,231240325,Siupé,4678
2,Nordeste,23,Ceará,2312403,São Gonçalo do Amarante,231240327,Taiba,5943
2,Nordeste,23,Ceará,2312403,São Gonçalo do Amarante,231240330,Umarituba,1507
2,Nordeste,23,Ceará,2312502,São João do Jaguaribe,231250205,São João do Jaguaribe,5855
2,Nordeste,23,Ceará,2312601,São Luís do Curu,231260105,São Luís do Curu,10822
2,Nordeste,23,Ceará,2312700,Senador Pompeu,231270005,Senador Pompeu,16071
2,Nordeste,23,Ceará,2312700,Senador Pompeu,231270006,Bonfim,1992
2,Nordeste,23,Ceará,2312700,Senador Pompeu,231270008,Codia,1272
2,Nordeste,23,Ceará,2312700,Senador Pompeu,231270010,Engenheiro José Lopes,1137
2,Nordeste,23,Ceará,2312700,Senador Pompeu,231270015,São Joaquim do Salgado,2711
2,Nordeste,23,Ceará,2312700,Senador Pompeu,231270020,Lagoa Nova,1083
2,Nordeste,23,Ceará,2312809,Senador Sá,231280905,Senador Sá,4803
2,Nordeste,23,Ceará,2312809,Senador Sá,231280910,Salão,287
2,Nordeste,23,Ceará,2312809,Senador Sá,231280915,Serrota,2172
2,Nordeste,23,Ceará,2312908,Sobral,231290805,Sobral,158848
2,Nordeste,23,Ceará,2312908,Sobral,231290807,Aprazível,2162
2,Nordeste,23,Ceará,2312908,Sobral,231290810,Aracatiaçu,4787
2,Nordeste,23,Ceará,2312908,Sobral,231290815,Bonfim,1563
2,Nordeste,23,Ceará,2312908,Sobral,231290820,Caioca,1214
2,Nordeste,23,Ceará,2312908,Sobral,231290825,Caracará,1695
2,Nordeste,23,Ceará,2312908,Sobral,231290835,Jaibaras,7018
2,Nordeste,23,Ceará,2312908,Sobral,231290840,Jordão,4978
2,Nordeste,23,Ceará,2312908,Sobral,231290845,Rafael Arruda,2314
2,Nordeste,23,Ceará,2312908,Sobral,231290847,Patos,1433
2,Nordeste,23,Ceará,2312908,Sobral,231290850,Patriarca,2234
2,Nordeste,23,Ceará,2312908,Sobral,231290853,São José do Torto,1060
2,Nordeste,23,Ceará,2312908,Sobral,231290855,Taperuaba,5902
2,Nordeste,23,Ceará,2312908,Sobral,231290865,Baracho,2649
2,Nordeste,23,Ceará,2312908,Sobral,231290870,Bilheira,893
2,Nordeste,23,Ceará,2312908,Sobral,231290875,Pedra de Fogo,1159
2,Nordeste,23,Ceará,2312908,Sobral,231290880,Salgado dos Machados,3114
2,Nordeste,23,Ceará,2313005,Solonópole,231300505,Solonópole,9498
2,Nordeste,23,Ceará,2313005,Solonópole,231300510,Assunção,2087
2,Nordeste,23,Ceará,2313005,Solonópole,231300515,Cangati,840
2,Nordeste,23,Ceará,2313005,Solonópole,231300530,Pasta,1468
2,Nordeste,23,Ceará,2313005,Solonópole,231300532,Prefeita Suely Pinheiro,454
2,Nordeste,23,Ceará,2313005,Solonópole,231300535,São José de Solonópole,3832
2,Nordeste,23,Ceará,2313104,Tabuleiro do Norte,231310405,Tabuleiro do Norte,23304
2,Nordeste,23,Ceará,2313104,Tabuleiro do Norte,231310410,Olho-d'Água da Bica,5196
2,Nordeste,23,Ceará,2313104,Tabuleiro do Norte,231310415,Peixe Gordo,2152
2,Nordeste,23,Ceará,2313203,Tamboril,231320305,Tamboril,10659
2,Nordeste,23,Ceará,2313203,Tamboril,231320307,Açudinho,1393
2,Nordeste,23,Ceará,2313203,Tamboril,231320310,Boa Esperança,1596
2,Nordeste,23,Ceará,2313203,Tamboril,231320315,Carvalho,575
2,Nordeste,23,Ceará,2313203,Tamboril,231320320,Curatis,546
2,Nordeste,23,Ceará,2313203,Tamboril,231320325,Holanda,2459
2,Nordeste,23,Ceará,2313203,Tamboril,231320330,Oliveiras,1325
2,Nordeste,23,Ceará,2313203,Tamboril,231320335,Sucesso,6262
2,Nordeste,23,Ceará,2313252,Tarrafas,231325205,Tarrafas,5628
2,Nordeste,23,Ceará,2313252,Tarrafas,231325210,Vila Nova,1328
2,Nordeste,23,Ceará,2313252,Tarrafas,231325215,Caiçara,573
2,Nordeste,23,Ceará,2313302,Tauá,231330205,Tauá,38036
2,Nordeste,23,Ceará,2313302,Tauá,231330210,Barra Nova,2320
2,Nordeste,23,Ceará,2313302,Tauá,231330215,Carrapateiras,2906
2,Nordeste,23,Ceará,2313302,Tauá,231330220,Inhamuns,3737
2,Nordeste,23,Ceará,2313302,Tauá,231330225,Marrecas,3914
2,Nordeste,23,Ceará,2313302,Tauá,231330230,Marruás,2978
2,Nordeste,23,Ceará,2313302,Tauá,231330233,Santa Tereza,4142
2,Nordeste,23,Ceará,2313302,Tauá,231330235,Trici,3194
2,Nordeste,23,Ceará,2313351,Tejuçuoca,231335105,Tejuçuoca,10083
2,Nordeste,23,Ceará,2313351,Tejuçuoca,231335110,Caxitoré,7071
2,Nordeste,23,Ceará,2313401,Tianguá,231340105,Tianguá,68496
2,Nordeste,23,Ceará,2313401,Tianguá,231340110,Arapá,2089
2,Nordeste,23,Ceará,2313401,Tianguá,231340115,Caruataí,4911
2,Nordeste,23,Ceará,2313401,Tianguá,231340120,Pindoguaba,3652
2,Nordeste,23,Ceará,2313401,Tianguá,231340125,Tabainha,1051
2,Nordeste,23,Ceará,2313401,Tianguá,231340130,Bela Vista,1307
2,Nordeste,23,Ceará,2313500,Trairi,231350005,Trairi,18051
2,Nordeste,23,Ceará,2313500,Trairi,231350006,Córrego Fundo,5676
2,Nordeste,23,Ceará,2313500,Trairi,231350007,Canaan,13328
2,Nordeste,23,Ceará,2313500,Trairi,231350008,Fleicheiras,4378
2,Nordeste,23,Ceará,2313500,Trairi,231350009,Gualdrapas,8048
2,Nordeste,23,Ceará,2313500,Trairi,231350010,Mundaú,7726
2,Nordeste,23,Ceará,2313500,Trairi,231350011,Munguba,1208
2,Nordeste,23,Ceará,2313559,Tururu,231355905,Tururu,10421
2,Nordeste,23,Ceará,2313559,Tururu,231355910,Cemoaba,2741
2,Nordeste,23,Ceará,2313559,Tururu,231355915,Conceição,1185
2,Nordeste,23,Ceará,2313559,Tururu,231355925,São Pedro do Gavião,1065
2,Nordeste,23,Ceará,2313609,Ubajara,231360905,Ubajara,20716
2,Nordeste,23,Ceará,2313609,Ubajara,231360910,Araticum,3827
2,Nordeste,23,Ceará,2313609,Ubajara,231360915,Jaburuna,5461
2,Nordeste,23,Ceará,2313609,Ubajara,231360925,Nova Veneza,2763
2,Nordeste,23,Ceará,2313708,Umari,231370805,Umari,4545
2,Nordeste,23,Ceará,2313708,Umari,231370815,Pio X,2326
2,Nordeste,23,Ceará,2313757,Umirim,231375705,Umirim,9758
2,Nordeste,23,Ceará,2313757,Umirim,231375720,Caxitoré,2033
2,Nordeste,23,Ceará,2313757,Umirim,231375730,São Joaquim,5679
2,Nordeste,23,Ceará,2313807,Uruburetama,231380705,Uruburetama,17276
2,Nordeste,23,Ceará,2313807,Uruburetama,231380709,Itacolomy,738
2,Nordeste,23,Ceará,2313807,Uruburetama,231380711,Mundaú,674
2,Nordeste,23,Ceará,2313807,Uruburetama,231380713,Retiro,476
2,Nordeste,23,Ceará,2313807,Uruburetama,231380715,Santa Luzia,1025
2,Nordeste,23,Ceará,2313906,Uruoca,231390605,Uruoca,6926
2,Nordeste,23,Ceará,2313906,Uruoca,231390610,Campánario,4181
2,Nordeste,23,Ceará,2313906,Uruoca,231390615,Paracuá,2639
2,Nordeste,23,Ceará,2313955,Varjota,231395505,Varjota,16443
2,Nordeste,23,Ceará,2313955,Varjota,231395515,Croatá,1662
2,Nordeste,23,Ceará,2314003,Várzea Alegre,231400305,Várzea Alegre,28602
2,Nordeste,23,Ceará,2314003,Várzea Alegre,231400310,Calabaça,1607
2,Nordeste,23,Ceará,2314003,Várzea Alegre,231400315,Canindezinho,1916
2,Nordeste,23,Ceará,2314003,Várzea Alegre,231400320,Ibicatu,1743
2,Nordeste,23,Ceará,2314003,Várzea Alegre,231400325,Naraniú,2639
2,Nordeste,23,Ceará,2314003,Várzea Alegre,231400330,Riacho Verde,2477
2,Nordeste,23,Ceará,2314102,Viçosa do Ceará,231410205,Viçosa do Ceará,28054
2,Nordeste,23,Ceará,2314102,Viçosa do Ceará,231410210,General Tibúrcio,4390
2,Nordeste,23,Ceará,2314102,Viçosa do Ceará,231410212,Juá dos Vieiras,6631
2,Nordeste,23,Ceará,2314102,Viçosa do Ceará,231410215,Lambedouro,4873
2,Nordeste,23,Ceará,2314102,Viçosa do Ceará,231410217,Manhoso,2884
2,Nordeste,23,Ceará,2314102,Viçosa do Ceará,231410220,Padre Vieira,2778
2,Nordeste,23,Ceará,2314102,Viçosa do Ceará,231410223,Passagem da Onça,3256
2,Nordeste,23,Ceará,2314102,Viçosa do Ceará,231410225,Quatiguaba,6846
2,Nordeste,24,Rio Grande do Norte,2400109,Acari,240010905,Acari,10597
2,Nordeste,24,Rio Grande do Norte,2400208,Açu,240020805,Açu,56496
2,Nordeste,24,Rio Grande do Norte,2400307,Afonso Bezerra,240030705,Afonso Bezerra,10839
2,Nordeste,24,Rio Grande do Norte,2400406,Água Nova,240040605,Água Nova,2946
2,Nordeste,24,Rio Grande do Norte,2400505,Alexandria,240050505,Alexandria,13640
2,Nordeste,24,Rio Grande do Norte,2400604,Almino Afonso,240060405,Almino Afonso,4687
2,Nordeste,24,Rio Grande do Norte,2400703,Alto do Rodrigues,240070305,Alto do Rodrigues,12484
2,Nordeste,24,Rio Grande do Norte,2400802,Angicos,240080205,Angicos,11632
2,Nordeste,24,Rio Grande do Norte,2400901,Antônio Martins,240090105,Antônio Martins,6577
2,Nordeste,24,Rio Grande do Norte,2401008,Apodi,240100805,Apodi,36093
2,Nordeste,24,Rio Grande do Norte,2401107,Areia Branca,240110705,Areia Branca,24093
2,Nordeste,24,Rio Grande do Norte,2401206,Arês,240120605,Arês,13251
2,Nordeste,24,Rio Grande do Norte,2401305,Campo Grande,240130505,Campo Grande,9730
2,Nordeste,24,Rio Grande do Norte,2401404,Baía Formosa,240140405,Baía Formosa,8825
2,Nordeste,24,Rio Grande do Norte,2401453,Baraúna,240145305,Baraúna,26913
2,Nordeste,24,Rio Grande do Norte,2401503,Barcelona,240150305,Barcelona,3986
2,Nordeste,24,Rio Grande do Norte,2401602,Bento Fernandes,240160205,Bento Fernandes,4486
2,Nordeste,24,Rio Grande do Norte,2401602,Bento Fernandes,240160210,Belo Horizonte,321
2,Nordeste,24,Rio Grande do Norte,2401651,Bodó,240165105,Bodó,2306
2,Nordeste,24,Rio Grande do Norte,2401701,Bom Jesus,240170105,Bom Jesus,9952
2,Nordeste,24,Rio Grande do Norte,2401800,Brejinho,240180005,Brejinho,12202
2,Nordeste,24,Rio Grande do Norte,2401859,Caiçara do Norte,240185905,Caiçara do Norte,6293
2,Nordeste,24,Rio Grande do Norte,2401909,Caiçara do Rio do Vento,240190905,Caiçara do Rio do Vento,3268
2,Nordeste,24,Rio Grande do Norte,2402006,Caicó,240200605,Caicó,61146
2,Nordeste,24,Rio Grande do Norte,2402105,Campo Redondo,240210505,Campo Redondo,10215
2,Nordeste,24,Rio Grande do Norte,2402204,Canguaretama,240220405,Canguaretama,29668
2,Nordeste,24,Rio Grande do Norte,2402303,Caraúbas,240230305,Caraúbas,16865
2,Nordeste,24,Rio Grande do Norte,2402303,Caraúbas,240230310,São Geraldo,2862
2,Nordeste,24,Rio Grande do Norte,2402402,Carnaúba dos Dantas,240240205,Carnaúba dos Dantas,7992
2,Nordeste,24,Rio Grande do Norte,2402501,Carnaubais,240250105,Carnaubais,9714
2,Nordeste,24,Rio Grande do Norte,2402600,Ceará-Mirim,240260005,Ceará-Mirim,79115
2,Nordeste,24,Rio Grande do Norte,2402709,Cerro Corá,240270905,Cerro Corá,11000
2,Nordeste,24,Rio Grande do Norte,2402808,Coronel Ezequiel,240280805,Coronel Ezequiel,5117
2,Nordeste,24,Rio Grande do Norte,2402907,Coronel João Pessoa,240290705,Coronel João Pessoa,4237
2,Nordeste,24,Rio Grande do Norte,2403004,Cruzeta,240300405,Cruzeta,8005
2,Nordeste,24,Rio Grande do Norte,2403103,Currais Novos,240310305,Currais Novos,41313
2,Nordeste,24,Rio Grande do Norte,2403202,Doutor Severiano,240320205,Doutor Severiano,7044
2,Nordeste,24,Rio Grande do Norte,2403251,Parnamirim,240325105,Parnamirim,243612
2,Nordeste,24,Rio Grande do Norte,2403251,Parnamirim,240325110,Pium,4205
2,Nordeste,24,Rio Grande do Norte,2403251,Parnamirim,240325115,Cotovelo,1413
2,Nordeste,24,Rio Grande do Norte,2403251,Parnamirim,240325120,Pirangi do Norte,3486
2,Nordeste,24,Rio Grande do Norte,2403301,Encanto,240330105,Encanto,6016
2,Nordeste,24,Rio Grande do Norte,2403400,Equador,240340005,Equador,5360
2,Nordeste,24,Rio Grande do Norte,2403509,Espírito Santo,240350905,Espírito Santo,10620
2,Nordeste,24,Rio Grande do Norte,2403608,Extremoz,240360805,Extremoz,61635
2,Nordeste,24,Rio Grande do Norte,2403707,Felipe Guerra,240370705,Felipe Guerra,5944
2,Nordeste,24,Rio Grande do Norte,2403756,Fernando Pedroza,240375605,Fernando Pedroza,2938
2,Nordeste,24,Rio Grande do Norte,2403806,Florânia,240380605,Florânia,10196
2,Nordeste,24,Rio Grande do Norte,2403905,Francisco Dantas,240390505,Francisco Dantas,2700
2,Nordeste,24,Rio Grande do Norte,2404002,Frutuoso Gomes,240400205,Frutuoso Gomes,4122
2,Nordeste,24,Rio Grande do Norte,2404101,Galinhos,240410105,Galinhos,2104
2,Nordeste,24,Rio Grande do Norte,2404200,Goianinha,240420005,Goianinha,26741
2,Nordeste,24,Rio Grande do Norte,2404309,Governador Dix-Sept Rosado,240430905,Governador Dix-Sept Rosado,11938
2,Nordeste,24,Rio Grande do Norte,2404408,Grossos,240440805,Grossos,9924
2,Nordeste,24,Rio Grande do Norte,2404507,Guamaré,240450705,Guamaré,15295
2,Nordeste,24,Rio Grande do Norte,2404606,Ielmo Marinho,240460605,Ielmo Marinho,11615
2,Nordeste,24,Rio Grande do Norte,2404705,Ipanguaçu,240470505,Ipanguaçu,14131
2,Nordeste,24,Rio Grande do Norte,2404804,Ipueira,240480405,Ipueira,2035
2,Nordeste,24,Rio Grande do Norte,2404853,Itajá,240485305,Itajá,7292
2,Nordeste,24,Rio Grande do Norte,2404903,Itaú,240490305,Itaú,5320
2,Nordeste,24,Rio Grande do Norte,2405009,Jaçanã,240500905,Jaçanã,7834
2,Nordeste,24,Rio Grande do Norte,2405108,Jandaíra,240510805,Jandaíra,6562
2,Nordeste,24,Rio Grande do Norte,2405207,Janduís,240520705,Janduís,4746
2,Nordeste,24,Rio Grande do Norte,2405306,Januário Cicco,240530605,Januário Cicco,6812
2,Nordeste,24,Rio Grande do Norte,2405306,Januário Cicco,240530610,Córrego de São Mateus,2239
2,Nordeste,24,Rio Grande do Norte,2405405,Japi,240540505,Japi,5117
2,Nordeste,24,Rio Grande do Norte,2405504,Jardim de Angicos,240550405,Jardim de Angicos,2437
2,Nordeste,24,Rio Grande do Norte,2405603,Jardim de Piranhas,240560305,Jardim de Piranhas,13977
2,Nordeste,24,Rio Grande do Norte,2405702,Jardim do Seridó,240570205,Jardim do Seridó,11655
2,Nordeste,24,Rio Grande do Norte,2405801,João Câmara,240580105,João Câmara,33290
2,Nordeste,24,Rio Grande do Norte,2405900,João Dias,240590005,João Dias,1670
2,Nordeste,24,Rio Grande do Norte,2405900,João Dias,240590010,Rosário,406
2,Nordeste,24,Rio Grande do Norte,2406007,José da Penha,240600705,José da Penha,4494
2,Nordeste,24,Rio Grande do Norte,2406007,José da Penha,240600710,Major Felipe,1309
2,Nordeste,24,Rio Grande do Norte,2406106,Jucurutu,240610605,Jucurutu,17793
2,Nordeste,24,Rio Grande do Norte,2406155,Jundiá,240615505,Jundiá,3739
2,Nordeste,24,Rio Grande do Norte,2406205,Lagoa d'Anta,240620505,Lagoa d'Anta,6654
2,Nordeste,24,Rio Grande do Norte,2406304,Lagoa de Pedras,240630405,Lagoa de Pedras,7338
2,Nordeste,24,Rio Grande do Norte,2406403,Lagoa de Velhos,240640305,Lagoa de Velhos,2567
2,Nordeste,24,Rio Grande do Norte,2406502,Lagoa Nova,240650205,Lagoa Nova,15573
2,Nordeste,24,Rio Grande do Norte,2406601,Lagoa Salgada,240660105,Lagoa Salgada,8319
2,Nordeste,24,Rio Grande do Norte,2406700,Lajes,240670005,Lajes,8767
2,Nordeste,24,Rio Grande do Norte,2406700,Lajes,240670010,Firmamento,1099
2,Nordeste,24,Rio Grande do Norte,2406809,Lajes Pintadas,240680905,Lajes Pintadas,4787
2,Nordeste,24,Rio Grande do Norte,2406908,Lucrécia,240690805,Lucrécia,3490
2,Nordeste,24,Rio Grande do Norte,2407005,Luís Gomes,240700505,Luís Gomes,7117
2,Nordeste,24,Rio Grande do Norte,2407005,Luís Gomes,240700515,São Bernardo,1953
2,Nordeste,24,Rio Grande do Norte,2407104,Macaíba,240710405,Macaíba,66490
2,Nordeste,24,Rio Grande do Norte,2407104,Macaíba,240710410,Cana Brava,3518
2,Nordeste,24,Rio Grande do Norte,2407104,Macaíba,240710415,Traíras,4910
2,Nordeste,24,Rio Grande do Norte,2407104,Macaíba,240710420,Mangabeira,4773
2,Nordeste,24,Rio Grande do Norte,2407104,Macaíba,240710425,Cajazeiras,2558
2,Nordeste,24,Rio Grande do Norte,2407203,Macau,240720305,Macau,27369
2,Nordeste,24,Rio Grande do Norte,2407252,Major Sales,240725205,Major Sales,3924
2,Nordeste,24,Rio Grande do Norte,2407302,Marcelino Vieira,240730205,Marcelino Vieira,7896
2,Nordeste,24,Rio Grande do Norte,2407401,Martins,240740105,Martins,7870
2,Nordeste,24,Rio Grande do Norte,2407401,Martins,240740110,Salva Vida,309
2,Nordeste,24,Rio Grande do Norte,2407500,Maxaranguape,240750005,Maxaranguape,10255
2,Nordeste,24,Rio Grande do Norte,2407609,Messias Targino,240760905,Messias Targino,4274
2,Nordeste,24,Rio Grande do Norte,2407708,Montanhas,240770805,Montanhas,11444
2,Nordeste,24,Rio Grande do Norte,2407807,Monte Alegre,240780705,Monte Alegre,23031
2,Nordeste,24,Rio Grande do Norte,2407906,Monte das Gameleiras,240790605,Monte das Gameleiras,2276
2,Nordeste,24,Rio Grande do Norte,2408003,Mossoró,240800305,Mossoró,264577
2,Nordeste,24,Rio Grande do Norte,2408102,Natal,240810205,Natal,751300
2,Nordeste,24,Rio Grande do Norte,2408201,Nísia Floresta,240820105,Nísia Floresta,31942
2,Nordeste,24,Rio Grande do Norte,2408300,Nova Cruz,240830005,Nova Cruz,34269
2,Nordeste,24,Rio Grande do Norte,2408409,Olho d'Água do Borges,240840905,Olho d'Água do Borges,3905
2,Nordeste,24,Rio Grande do Norte,2408508,Ouro Branco,240850805,Ouro Branco,4913
2,Nordeste,24,Rio Grande do Norte,2408607,Paraná,240860705,Paraná,3934
2,Nordeste,24,Rio Grande do Norte,2408706,Paraú,240870605,Paraú,3579
2,Nordeste,24,Rio Grande do Norte,2408805,Parazinho,240880505,Parazinho,4801
2,Nordeste,24,Rio Grande do Norte,2408904,Parelhas,240890405,Parelhas,21499
2,Nordeste,24,Rio Grande do Norte,2408953,Rio do Fogo,240895305,Rio do Fogo,10351
2,Nordeste,24,Rio Grande do Norte,2409100,Passa e Fica,240910005,Passa e Fica,10896
2,Nordeste,24,Rio Grande do Norte,2409209,Passagem,240920905,Passagem,3115
2,Nordeste,24,Rio Grande do Norte,2409308,Patu,240930805,Patu,11007
2,Nordeste,24,Rio Grande do Norte,2409332,Santa Maria,240933205,Santa Maria,4847
2,Nordeste,24,Rio Grande do Norte,2409407,Pau dos Ferros,240940705,Pau dos Ferros,30479
2,Nordeste,24,Rio Grande do Norte,2409506,Pedra Grande,240950605,Pedra Grande,3618
2,Nordeste,24,Rio Grande do Norte,2409605,Pedra Preta,240960505,Pedra Preta,2441
2,Nordeste,24,Rio Grande do Norte,2409704,Pedro Avelino,240970405,Pedro Avelino,6242
2,Nordeste,24,Rio Grande do Norte,2409803,Pedro Velho,240980305,Pedro Velho,13824
2,Nordeste,24,Rio Grande do Norte,2409902,Pendências,240990205,Pendências,12278
2,Nordeste,24,Rio Grande do Norte,2410009,Pilões,241000905,Pilões,2965
2,Nordeste,24,Rio Grande do Norte,2410108,Poço Branco,241010805,Poço Branco,12390
2,Nordeste,24,Rio Grande do Norte,2410207,Portalegre,241020705,Portalegre,7601
2,Nordeste,24,Rio Grande do Norte,2410256,Porto do Mangue,241025605,Porto do Mangue,5228
2,Nordeste,24,Rio Grande do Norte,2410306,Serra Caiada,241030605,Serra Caiada,10125
2,Nordeste,24,Rio Grande do Norte,2410405,Pureza,241040505,Pureza,9362
2,Nordeste,24,Rio Grande do Norte,2410504,Rafael Fernandes,241050405,Rafael Fernandes,5432
2,Nordeste,24,Rio Grande do Norte,2410603,Rafael Godeiro,241060305,Rafael Godeiro,2934
2,Nordeste,24,Rio Grande do Norte,2410702,Riacho da Cruz,241070205,Riacho da Cruz,2701
2,Nordeste,24,Rio Grande do Norte,2410801,Riacho de Santana,241080105,Riacho de Santana,4127
2,Nordeste,24,Rio Grande do Norte,2410900,Riachuelo,241090005,Riachuelo,7389
2,Nordeste,24,Rio Grande do Norte,2411007,Rodolfo Fernandes,241100705,Rodolfo Fernandes,4242
2,Nordeste,24,Rio Grande do Norte,2411056,Tibau,241105605,Tibau,5382
2,Nordeste,24,Rio Grande do Norte,2411106,Ruy Barbosa,241110605,Ruy Barbosa,3206
2,Nordeste,24,Rio Grande do Norte,2411205,Santa Cruz,241120505,Santa Cruz,37313
2,Nordeste,24,Rio Grande do Norte,2411403,Santana do Matos,241140305,Santana do Matos,8688
2,Nordeste,24,Rio Grande do Norte,2411403,Santana do Matos,241140310,Barão de Serra Branca,1570
2,Nordeste,24,Rio Grande do Norte,2411403,Santana do Matos,241140320,Santa Teresa,1334
2,Nordeste,24,Rio Grande do Norte,2411403,Santana do Matos,241140325,São José da Passagem,864
2,Nordeste,24,Rio Grande do Norte,2411429,Santana do Seridó,241142905,Santana do Seridó,2696
2,Nordeste,24,Rio Grande do Norte,2411502,Santo Antônio,241150205,Santo Antônio,22177
2,Nordeste,24,Rio Grande do Norte,2411601,São Bento do Norte,241160105,São Bento do Norte,3304
2,Nordeste,24,Rio Grande do Norte,2411700,São Bento do Trairí,241170005,São Bento do Trairí,3792
2,Nordeste,24,Rio Grande do Norte,2411809,São Fernando,241180905,São Fernando,3492
2,Nordeste,24,Rio Grande do Norte,2411908,São Francisco do Oeste,241190805,São Francisco do Oeste,4161
2,Nordeste,24,Rio Grande do Norte,2412005,São Gonçalo do Amarante,241200505,São Gonçalo do Amarante,115838
2,Nordeste,24,Rio Grande do Norte,2412104,São João do Sabugi,241210405,São João do Sabugi,5956
2,Nordeste,24,Rio Grande do Norte,2412203,São José de Mipibu,241220305,São José de Mipibu,47286
2,Nordeste,24,Rio Grande do Norte,2412302,São José do Campestre,241230205,São José do Campestre,10611
2,Nordeste,24,Rio Grande do Norte,2412302,São José do Campestre,241230210,Ipiranga,510
2,Nordeste,24,Rio Grande do Norte,2412401,São José do Seridó,241240105,São José do Seridó,4558
2,Nordeste,24,Rio Grande do Norte,2412500,São Miguel,241250005,São Miguel,23537
2,Nordeste,24,Rio Grande do Norte,2412559,São Miguel do Gostoso,241255905,São Miguel do Gostoso,10221
2,Nordeste,24,Rio Grande do Norte,2412609,São Paulo do Potengi,241260905,São Paulo do Potengi,16786
2,Nordeste,24,Rio Grande do Norte,2412708,São Pedro,241270805,São Pedro,5776
2,Nordeste,24,Rio Grande do Norte,2412807,São Rafael,241280705,São Rafael,7711
2,Nordeste,24,Rio Grande do Norte,2412906,São Tomé,241290605,São Tomé,9972
2,Nordeste,24,Rio Grande do Norte,2413003,São Vicente,241300305,São Vicente,6310
2,Nordeste,24,Rio Grande do Norte,2413102,Senador Elói de Souza,241310205,Senador Elói de Souza,5965
2,Nordeste,24,Rio Grande do Norte,2413201,Senador Georgino Avelino,241320105,Senador Georgino Avelino,1335
2,Nordeste,24,Rio Grande do Norte,2413201,Senador Georgino Avelino,241320110,Carnaúba,2730
2,Nordeste,24,Rio Grande do Norte,2413300,Serra de São Bento,241330005,Serra de São Bento,5703
2,Nordeste,24,Rio Grande do Norte,2413359,Serra do Mel,241335905,Serra do Mel,13091
2,Nordeste,24,Rio Grande do Norte,2413409,Serra Negra do Norte,241340905,Serra Negra do Norte,7597
2,Nordeste,24,Rio Grande do Norte,2413508,Serrinha,241350805,Serrinha,6436
2,Nordeste,24,Rio Grande do Norte,2413557,Serrinha dos Pintos,241355705,Serrinha dos Pintos,4659
2,Nordeste,24,Rio Grande do Norte,2413607,Severiano Melo,241360705,Severiano Melo,5487
2,Nordeste,24,Rio Grande do Norte,2413706,Sítio Novo,241370605,Sítio Novo,3032
2,Nordeste,24,Rio Grande do Norte,2413706,Sítio Novo,241370610,Serra da Tapuia,1622
2,Nordeste,24,Rio Grande do Norte,2413805,Taboleiro Grande,241380505,Taboleiro Grande,2338
2,Nordeste,24,Rio Grande do Norte,2413904,Taipu,241390405,Taipu,7079
2,Nordeste,24,Rio Grande do Norte,2413904,Taipu,241390410,Gameleira,4343
2,Nordeste,24,Rio Grande do Norte,2414001,Tangará,241400105,Tangará,12068
2,Nordeste,24,Rio Grande do Norte,2414001,Tangará,241400110,Trairi,1213
2,Nordeste,24,Rio Grande do Norte,2414100,Tenente Ananias,241410005,Tenente Ananias,8752
2,Nordeste,24,Rio Grande do Norte,2414100,Tenente Ananias,241410010,Mata de São Braz,1510
2,Nordeste,24,Rio Grande do Norte,2414159,Tenente Laurentino Cruz,241415905,Tenente Laurentino Cruz,5891
2,Nordeste,24,Rio Grande do Norte,2414209,Tibau do Sul,241420905,Tibau do Sul,16929
2,Nordeste,24,Rio Grande do Norte,2414308,Timbaúba dos Batistas,241430805,Timbaúba dos Batistas,2348
2,Nordeste,24,Rio Grande do Norte,2414407,Touros,241440705,Touros,33035
2,Nordeste,24,Rio Grande do Norte,2414456,Triunfo Potiguar,241445605,Triunfo Potiguar,3376
2,Nordeste,24,Rio Grande do Norte,2414506,Umarizal,241450605,Umarizal,10078
2,Nordeste,24,Rio Grande do Norte,2414605,Upanema,241460505,Upanema,13577
2,Nordeste,24,Rio Grande do Norte,2414704,Várzea,241470405,Várzea,5233
2,Nordeste,24,Rio Grande do Norte,2414753,Venha-Ver,241475305,Venha-Ver,3014
2,Nordeste,24,Rio Grande do Norte,2414803,Vera Cruz,241480305,Vera Cruz,10735
2,Nordeste,24,Rio Grande do Norte,2414902,Viçosa,241490205,Viçosa,1822
2,Nordeste,24,Rio Grande do Norte,2415008,Vila Flor,241500805,Vila Flor,3174
2,Nordeste,25,Paraíba,2500106,Água Branca,250010605,Água Branca,9335
2,Nordeste,25,Paraíba,2500205,Aguiar,250020505,Aguiar,5003
2,Nordeste,25,Paraíba,2500304,Alagoa Grande,250030405,Alagoa Grande,26062
2,Nordeste,25,Paraíba,2500403,Alagoa Nova,250040305,Alagoa Nova,21013
2,Nordeste,25,Paraíba,2500502,Alagoinha,250050205,Alagoinha,13725
2,Nordeste,25,Paraíba,2500536,Alcantil,250053605,Alcantil,5578
2,Nordeste,25,Paraíba,2500577,Algodão de Jandaíra,250057705,Algodão de Jandaíra,2953
2,Nordeste,25,Paraíba,2500601,Alhandra,250060105,Alhandra,21730
2,Nordeste,25,Paraíba,2500700,São João do Rio do Peixe,250070005,São João do Rio do Peixe,14140
2,Nordeste,25,Paraíba,2500700,São João do Rio do Peixe,250070015,Umari,3824
2,Nordeste,25,Paraíba,2500734,Amparo,250073405,Amparo,2234
2,Nordeste,25,Paraíba,2500775,Aparecida,250077505,Aparecida,7960
2,Nordeste,25,Paraíba,2500809,Araçagi,250080905,Araçagi,16646
2,Nordeste,25,Paraíba,2500908,Arara,250090805,Arara,12212
2,Nordeste,25,Paraíba,2501005,Araruna,250100505,Araruna,17189
2,Nordeste,25,Paraíba,2501104,Areia,250110405,Areia,15945
2,Nordeste,25,Paraíba,2501104,Areia,250110410,Cepilho,1730
2,Nordeste,25,Paraíba,2501104,Areia,250110415,Mata Limpa,2370
2,Nordeste,25,Paraíba,2501104,Areia,250110420,Muquém,2588
2,Nordeste,25,Paraíba,2501153,Areia de Baraúnas,250115305,Areia de Baraúnas,2005
2,Nordeste,25,Paraíba,2501203,Areial,250120305,Areial,7128
2,Nordeste,25,Paraíba,2501302,Aroeiras,250130205,Aroeiras,15976
2,Nordeste,25,Paraíba,2501302,Aroeiras,250130220,Pedro Velho,2729
2,Nordeste,25,Paraíba,2501351,Assunção,250135105,Assunção,4152
2,Nordeste,25,Paraíba,2501401,Baía da Traição,250140105,Baía da Traição,9224
2,Nordeste,25,Paraíba,2501500,Bananeiras,250150005,Bananeiras,12785
2,Nordeste,25,Paraíba,2501500,Bananeiras,250150010,Maia,1800
2,Nordeste,25,Paraíba,2501500,Bananeiras,250150020,Taboleiro,4427
2,Nordeste,25,Paraíba,2501500,Bananeiras,250150030,Roma,4122
2,Nordeste,25,Paraíba,2501534,Baraúna,250153405,Baraúna,4762
2,Nordeste,25,Paraíba,2501575,Barra de Santana,250157505,Barra de Santana,8059
2,Nordeste,25,Paraíba,2501609,Barra de Santa Rosa,250160905,Barra de Santa Rosa,12904
2,Nordeste,25,Paraíba,2501708,Barra de São Miguel,250170805,Barra de São Miguel,5906
2,Nordeste,25,Paraíba,2501807,Bayeux,250180705,Bayeux,82742
2,Nordeste,25,Paraíba,2501906,Belém,250190605,Belém,13263
2,Nordeste,25,Paraíba,2501906,Belém,250190610,Rua Nova,3138
2,Nordeste,25,Paraíba,2502003,Belém do Brejo do Cruz,250200305,Belém do Brejo do Cruz,6268
2,Nordeste,25,Paraíba,2502052,Bernardino Batista,250205205,Bernardino Batista,3504
2,Nordeste,25,Paraíba,2502102,Boa Ventura,250210205,Boa Ventura,5207
2,Nordeste,25,Paraíba,2502151,Boa Vista,250215105,Boa Vista,6377
2,Nordeste,25,Paraíba,2502201,Bom Jesus,250220105,Bom Jesus,2286
2,Nordeste,25,Paraíba,2502300,Bom Sucesso,250230005,Bom Sucesso,4661
2,Nordeste,25,Paraíba,2502409,Bonito de Santa Fé,250240905,Bonito de Santa Fé,8746
2,Nordeste,25,Paraíba,2502409,Bonito de Santa Fé,250240930,Viana,1506
2,Nordeste,25,Paraíba,2502508,Boqueirão,250250805,Boqueirão,16489
2,Nordeste,25,Paraíba,2502508,Boqueirão,250250830,Marinho,1109
2,Nordeste,25,Paraíba,2502607,Igaracy,250260705,Igaracy,5648
2,Nordeste,25,Paraíba,2502706,Borborema,250270605,Borborema,4214
2,Nordeste,25,Paraíba,2502805,Brejo do Cruz,250280505,Brejo do Cruz,13613
2,Nordeste,25,Paraíba,2502904,Brejo dos Santos,250290405,Brejo dos Santos,5742
2,Nordeste,25,Paraíba,2503001,Caaporã,250300105,Caaporã,16734
2,Nordeste,25,Paraíba,2503001,Caaporã,250300115,Cupissura,4459
2,Nordeste,25,Paraíba,2503100,Cabaceiras,250310005,Cabaceiras,3342
2,Nordeste,25,Paraíba,2503100,Cabaceiras,250310008,Ribeira,1993
2,Nordeste,25,Paraíba,2503209,Cabedelo,250320905,Cabedelo,57906
2,Nordeste,25,Paraíba,2503209,Cabedelo,250320925,Renascer,8613
2,Nordeste,25,Paraíba,2503308,Cachoeira dos Índios,250330805,Cachoeira dos Índios,6669
2,Nordeste,25,Paraíba,2503308,Cachoeira dos Índios,250330810,Balanços,331
2,Nordeste,25,Paraíba,2503308,Cachoeira dos Índios,250330815,Fátima,1288
2,Nordeste,25,Paraíba,2503308,Cachoeira dos Índios,250330820,São José de Marimbas,863
2,Nordeste,25,Paraíba,2503407,Cacimba de Areia,250340705,Cacimba de Areia,3291
2,Nordeste,25,Paraíba,2503506,Cacimba de Dentro,250350605,Cacimba de Dentro,13662
2,Nordeste,25,Paraíba,2503506,Cacimba de Dentro,250350610,Logradouro de São Francisco,2402
2,Nordeste,25,Paraíba,2503555,Cacimbas,250355505,Cacimbas,3894
2,Nordeste,25,Paraíba,2503555,Cacimbas,250355510,São Sebastião,3329
2,Nordeste,25,Paraíba,2503605,Caiçara,250360505,Caiçara,6602
2,Nordeste,25,Paraíba,2503704,Cajazeiras,250370405,Cajazeiras,58372
2,Nordeste,25,Paraíba,2503704,Cajazeiras,250370410,Engenheiro Ávidos,3599
2,Nordeste,25,Paraíba,2503704,Cajazeiras,250370415,Divinópolis,1268
2,Nordeste,25,Paraíba,2503753,Cajazeirinhas,250375305,Cajazeirinhas,2740
2,Nordeste,25,Paraíba,2503803,Caldas Brandão,250380305,Caldas Brandão,5753
2,Nordeste,25,Paraíba,2503902,Camalaú,250390205,Camalaú,5479
2,Nordeste,25,Paraíba,2503902,Camalaú,250390210,Pindurão,606
2,Nordeste,25,Paraíba,2504009,Campina Grande,250400905,Campina Grande,396481
2,Nordeste,25,Paraíba,2504009,Campina Grande,250400915,Catolé,3297
2,Nordeste,25,Paraíba,2504009,Campina Grande,250400920,Galante,8014
2,Nordeste,25,Paraíba,2504009,Campina Grande,250400925,São José da Mata,11587
2,Nordeste,25,Paraíba,2504033,Capim,250403305,Capim,4664
2,Nordeste,25,Paraíba,2504033,Capim,250403315,Olho D'Água do Serrão,2306
2,Nordeste,25,Paraíba,2504074,Caraúbas,250407405,Caraúbas,3944
2,Nordeste,25,Paraíba,2504108,Carrapateira,250410805,Carrapateira,2312
2,Nordeste,25,Paraíba,2504157,Casserengue,250415705,Casserengue,6889
2,Nordeste,25,Paraíba,2504207,Catingueira,250420705,Catingueira,4106
2,Nordeste,25,Paraíba,2504207,Catingueira,250420710,Itajubatiba,385
2,Nordeste,25,Paraíba,2504306,Catolé do Rocha,250430605,Catolé do Rocha,26820
2,Nordeste,25,Paraíba,2504306,Catolé do Rocha,250430610,Coronel Maia,2098
2,Nordeste,25,Paraíba,2504306,Catolé do Rocha,250430625,Picos,1743
2,Nordeste,25,Paraíba,2504355,Caturité,250435505,Caturité,5254
2,Nordeste,25,Paraíba,2504405,Conceição,250440505,Conceição,15318
2,Nordeste,25,Paraíba,2504405,Conceição,250440510,Cardoso,847
2,Nordeste,25,Paraíba,2504405,Conceição,250440515,Montevidéo,692
2,Nordeste,25,Paraíba,2504405,Conceição,250440525,Cabaças dos Martins,565
2,Nordeste,25,Paraíba,2504405,Conceição,250440530,Mata Grande,838
2,Nordeste,25,Paraíba,2504504,Condado,250450405,Condado,6451
2,Nordeste,25,Paraíba,2504603,Conde,250460305,Conde,25669
2,Nordeste,25,Paraíba,2504603,Conde,250460316,Jacumã,1936
2,Nordeste,25,Paraíba,2504702,Congo,250470205,Congo,4933
2,Nordeste,25,Paraíba,2504801,Coremas,250480105,Coremas,14683
2,Nordeste,25,Paraíba,2504850,Coxixola,250485005,Coxixola,1824
2,Nordeste,25,Paraíba,2504900,Cruz do Espírito Santo,250490005,Cruz do Espírito Santo,16172
2,Nordeste,25,Paraíba,2504900,Cruz do Espírito Santo,250490010,Nova Massangana,923
2,Nordeste,25,Paraíba,2505006,Cubati,250500605,Cubati,7580
2,Nordeste,25,Paraíba,2505105,Cuité,250510505,Cuité,17424
2,Nordeste,25,Paraíba,2505105,Cuité,250510510,Melo,2295
2,Nordeste,25,Paraíba,2505204,Cuitegi,250520405,Cuitegi,6730
2,Nordeste,25,Paraíba,2505238,Cuité de Mamanguape,250523805,Cuité de Mamanguape,6251
2,Nordeste,25,Paraíba,2505279,Curral de Cima,250527905,Curral de Cima,5254
2,Nordeste,25,Paraíba,2505303,Curral Velho,250530305,Curral Velho,2292
2,Nordeste,25,Paraíba,2505352,Damião,250535205,Damião,4982
2,Nordeste,25,Paraíba,2505402,Desterro,250540205,Desterro,8067
2,Nordeste,25,Paraíba,2505501,Vista Serrana,250550105,Vista Serrana,3641
2,Nordeste,25,Paraíba,2505600,Diamante,250560005,Diamante,5793
2,Nordeste,25,Paraíba,2505600,Diamante,250560010,Vazante,506
2,Nordeste,25,Paraíba,2505709,Dona Inês,250570905,Dona Inês,10380
2,Nordeste,25,Paraíba,2505808,Duas Estradas,250580805,Duas Estradas,3327
2,Nordeste,25,Paraíba,2505907,Emas,250590705,Emas,3011
2,Nordeste,25,Paraíba,2506004,Esperança,250600405,Esperança,31231
2,Nordeste,25,Paraíba,2506103,Fagundes,250610305,Fagundes,11049
2,Nordeste,25,Paraíba,2506202,Frei Martinho,250620205,Frei Martinho,2846
2,Nordeste,25,Paraíba,2506251,Gado Bravo,250625105,Gado Bravo,8179
2,Nordeste,25,Paraíba,2506301,Guarabira,250630105,Guarabira,53948
2,Nordeste,25,Paraíba,2506301,Guarabira,250630110,Cachoeira,3536
2,Nordeste,25,Paraíba,2506400,Gurinhém,250640005,Gurinhém,13766
2,Nordeste,25,Paraíba,2506509,Gurjão,250650905,Gurjão,3242
2,Nordeste,25,Paraíba,2506608,Ibiara,250660805,Ibiara,5218
2,Nordeste,25,Paraíba,2506608,Ibiara,250660810,Cachoeirinha,413
2,Nordeste,25,Paraíba,2506707,Imaculada,250670705,Imaculada,7787
2,Nordeste,25,Paraíba,2506707,Imaculada,250670715,Palmeira,2605
2,Nordeste,25,Paraíba,2506806,Ingá,250680605,Ingá,14559
2,Nordeste,25,Paraíba,2506806,Ingá,250680607,Pontina,3133
2,Nordeste,25,Paraíba,2506905,Itabaiana,250690505,Itabaiana,20200
2,Nordeste,25,Paraíba,2506905,Itabaiana,250690510,Campo Grande,1766
2,Nordeste,25,Paraíba,2506905,Itabaiana,250690515,Guarita,1216
2,Nordeste,25,Paraíba,2507002,Itaporanga,250700205,Itaporanga,23940
2,Nordeste,25,Paraíba,2507101,Itapororoca,250710105,Itapororoca,18382
2,Nordeste,25,Paraíba,2507200,Itatuba,250720005,Itatuba,10499
2,Nordeste,25,Paraíba,2507309,Jacaraú,250730905,Jacaraú,11505
2,Nordeste,25,Paraíba,2507309,Jacaraú,250730910,Timbó,2972
2,Nordeste,25,Paraíba,2507408,Jericó,250740805,Jericó,7516
2,Nordeste,25,Paraíba,2507507,João Pessoa,250750705,João Pessoa,833932
2,Nordeste,25,Paraíba,2507606,Juarez Távora,250760605,Juarez Távora,7796
2,Nordeste,25,Paraíba,2507705,Juazeirinho,250770505,Juazeirinho,17007
2,Nordeste,25,Paraíba,2507804,Junco do Seridó,250780405,Junco do Seridó,6793
2,Nordeste,25,Paraíba,2507903,Juripiranga,250790305,Juripiranga,10012
2,Nordeste,25,Paraíba,2508000,Juru,250800005,Juru,9234
2,Nordeste,25,Paraíba,2508109,Lagoa,250810905,Lagoa,4415
2,Nordeste,25,Paraíba,2508208,Lagoa de Dentro,250820805,Lagoa de Dentro,7819
2,Nordeste,25,Paraíba,2508307,Lagoa Seca,250830705,Lagoa Seca,27730
2,Nordeste,25,Paraíba,2508406,Lastro,250840605,Lastro,3162
2,Nordeste,25,Paraíba,2508505,Livramento,250850505,Livramento,6877
2,Nordeste,25,Paraíba,2508554,Logradouro,250855405,Logradouro,4797
2,Nordeste,25,Paraíba,2508604,Lucena,250860405,Lucena,7036
2,Nordeste,25,Paraíba,2508604,Lucena,250860415,Praia de Fagundes,5524
2,Nordeste,25,Paraíba,2508703,Mãe d'Água,250870305,Mãe d'Água,3583
2,Nordeste,25,Paraíba,2508802,Malta,250880205,Malta,6046
2,Nordeste,25,Paraíba,2508901,Mamanguape,250890105,Mamanguape,40568
2,Nordeste,25,Paraíba,2508901,Mamanguape,250890125,Pitanga da Estrada,4031
2,Nordeste,25,Paraíba,2509008,Manaíra,250900805,Manaíra,9214
2,Nordeste,25,Paraíba,2509008,Manaíra,250900810,Pelo Sinal,1220
2,Nordeste,25,Paraíba,2509057,Marcação,250905705,Marcação,6304
2,Nordeste,25,Paraíba,2509057,Marcação,250905710,Camurupim,2695
2,Nordeste,25,Paraíba,2509107,Mari,250910705,Mari,21512
2,Nordeste,25,Paraíba,2509156,Marizópolis,250915605,Marizópolis,6705
2,Nordeste,25,Paraíba,2509206,Massaranduba,250920605,Massaranduba,14139
2,Nordeste,25,Paraíba,2509305,Mataraca,250930505,Mataraca,7470
2,Nordeste,25,Paraíba,2509305,Mataraca,250930510,Barra de Camaratuba,774
2,Nordeste,25,Paraíba,2509339,Matinhas,250933905,Matinhas,4571
2,Nordeste,25,Paraíba,2509370,Mato Grosso,250937005,Mato Grosso,2543
2,Nordeste,25,Paraíba,2509396,Maturéia,250939605,Maturéia,6433
2,Nordeste,25,Paraíba,2509404,Mogeiro,250940405,Mogeiro,9625
2,Nordeste,25,Paraíba,2509404,Mogeiro,250940420,Gameleira,4274
2,Nordeste,25,Paraíba,2509503,Montadas,250950305,Montadas,5812
2,Nordeste,25,Paraíba,2509602,Monte Horebe,250960205,Monte Horebe,4338
2,Nordeste,25,Paraíba,2509701,Monteiro,250970105,Monteiro,32277
2,Nordeste,25,Paraíba,2509800,Mulungu,250980005,Mulungu,6552
2,Nordeste,25,Paraíba,2509800,Mulungu,250980010,Leal-Lândia,2239
2,Nordeste,25,Paraíba,2509909,Natuba,250990905,Natuba,5219
2,Nordeste,25,Paraíba,2509909,Natuba,250990910,Pirauá,3726
2,Nordeste,25,Paraíba,2510006,Nazarezinho,251000605,Nazarezinho,7203
2,Nordeste,25,Paraíba,2510105,Nova Floresta,251010505,Nova Floresta,9724
2,Nordeste,25,Paraíba,2510204,Nova Olinda,251020405,Nova Olinda,5787
2,Nordeste,25,Paraíba,2510303,Nova Palmeira,251030305,Nova Palmeira,4259
2,Nordeste,25,Paraíba,2510402,Olho d'Água,251040205,Olho d'Água,4875
2,Nordeste,25,Paraíba,2510402,Olho d'Água,251040230,Socorro,1185
2,Nordeste,25,Paraíba,2510501,Olivedos,251050105,Olivedos,3580
2,Nordeste,25,Paraíba,2510600,Ouro Velho,251060005,Ouro Velho,2918
2,Nordeste,25,Paraíba,2510659,Parari,251065905,Parari,1720
2,Nordeste,25,Paraíba,2510709,Passagem,251070905,Passagem,2463
2,Nordeste,25,Paraíba,2510808,Patos,251080805,Patos,101214
2,Nordeste,25,Paraíba,2510808,Patos,251080810,Santa Gertrudes,1951
2,Nordeste,25,Paraíba,2510907,Paulista,251090705,Paulista,8159
2,Nordeste,25,Paraíba,2510907,Paulista,251090707,Ipueiras,1555
2,Nordeste,25,Paraíba,2510907,Paulista,251090710,Mimoso,2120
2,Nordeste,25,Paraíba,2511004,Pedra Branca,251100405,Pedra Branca,3739
2,Nordeste,25,Paraíba,2511103,Pedra Lavrada,251110305,Pedra Lavrada,6859
2,Nordeste,25,Paraíba,2511202,Pedras de Fogo,251120205,Pedras de Fogo,29662
2,Nordeste,25,Paraíba,2511301,Piancó,251130105,Piancó,16441
2,Nordeste,25,Paraíba,2511400,Picuí,251140005,Picuí,18333
2,Nordeste,25,Paraíba,2511509,Pilar,251150905,Pilar,12311
2,Nordeste,25,Paraíba,2511608,Pilões,251160805,Pilões,6815
2,Nordeste,25,Paraíba,2511707,Pilõezinhos,251170705,Pilõezinhos,5329
2,Nordeste,25,Paraíba,2511806,Pirpirituba,251180605,Pirpirituba,9340
2,Nordeste,25,Paraíba,2511905,Pitimbu,251190505,Pitimbu,16751
2,Nordeste,25,Paraíba,2512002,Pocinhos,251200205,Pocinhos,16236
2,Nordeste,25,Paraíba,2512002,Pocinhos,251200210,Nazaré,1233
2,Nordeste,25,Paraíba,2512036,Poço Dantas,251203605,Poço Dantas,3830
2,Nordeste,25,Paraíba,2512077,Poço de José de Moura,251207705,Poço de José de Moura,4006
2,Nordeste,25,Paraíba,2512101,Pombal,251210105,Pombal,30778
2,Nordeste,25,Paraíba,2512101,Pombal,251210115,Várzea Comprida,1695
2,Nordeste,25,Paraíba,2512200,Prata,251220005,Prata,3915
2,Nordeste,25,Paraíba,2512309,Princesa Isabel,251230905,Princesa Isabel,21114
2,Nordeste,25,Paraíba,2512408,Puxinanã,251240805,Puxinanã,14277
2,Nordeste,25,Paraíba,2512507,Queimadas,251250705,Queimadas,47658
2,Nordeste,25,Paraíba,2512606,Quixaba,251260605,Quixaba,1743
2,Nordeste,25,Paraíba,2512705,Remígio,251270505,Remígio,17885
2,Nordeste,25,Paraíba,2512721,Pedro Régis,251272105,Pedro Régis,5766
2,Nordeste,25,Paraíba,2512747,Riachão,251274705,Riachão,2927
2,Nordeste,25,Paraíba,2512754,Riachão do Bacamarte,251275405,Riachão do Bacamarte,4690
2,Nordeste,25,Paraíba,2512762,Riachão do Poço,251276205,Riachão do Poço,4738
2,Nordeste,25,Paraíba,2512788,Riacho de Santo Antônio,251278805,Riacho de Santo Antônio,1955
2,Nordeste,25,Paraíba,2512804,Riacho dos Cavalos,251280405,Riacho dos Cavalos,8493
2,Nordeste,25,Paraíba,2512903,Rio Tinto,251290305,Rio Tinto,20527
2,Nordeste,25,Paraíba,2512903,Rio Tinto,251290307,Barra do Mamanguape,1642
2,Nordeste,25,Paraíba,2512903,Rio Tinto,251290320,Salema,2412
2,Nordeste,25,Paraíba,2513000,Salgadinho,251300005,Salgadinho,2357
2,Nordeste,25,Paraíba,2513000,Salgadinho,251300030,São José da Batalha,998
2,Nordeste,25,Paraíba,2513109,Salgado de São Félix,251310905,Salgado de São Félix,6998
2,Nordeste,25,Paraíba,2513109,Salgado de São Félix,251310907,Dois Riachos,2238
2,Nordeste,25,Paraíba,2513109,Salgado de São Félix,251310908,Feira Nova,2269
2,Nordeste,25,Paraíba,2513158,Santa Cecília,251315805,Santa Cecília,7670
2,Nordeste,25,Paraíba,2513208,Santa Cruz,251320805,Santa Cruz,5947
2,Nordeste,25,Paraíba,2513307,Santa Helena,251330705,Santa Helena,5865
2,Nordeste,25,Paraíba,2513356,Santa Inês,251335605,Santa Inês,3227
2,Nordeste,25,Paraíba,2513406,Santa Luzia,251340605,Santa Luzia,14959
2,Nordeste,25,Paraíba,2513505,Santana de Mangueira,251350505,Santana de Mangueira,5010
2,Nordeste,25,Paraíba,2513604,Santana dos Garrotes,251360405,Santana dos Garrotes,5035
2,Nordeste,25,Paraíba,2513604,Santana dos Garrotes,251360420,Pitombeira de Dentro,1534
2,Nordeste,25,Paraíba,2513653,Joca Claudino,251365305,Joca Claudino,2539
2,Nordeste,25,Paraíba,2513703,Santa Rita,251370305,Santa Rita,138034
2,Nordeste,25,Paraíba,2513703,Santa Rita,251370310,Nossa Senhora do Livramento,11876
2,Nordeste,25,Paraíba,2513802,Santa Teresinha,251380205,Santa Teresinha,4402
2,Nordeste,25,Paraíba,2513851,Santo André,251385105,Santo André,2622
2,Nordeste,25,Paraíba,2513901,São Bento,251390105,São Bento,32235
2,Nordeste,25,Paraíba,2513927,São Bentinho,251392705,São Bentinho,4327
2,Nordeste,25,Paraíba,2513943,São Domingos do Cariri,251394305,São Domingos do Cariri,2585
2,Nordeste,25,Paraíba,2513968,São Domingos,251396805,São Domingos,2595
2,Nordeste,25,Paraíba,2513984,São Francisco,251398405,São Francisco,3137
2,Nordeste,25,Paraíba,2514008,São João do Cariri,251400805,São João do Cariri,4226
2,Nordeste,25,Paraíba,2514107,São João do Tigre,251410705,São João do Tigre,2005
2,Nordeste,25,Paraíba,2514107,São João do Tigre,251410710,Santa Maria,2258
2,Nordeste,25,Paraíba,2514206,São José da Lagoa Tapada,251420605,São José da Lagoa Tapada,7126
2,Nordeste,25,Paraíba,2514305,São José de Caiana,251430505,São José de Caiana,5034
2,Nordeste,25,Paraíba,2514404,São José de Espinharas,251440405,São José de Espinharas,4083
2,Nordeste,25,Paraíba,2514453,São José dos Ramos,251445305,São José dos Ramos,5891
2,Nordeste,25,Paraíba,2514503,São José de Piranhas,251450305,São José de Piranhas,18236
2,Nordeste,25,Paraíba,2514503,São José de Piranhas,251450310,Bom Jesus,831
2,Nordeste,25,Paraíba,2514552,São José de Princesa,251455205,São José de Princesa,3416
2,Nordeste,25,Paraíba,2514602,São José do Bonfim,251460205,São José do Bonfim,3242
2,Nordeste,25,Paraíba,2514651,São José do Brejo do Cruz,251465105,São José do Brejo do Cruz,1699
2,Nordeste,25,Paraíba,2514701,São José do Sabugi,251470105,São José do Sabugi,4138
2,Nordeste,25,Paraíba,2514800,São José dos Cordeiros,251480005,São José dos Cordeiros,3411
2,Nordeste,25,Paraíba,2514909,São Mamede,251490905,São Mamede,7470
2,Nordeste,25,Paraíba,2515005,São Miguel de Taipu,251500505,São Miguel de Taipu,7066
2,Nordeste,25,Paraíba,2515104,São Sebastião de Lagoa de Roça,251510405,São Sebastião de Lagoa de Roça,11040
2,Nordeste,25,Paraíba,2515203,São Sebastião do Umbuzeiro,251520305,São Sebastião do Umbuzeiro,3279
2,Nordeste,25,Paraíba,2515302,Sapé,251530205,Sapé,48843
2,Nordeste,25,Paraíba,2515302,Sapé,251530220,Renascença,2463
2,Nordeste,25,Paraíba,2515401,São Vicente do Seridó,251540105,Seridó,1000
2,Nordeste,25,Paraíba,2515401,São Vicente do Seridó,251540110,São Vicente do Seridó,9291
2,Nordeste,25,Paraíba,2515500,Serra Branca,251550005,Serra Branca,11938
2,Nordeste,25,Paraíba,2515500,Serra Branca,251550015,Santa Luzia do Cariri,908
2,Nordeste,25,Paraíba,2515500,Serra Branca,251550020,Sucuru,768
2,Nordeste,25,Paraíba,2515609,Serra da Raiz,251560905,Serra da Raiz,3094
2,Nordeste,25,Paraíba,2515708,Serra Grande,251570805,Serra Grande,2942
2,Nordeste,25,Paraíba,2515807,Serra Redonda,251580705,Serra Redonda,6828
2,Nordeste,25,Paraíba,2515906,Serraria,251590605,Serraria,4885
2,Nordeste,25,Paraíba,2515930,Sertãozinho,251593005,Sertãozinho,5054
2,Nordeste,25,Paraíba,2515971,Sobrado,251597105,Sobrado,8236
2,Nordeste,25,Paraíba,2516003,Solânea,251600305,Solânea,26774
2,Nordeste,25,Paraíba,2516102,Soledade,251610205,Soledade,13171
2,Nordeste,25,Paraíba,2516102,Soledade,251610210,Bom Sucesso,797
2,Nordeste,25,Paraíba,2516151,Sossêgo,251615105,Sossêgo,3345
2,Nordeste,25,Paraíba,2516201,Sousa,251620105,Sousa,67259
2,Nordeste,25,Paraíba,2516300,Sumé,251630005,Sumé,16372
2,Nordeste,25,Paraíba,2516300,Sumé,251630015,Pio X,794
2,Nordeste,25,Paraíba,2516409,Tacima,251640905,Tacima,8010
2,Nordeste,25,Paraíba,2516508,Taperoá,251650805,Taperoá,14068
2,Nordeste,25,Paraíba,2516607,Tavares,251660705,Tavares,14101
2,Nordeste,25,Paraíba,2516706,Teixeira,251670605,Teixeira,14631
2,Nordeste,25,Paraíba,2516755,Tenório,251675505,Tenório,2966
2,Nordeste,25,Paraíba,2516805,Triunfo,251680505,Triunfo,9892
2,Nordeste,25,Paraíba,2516904,Uiraúna,251690405,Uiraúna,14930
2,Nordeste,25,Paraíba,2517001,Umbuzeiro,251700105,Umbuzeiro,6522
2,Nordeste,25,Paraíba,2517001,Umbuzeiro,251700110,Mata Virgem,2602
2,Nordeste,25,Paraíba,2517100,Várzea,251710005,Várzea,2668
2,Nordeste,25,Paraíba,2517209,Vieirópolis,251720905,Vieirópolis,4864
2,Nordeste,25,Paraíba,2517407,Zabelê,251740705,Zabelê,2228
2,Nordeste,26,Pernambuco,2600054,Abreu e Lima,260005405,Abreu e Lima,98387
2,Nordeste,26,Pernambuco,2600054,Abreu e Lima,260005410,Distrito Industrial,75
2,Nordeste,26,Pernambuco,2600104,Afogados da Ingazeira,260010405,Afogados da Ingazeira,40241
2,Nordeste,26,Pernambuco,2600203,Afrânio,260020305,Afrânio,12913
2,Nordeste,26,Pernambuco,2600203,Afrânio,260020310,Arizona,1413
2,Nordeste,26,Pernambuco,2600203,Afrânio,260020315,Cachoeira do Roberto,3696
2,Nordeste,26,Pernambuco,2600203,Afrânio,260020320,Poção de Afrânio,652
2,Nordeste,26,Pernambuco,2600302,Agrestina,260030205,Agrestina,20449
2,Nordeste,26,Pernambuco,2600302,Agrestina,260030210,Barra do Chata,2264
2,Nordeste,26,Pernambuco,2600302,Agrestina,260030215,Barra do Jardim,1066
2,Nordeste,26,Pernambuco,2600401,Água Preta,260040105,Água Preta,22807
2,Nordeste,26,Pernambuco,2600401,Água Preta,260040110,Santa Terezinha,3654
2,Nordeste,26,Pernambuco,2600500,Águas Belas,260050005,Águas Belas,34641
2,Nordeste,26,Pernambuco,2600500,Águas Belas,260050010,Curral Novo,6907
2,Nordeste,26,Pernambuco,2600609,Alagoinha,260060905,Alagoinha,10103
2,Nordeste,26,Pernambuco,2600609,Alagoinha,260060910,Perpétuo Socorro,3439
2,Nordeste,26,Pernambuco,2600708,Aliança,260070805,Aliança,25488
2,Nordeste,26,Pernambuco,2600708,Aliança,260070810,Macujê,2304
2,Nordeste,26,Pernambuco,2600708,Aliança,260070815,Tupaoca,4697
2,Nordeste,26,Pernambuco,2600708,Aliança,260070820,Upatininga,3252
2,Nordeste,26,Pernambuco,2600807,Altinho,260080705,Altinho,18356
2,Nordeste,26,Pernambuco,2600807,Altinho,260080710,Ituguaçu,2318
2,Nordeste,26,Pernambuco,2600906,Amaraji,260090605,Amaraji,18205
2,Nordeste,26,Pernambuco,2601003,Angelim,260100305,Angelim,10241
2,Nordeste,26,Pernambuco,2601052,Araçoiaba,260105205,Araçoiaba,19243
2,Nordeste,26,Pernambuco,2601102,Araripina,260110205,Araripina,53567
2,Nordeste,26,Pernambuco,2601102,Araripina,260110208,Gergelim,5658
2,Nordeste,26,Pernambuco,2601102,Araripina,260110210,Lagoa do Barro,3759
2,Nordeste,26,Pernambuco,2601102,Araripina,260110215,Morais,7847
2,Nordeste,26,Pernambuco,2601102,Araripina,260110220,Nascente,6337
2,Nordeste,26,Pernambuco,2601102,Araripina,260110225,Bom Jardim do Araripe,3694
2,Nordeste,26,Pernambuco,2601102,Araripina,260110230,Serrânia,4226
2,Nordeste,26,Pernambuco,2601201,Arcoverde,260120105,Arcoverde,77742
2,Nordeste,26,Pernambuco,2601300,Barra de Guabiraba,260130005,Barra de Guabiraba,12263
2,Nordeste,26,Pernambuco,2601409,Barreiros,260140905,Barreiros,38649
2,Nordeste,26,Pernambuco,2601409,Barreiros,260140910,Carimã,1472
2,Nordeste,26,Pernambuco,2601508,Belém de Maria,260150805,Belém de Maria,5924
2,Nordeste,26,Pernambuco,2601508,Belém de Maria,260150810,Batateira,4454
2,Nordeste,26,Pernambuco,2601607,Belém do São Francisco,260160705,Belém de São Francisco,14067
2,Nordeste,26,Pernambuco,2601607,Belém do São Francisco,260160710,Ibó,2918
2,Nordeste,26,Pernambuco,2601607,Belém do São Francisco,260160715,Riacho Pequeno,1316
2,Nordeste,26,Pernambuco,2601706,Belo Jardim,260170605,Belo Jardim,59290
2,Nordeste,26,Pernambuco,2601706,Belo Jardim,260170610,Água Fria,10784
2,Nordeste,26,Pernambuco,2601706,Belo Jardim,260170615,Serra do Vento,4788
2,Nordeste,26,Pernambuco,2601706,Belo Jardim,260170620,Xucuru,4645
2,Nordeste,26,Pernambuco,2601805,Betânia,260180505,Betânia,5522
2,Nordeste,26,Pernambuco,2601805,Betânia,260180510,São Caetano do Navio,5710
2,Nordeste,26,Pernambuco,2601904,Bezerros,260190405,Bezerros,57551
2,Nordeste,26,Pernambuco,2601904,Bezerros,260190410,Boas Novas,1008
2,Nordeste,26,Pernambuco,2601904,Bezerros,260190415,Sapucarana,3135
2,Nordeste,26,Pernambuco,2602001,Bodocó,260200105,Bodocó,18065
2,Nordeste,26,Pernambuco,2602001,Bodocó,260200110,Claranã,8960
2,Nordeste,26,Pernambuco,2602001,Bodocó,260200115,Feitoria,7453
2,Nordeste,26,Pernambuco,2602100,Bom Conselho,260210005,Bom Conselho,34185
2,Nordeste,26,Pernambuco,2602100,Bom Conselho,260210010,Barra do Brejo,1868
2,Nordeste,26,Pernambuco,2602100,Bom Conselho,260210015,Caldeirões,1224
2,Nordeste,26,Pernambuco,2602100,Bom Conselho,260210020,Lagoa de São José,2160
2,Nordeste,26,Pernambuco,2602100,Bom Conselho,260210025,Rainha Isabel,4857
2,Nordeste,26,Pernambuco,2602209,Bom Jardim,260220905,Bom Jardim,14334
2,Nordeste,26,Pernambuco,2602209,Bom Jardim,260220910,Bizarra,8490
2,Nordeste,26,Pernambuco,2602209,Bom Jardim,260220913,Encruzilhada,4928
2,Nordeste,26,Pernambuco,2602209,Bom Jardim,260220915,Tamboatá,3045
2,Nordeste,26,Pernambuco,2602209,Bom Jardim,260220920,Umari,6832
2,Nordeste,26,Pernambuco,2602308,Bonito,260230805,Bonito,29277
2,Nordeste,26,Pernambuco,2602308,Bonito,260230810,Bentevi,2480
2,Nordeste,26,Pernambuco,2602308,Bonito,260230815,Alto Bonito,5717
2,Nordeste,26,Pernambuco,2602407,Brejão,260240705,Brejão,9079
2,Nordeste,26,Pernambuco,2602506,Brejinho,260250605,Brejinho,7720
2,Nordeste,26,Pernambuco,2602605,Brejo da Madre de Deus,260260505,Brejo da Madre de Deus,18423
2,Nordeste,26,Pernambuco,2602605,Brejo da Madre de Deus,260260507,Barra do Farias,1777
2,Nordeste,26,Pernambuco,2602605,Brejo da Madre de Deus,260260510,Fazenda Nova,4914
2,Nordeste,26,Pernambuco,2602605,Brejo da Madre de Deus,260260520,Mandaçaia,1491
2,Nordeste,26,Pernambuco,2602605,Brejo da Madre de Deus,260260530,São Domingos,22043
2,Nordeste,26,Pernambuco,2602704,Buenos Aires,260270405,Buenos Aires,12808
2,Nordeste,26,Pernambuco,2602803,Buíque,260280305,Buíque,35262
2,Nordeste,26,Pernambuco,2602803,Buíque,260280310,Carneiro,7366
2,Nordeste,26,Pernambuco,2602803,Buíque,260280315,Catimbau,2854
2,Nordeste,26,Pernambuco,2602803,Buíque,260280320,Guanumbi,6615
2,Nordeste,26,Pernambuco,2602902,Cabo de Santo Agostinho,260290205,Cabo de Santo Agostinho,111127
2,Nordeste,26,Pernambuco,2602902,Cabo de Santo Agostinho,260290210,Juçaral,5558
2,Nordeste,26,Pernambuco,2602902,Cabo de Santo Agostinho,260290215,Ponte dos Carvalhos,54795
2,Nordeste,26,Pernambuco,2602902,Cabo de Santo Agostinho,260290220,Santo Agostinho,31960
2,Nordeste,26,Pernambuco,2603009,Cabrobó,260300905,Cabrobó,30294
2,Nordeste,26,Pernambuco,2603108,Cachoeirinha,260310805,Cachoeirinha,17975
2,Nordeste,26,Pernambuco,2603108,Cachoeirinha,260310810,Cabanas,1924
2,Nordeste,26,Pernambuco,2603207,Caetés,260320705,Caetés,28827
2,Nordeste,26,Pernambuco,2603306,Calçado,260330605,Calçado,11093
2,Nordeste,26,Pernambuco,2603405,Calumbi,260340505,Calumbi,5228
2,Nordeste,26,Pernambuco,2603454,Camaragibe,260345405,Camaragibe,147771
2,Nordeste,26,Pernambuco,2603504,Camocim de São Félix,260350405,Camocim de São Félix,17419
2,Nordeste,26,Pernambuco,2603603,Camutanga,260360305,Camutanga,7750
2,Nordeste,26,Pernambuco,2603702,Canhotinho,260370205,Canhotinho,17672
2,Nordeste,26,Pernambuco,2603702,Canhotinho,260370210,Olho d'Água de Dentro,5064
2,Nordeste,26,Pernambuco,2603702,Canhotinho,260370215,Paquevira,1593
2,Nordeste,26,Pernambuco,2603801,Capoeiras,260380105,Capoeiras,18338
2,Nordeste,26,Pernambuco,2603900,Carnaíba,260390005,Carnaíba,13033
2,Nordeste,26,Pernambuco,2603900,Carnaíba,260390010,Ibitiranga,5611
2,Nordeste,26,Pernambuco,2603926,Carnaubeira da Penha,260392605,Carnaubeira da Penha,12239
2,Nordeste,26,Pernambuco,2604007,Carpina,260400705,Carpina,79293
2,Nordeste,26,Pernambuco,2604106,Caruaru,260410605,Caruaru,348900
2,Nordeste,26,Pernambuco,2604106,Caruaru,260410610,Carapotós,22108
2,Nordeste,26,Pernambuco,2604106,Caruaru,260410615,Gonçalves Ferreira,5451
2,Nordeste,26,Pernambuco,2604106,Caruaru,260410620,Lajedo do Cedro,1589
2,Nordeste,26,Pernambuco,2604155,Casinhas,260415505,Casinhas,12967
2,Nordeste,26,Pernambuco,2604205,Catende,260420505,Catende,27364
2,Nordeste,26,Pernambuco,2604205,Catende,260420510,Laje Grande,4792
2,Nordeste,26,Pernambuco,2604304,Cedro,260430405,Cedro,10518
2,Nordeste,26,Pernambuco,2604403,Chã de Alegria,260440305,Chã de Alegria,12984
2,Nordeste,26,Pernambuco,2604502,Chã Grande,260450205,Chã Grande,20546
2,Nordeste,26,Pernambuco,2604601,Condado,260460105,Condado,24587
2,Nordeste,26,Pernambuco,2604700,Correntes,260470005,Correntes,14360
2,Nordeste,26,Pernambuco,2604700,Correntes,260470010,Poço Comprido,2771
2,Nordeste,26,Pernambuco,2604809,Cortês,260480905,Cortês,10198
2,Nordeste,26,Pernambuco,2604908,Cumaru,260490805,Cumaru,8290
2,Nordeste,26,Pernambuco,2604908,Cumaru,260490810,Ameixas,7630
2,Nordeste,26,Pernambuco,2605004,Cupira,260500405,Cupira,22535
2,Nordeste,26,Pernambuco,2605004,Cupira,260500410,Laje de São José,983
2,Nordeste,26,Pernambuco,2605103,Custódia,260510305,Custódia,30420
2,Nordeste,26,Pernambuco,2605103,Custódia,260510310,Maravilha,3798
2,Nordeste,26,Pernambuco,2605103,Custódia,260510315,Quitimbu,3481
2,Nordeste,26,Pernambuco,2605152,Dormentes,260515205,Dormentes,8744
2,Nordeste,26,Pernambuco,2605152,Dormentes,260515210,Caatinga Grande,2787
2,Nordeste,26,Pernambuco,2605152,Dormentes,260515215,Lagoa de Fora,1897
2,Nordeste,26,Pernambuco,2605152,Dormentes,260515218,Lagoas,2891
2,Nordeste,26,Pernambuco,2605152,Dormentes,260515220,Monte Orebe,869
2,Nordeste,26,Pernambuco,2605202,Escada,260520205,Escada,53669
2,Nordeste,26,Pernambuco,2605202,Escada,260520210,Frexeiras,6222
2,Nordeste,26,Pernambuco,2605301,Exu,260530105,Exu,18916
2,Nordeste,26,Pernambuco,2605301,Exu,260530110,Tabocas,2123
2,Nordeste,26,Pernambuco,2605301,Exu,260530115,Timorante,4409
2,Nordeste,26,Pernambuco,2605301,Exu,260530120,Viração,3598
2,Nordeste,26,Pernambuco,2605301,Exu,260530125,Zé Gomes,2797
2,Nordeste,26,Pernambuco,2605400,Feira Nova,260540005,Feira Nova,21427
2,Nordeste,26,Pernambuco,2605459,Fernando de Noronha,260545905,Fernando de Noronha,3167
2,Nordeste,26,Pernambuco,2605509,Ferreiros,260550905,Ferreiros,15026
2,Nordeste,26,Pernambuco,2605608,Flores,260560805,Flores,12955
2,Nordeste,26,Pernambuco,2605608,Flores,260560808,Fátima,4506
2,Nordeste,26,Pernambuco,2605608,Flores,260560810,Sítio dos Nunes,2886
2,Nordeste,26,Pernambuco,2605707,Floresta,260570705,Floresta,25640
2,Nordeste,26,Pernambuco,2605707,Floresta,260570710,Airi,2806
2,Nordeste,26,Pernambuco,2605707,Floresta,260570720,Nazaré do Pico,1691
2,Nordeste,26,Pernambuco,2605806,Frei Miguelinho,260580605,Frei Miguelinho,6606
2,Nordeste,26,Pernambuco,2605806,Frei Miguelinho,260580610,Lagoa de João Carlos,7030
2,Nordeste,26,Pernambuco,2605905,Gameleira,260590505,Gameleira,16095
2,Nordeste,26,Pernambuco,2605905,Gameleira,260590510,Cuiambuca,986
2,Nordeste,26,Pernambuco,2605905,Gameleira,260590515,José da Costa,1133
2,Nordeste,26,Pernambuco,2606002,Garanhuns,260600205,Garanhuns,126310
2,Nordeste,26,Pernambuco,2606002,Garanhuns,260600210,Iratama,3214
2,Nordeste,26,Pernambuco,2606002,Garanhuns,260600215,São Pedro,8786
2,Nordeste,26,Pernambuco,2606002,Garanhuns,260600220,Miracica,4196
2,Nordeste,26,Pernambuco,2606101,Glória do Goitá,260610105,Glória do Goitá,24901
2,Nordeste,26,Pernambuco,2606101,Glória do Goitá,260610110,Apoti,4446
2,Nordeste,26,Pernambuco,2606200,Goiana,260620005,Goiana,62708
2,Nordeste,26,Pernambuco,2606200,Goiana,260620010,Ponta de Pedras,9513
2,Nordeste,26,Pernambuco,2606200,Goiana,260620015,Tejucopapo,8834
2,Nordeste,26,Pernambuco,2606309,Granito,260630905,Granito,6967
2,Nordeste,26,Pernambuco,2606408,Gravatá,260640805,Gravatá,78421
2,Nordeste,26,Pernambuco,2606408,Gravatá,260640810,Mandacaru,4179
2,Nordeste,26,Pernambuco,2606408,Gravatá,260640815,Uruçu-Mirim,3916
2,Nordeste,26,Pernambuco,2606507,Iati,260650705,Iati,17165
2,Nordeste,26,Pernambuco,2606606,Ibimirim,260660605,Ibimirim,24747
2,Nordeste,26,Pernambuco,2606606,Ibimirim,260660610,Moxotó,1846
2,Nordeste,26,Pernambuco,2606705,Ibirajuba,260670505,Ibirajuba,7140
2,Nordeste,26,Pernambuco,2606804,Igarassu,260680405,Igarassu,108870
2,Nordeste,26,Pernambuco,2606804,Igarassu,260680420,Nova Cruz,4406
2,Nordeste,26,Pernambuco,2606804,Igarassu,260680425,Três Ladeiras,1920
2,Nordeste,26,Pernambuco,2606903,Iguaracy,260690305,Iguaracy,5855
2,Nordeste,26,Pernambuco,2606903,Iguaracy,260690310,Irajaí,1394
2,Nordeste,26,Pernambuco,2606903,Iguaracy,260690315,Jabitacá,3832
2,Nordeste,26,Pernambuco,2607000,Inajá,260700005,Inajá,25603
2,Nordeste,26,Pernambuco,2607109,Ingazeira,260710905,Ingazeira,4765
2,Nordeste,26,Pernambuco,2607208,Ipojuca,260720805,Ipojuca,30908
2,Nordeste,26,Pernambuco,2607208,Ipojuca,260720810,Camela,21005
2,Nordeste,26,Pernambuco,2607208,Ipojuca,260720815,Nossa Senhora do Ó,47019
2,Nordeste,26,Pernambuco,2607307,Ipubi,260730705,Ipubi,16627
2,Nordeste,26,Pernambuco,2607307,Ipubi,260730710,Serra Branca,2857
2,Nordeste,26,Pernambuco,2607307,Ipubi,260730715,Serrolândia,9525
2,Nordeste,26,Pernambuco,2607406,Itacuruba,260740605,Itacuruba,4284
2,Nordeste,26,Pernambuco,2607505,Itaíba,260750505,Itaíba,23700
2,Nordeste,26,Pernambuco,2607505,Itaíba,260750515,Negras,8950
2,Nordeste,26,Pernambuco,2607604,Ilha de Itamaracá,260760405,Ilha de Itamaracá,24540
2,Nordeste,26,Pernambuco,2607653,Itambé,260765305,Itambé,23410
2,Nordeste,26,Pernambuco,2607653,Itambé,260765310,Caricé,3256
2,Nordeste,26,Pernambuco,2607653,Itambé,260765315,Ibiranga,8269
2,Nordeste,26,Pernambuco,2607703,Itapetim,260770305,Itapetim,11428
2,Nordeste,26,Pernambuco,2607703,Itapetim,260770310,São Vicente,2363
2,Nordeste,26,Pernambuco,2607752,Itapissuma,260775205,Itapissuma,27749
2,Nordeste,26,Pernambuco,2607802,Itaquitinga,260780205,Itaquitinga,16554
2,Nordeste,26,Pernambuco,2607901,Jaboatão dos Guararapes,260790105,Jaboatão dos Guararapes,348979
2,Nordeste,26,Pernambuco,2607901,Jaboatão dos Guararapes,260790110,Cavaleiro,104958
2,Nordeste,26,Pernambuco,2607901,Jaboatão dos Guararapes,260790115,Jaboatão,116996
2,Nordeste,26,Pernambuco,2607901,Jaboatão dos Guararapes,260790120,Curado,45767
2,Nordeste,26,Pernambuco,2607901,Jaboatão dos Guararapes,260790125,Jardim Jordão,27337
2,Nordeste,26,Pernambuco,2607950,Jaqueira,260795005,Jaqueira,10247
2,Nordeste,26,Pernambuco,2608008,Jataúba,260800805,Jataúba,9931
2,Nordeste,26,Pernambuco,2608008,Jataúba,260800807,Jacu,1103
2,Nordeste,26,Pernambuco,2608008,Jataúba,260800808,Jundiá,716
2,Nordeste,26,Pernambuco,2608008,Jataúba,260800810,Passagem do Tó,3410
2,Nordeste,26,Pernambuco,2608008,Jataúba,260800820,Riacho do Meio,683
2,Nordeste,26,Pernambuco,2608057,Jatobá,260805705,Jatobá,11103
2,Nordeste,26,Pernambuco,2608057,Jatobá,260805720,Volta do Moxotó,2917
2,Nordeste,26,Pernambuco,2608107,João Alfredo,260810705,João Alfredo,27725
2,Nordeste,26,Pernambuco,2608206,Joaquim Nabuco,260820605,Joaquim Nabuco,13269
2,Nordeste,26,Pernambuco,2608255,Jucati,260825505,Jucati,11517
2,Nordeste,26,Pernambuco,2608305,Jupi,260830505,Jupi,15329
2,Nordeste,26,Pernambuco,2608404,Jurema,260840405,Jurema,9055
2,Nordeste,26,Pernambuco,2608404,Jurema,260840410,Santo Antônio das Queimadas,4593
2,Nordeste,26,Pernambuco,2608453,Lagoa do Carro,260845305,Lagoa do Carro,17981
2,Nordeste,26,Pernambuco,2608503,Lagoa de Itaenga,260850305,Lagoa de Itaenga,19003
2,Nordeste,26,Pernambuco,2608602,Lagoa do Ouro,260860205,Lagoa do Ouro,8574
2,Nordeste,26,Pernambuco,2608602,Lagoa do Ouro,260860210,Igapó,3359
2,Nordeste,26,Pernambuco,2608701,Lagoa dos Gatos,260870105,Lagoa dos Gatos,9919
2,Nordeste,26,Pernambuco,2608701,Lagoa dos Gatos,260870110,Entroncamento,1823
2,Nordeste,26,Pernambuco,2608701,Lagoa dos Gatos,260870115,Igarapeassu,1543
2,Nordeste,26,Pernambuco,2608701,Lagoa dos Gatos,260870120,Lagoa do Souza,791
2,Nordeste,26,Pernambuco,2608750,Lagoa Grande,260875005,Lagoa Grande,11714
2,Nordeste,26,Pernambuco,2608750,Lagoa Grande,260875015,Jutaí,2408
2,Nordeste,26,Pernambuco,2608750,Lagoa Grande,260875020,Vermelho,9966
2,Nordeste,26,Pernambuco,2608800,Lajedo,260880005,Lajedo,39582
2,Nordeste,26,Pernambuco,2608909,Limoeiro,260890905,Limoeiro,51874
2,Nordeste,26,Pernambuco,2608909,Limoeiro,260890910,Urucuba,4636
2,Nordeste,26,Pernambuco,2609006,Macaparana,260900605,Macaparana,23879
2,Nordeste,26,Pernambuco,2609105,Machados,260910505,Machados,11333
2,Nordeste,26,Pernambuco,2609154,Manari,260915405,Manari,23763
2,Nordeste,26,Pernambuco,2609204,Maraial,260920405,Maraial,6781
2,Nordeste,26,Pernambuco,2609204,Maraial,260920415,Sertãozinho de Baixo,2578
2,Nordeste,26,Pernambuco,2609303,Mirandiba,260930305,Mirandiba,11789
2,Nordeste,26,Pernambuco,2609303,Mirandiba,260930310,Tupanaci,2377
2,Nordeste,26,Pernambuco,2609402,Moreno,260940205,Moreno,45651
2,Nordeste,26,Pernambuco,2609402,Moreno,260940210,Bonança,9641
2,Nordeste,26,Pernambuco,2609501,Nazaré da Mata,260950105,Nazaré da Mata,30648
2,Nordeste,26,Pernambuco,2609600,Olinda,260960005,Olinda,349976
2,Nordeste,26,Pernambuco,2609709,Orobó,260970905,Orobó,8959
2,Nordeste,26,Pernambuco,2609709,Orobó,260970910,Chã do Rocha,3915
2,Nordeste,26,Pernambuco,2609709,Orobó,260970915,Umburetama,8934
2,Nordeste,26,Pernambuco,2609808,Orocó,260980805,Orocó,13613
2,Nordeste,26,Pernambuco,2609907,Ouricuri,260990705,Ouricuri,56740
2,Nordeste,26,Pernambuco,2609907,Ouricuri,260990710,Barra de São Pedro,8505
2,Nordeste,26,Pernambuco,2610004,Palmares,261000405,Palmares,53135
2,Nordeste,26,Pernambuco,2610004,Palmares,261000410,Santo Antônio dos Palmares,1449
2,Nordeste,26,Pernambuco,2610103,Palmeirina,261010305,Palmeirina,7031
2,Nordeste,26,Pernambuco,2610202,Panelas,261020205,Panelas,11969
2,Nordeste,26,Pernambuco,2610202,Panelas,261020210,Cruzes,5237
2,Nordeste,26,Pernambuco,2610202,Panelas,261020215,São José,3602
2,Nordeste,26,Pernambuco,2610202,Panelas,261020220,São Lázaro,2183
2,Nordeste,26,Pernambuco,2610301,Paranatama,261030105,Paranatama,12199
2,Nordeste,26,Pernambuco,2610400,Parnamirim,261040005,Parnamirim,10468
2,Nordeste,26,Pernambuco,2610400,Parnamirim,261040010,Icaiçara,5920
2,Nordeste,26,Pernambuco,2610400,Parnamirim,261040015,Veneza,2224
2,Nordeste,26,Pernambuco,2610509,Passira,261050905,Passira,20280
2,Nordeste,26,Pernambuco,2610509,Passira,261050910,Bengalas,8060
2,Nordeste,26,Pernambuco,2610608,Paudalho,261060805,Paudalho,56665
2,Nordeste,26,Pernambuco,2610707,Paulista,261070705,Paulista,342167
2,Nordeste,26,Pernambuco,2610806,Pedra,261080605,Pedra,13888
2,Nordeste,26,Pernambuco,2610806,Pedra,261080607,Horizonte Alegre,1030
2,Nordeste,26,Pernambuco,2610806,Pedra,261080609,Poço do Boi,1220
2,Nordeste,26,Pernambuco,2610806,Pedra,261080610,São Pedro do Cordeiro,3496
2,Nordeste,26,Pernambuco,2610806,Pedra,261080615,Santo Antônio,3161
2,Nordeste,26,Pernambuco,2610905,Pesqueira,261090505,Pesqueira,48323
2,Nordeste,26,Pernambuco,2610905,Pesqueira,261090510,Cimbres,4481
2,Nordeste,26,Pernambuco,2610905,Pesqueira,261090515,Mimoso,3037
2,Nordeste,26,Pernambuco,2610905,Pesqueira,261090520,Mutuca,2764
2,Nordeste,26,Pernambuco,2610905,Pesqueira,261090525,Papagaio,1973
2,Nordeste,26,Pernambuco,2610905,Pesqueira,261090530,Salobro,2144
2,Nordeste,26,Pernambuco,2611002,Petrolândia,261100205,Petrolândia,29361
2,Nordeste,26,Pernambuco,2611002,Petrolândia,261100215,Icó-Mandantes,4800
2,Nordeste,26,Pernambuco,2611101,Petrolina,261110105,Petrolina,345022
2,Nordeste,26,Pernambuco,2611101,Petrolina,261110110,Cristália,1914
2,Nordeste,26,Pernambuco,2611101,Petrolina,261110115,Curral Queimado,30948
2,Nordeste,26,Pernambuco,2611101,Petrolina,261110130,Rajada,8907
2,Nordeste,26,Pernambuco,2611200,Poção,261120005,Poção,9888
2,Nordeste,26,Pernambuco,2611200,Poção,261120010,Pão de Açúcar de Poção,612
2,Nordeste,26,Pernambuco,2611309,Pombos,261130905,Pombos,21981
2,Nordeste,26,Pernambuco,2611309,Pombos,261130910,Dois Leões,3572
2,Nordeste,26,Pernambuco,2611309,Pombos,261130915,Nossa Senhora do Carmo,1999
2,Nordeste,26,Pernambuco,2611408,Primavera,261140805,Primavera,13838
2,Nordeste,26,Pernambuco,2611507,Quipapá,261150705,Quipapá,12068
2,Nordeste,26,Pernambuco,2611507,Quipapá,261150710,Pau Ferro,2215
2,Nordeste,26,Pernambuco,2611507,Quipapá,261150715,Vila do Cruzeiro,3645
2,Nordeste,26,Pernambuco,2611533,Quixaba,261153305,Quixaba,5282
2,Nordeste,26,Pernambuco,2611533,Quixaba,261153310,Lagoa da Cruz,1272
2,Nordeste,26,Pernambuco,2611606,Recife,261160605,Recife,1488920
2,Nordeste,26,Pernambuco,2611705,Riacho das Almas,261170505,Riacho das Almas,13255
2,Nordeste,26,Pernambuco,2611705,Riacho das Almas,261170510,Couro d'Antas,614
2,Nordeste,26,Pernambuco,2611705,Riacho das Almas,261170512,Pinhões,1688
2,Nordeste,26,Pernambuco,2611705,Riacho das Almas,261170515,Trapiá,2516
2,Nordeste,26,Pernambuco,2611705,Riacho das Almas,261170520,Vitorino,2566
2,Nordeste,26,Pernambuco,2611804,Ribeirão,261180405,Ribeirão,28342
2,Nordeste,26,Pernambuco,2611804,Ribeirão,261180410,Aripibu,1117
2,Nordeste,26,Pernambuco,2611804,Ribeirão,261180415,José Mariano,4048
2,Nordeste,26,Pernambuco,2611903,Rio Formoso,261190305,Rio Formoso,15745
2,Nordeste,26,Pernambuco,2611903,Rio Formoso,261190310,Cocaú,4264
2,Nordeste,26,Pernambuco,2612000,Sairé,261200005,Sairé,10887
2,Nordeste,26,Pernambuco,2612109,Salgadinho,261210905,Salgadinho,5727
2,Nordeste,26,Pernambuco,2612208,Salgueiro,261220805,Salgueiro,51638
2,Nordeste,26,Pernambuco,2612208,Salgueiro,261220810,Conceição das Crioulas,4036
2,Nordeste,26,Pernambuco,2612208,Salgueiro,261220815,Umãs,1670
2,Nordeste,26,Pernambuco,2612208,Salgueiro,261220820,Vasques,2635
2,Nordeste,26,Pernambuco,2612208,Salgueiro,261220825,Pau Ferro,2393
2,Nordeste,26,Pernambuco,2612307,Saloá,261230705,Saloá,9681
2,Nordeste,26,Pernambuco,2612307,Saloá,261230710,Iatecá,4155
2,Nordeste,26,Pernambuco,2612406,Sanharó,261240605,Sanharó,15145
2,Nordeste,26,Pernambuco,2612406,Sanharó,261240610,Jenipapo,1096
2,Nordeste,26,Pernambuco,2612406,Sanharó,261240615,Mulungu,2383
2,Nordeste,26,Pernambuco,2612455,Santa Cruz,261245505,Santa Cruz,13841
2,Nordeste,26,Pernambuco,2612471,Santa Cruz da Baixa Verde,261247105,Santa Cruz da Baixa Verde,11567
2,Nordeste,26,Pernambuco,2612505,Santa Cruz do Capibaribe,261250505,Santa Cruz do Capibaribe,93794
2,Nordeste,26,Pernambuco,2612505,Santa Cruz do Capibaribe,261250510,Pará,1060
2,Nordeste,26,Pernambuco,2612505,Santa Cruz do Capibaribe,261250515,Poço Fundo,3400
2,Nordeste,26,Pernambuco,2612554,Santa Filomena,261255405,Santa Filomena,5229
2,Nordeste,26,Pernambuco,2612554,Santa Filomena,261255410,Campo Santo,1180
2,Nordeste,26,Pernambuco,2612554,Santa Filomena,261255415,Socorro,3934
2,Nordeste,26,Pernambuco,2612554,Santa Filomena,261255420,Poço Comprido,1177
2,Nordeste,26,Pernambuco,2612554,Santa Filomena,261255425,Livramento,586
2,Nordeste,26,Pernambuco,2612604,Santa Maria da Boa Vista,261260405,Santa Maria da Boa Vista,25534
2,Nordeste,26,Pernambuco,2612604,Santa Maria da Boa Vista,261260408,Caraíbas,2551
2,Nordeste,26,Pernambuco,2612604,Santa Maria da Boa Vista,261260425,Urimamã,12493
2,Nordeste,26,Pernambuco,2612703,Santa Maria do Cambucá,261270305,Santa Maria do Cambucá,14013
2,Nordeste,26,Pernambuco,2612802,Santa Terezinha,261280205,Santa Terezinha,10244
2,Nordeste,26,Pernambuco,2612901,São Benedito do Sul,261290105,São Benedito do Sul,9236
2,Nordeste,26,Pernambuco,2612901,São Benedito do Sul,261290110,Igarapeba,3877
2,Nordeste,26,Pernambuco,2613008,São Bento do Una,261300805,São Bento do Una,45640
2,Nordeste,26,Pernambuco,2613008,São Bento do Una,261300810,Espírito Santo,3809
2,Nordeste,26,Pernambuco,2613107,São Caitano,261310705,São Caitano,30617
2,Nordeste,26,Pernambuco,2613107,São Caitano,261310710,Maniçoba,3992
2,Nordeste,26,Pernambuco,2613107,São Caitano,261310715,Tapiraim,2517
2,Nordeste,26,Pernambuco,2613206,São João,261320605,São João,23837
2,Nordeste,26,Pernambuco,2613305,São Joaquim do Monte,261330505,São Joaquim do Monte,15938
2,Nordeste,26,Pernambuco,2613305,São Joaquim do Monte,261330510,Barra do Riachão,695
2,Nordeste,26,Pernambuco,2613305,São Joaquim do Monte,261330515,Santana de São Joaquim,3404
2,Nordeste,26,Pernambuco,2613404,São José da Coroa Grande,261340405,São José da Coroa Grande,18825
2,Nordeste,26,Pernambuco,2613503,São José do Belmonte,261350305,São José do Belmonte,26502
2,Nordeste,26,Pernambuco,2613503,São José do Belmonte,261350310,Bom Nome,4206
2,Nordeste,26,Pernambuco,2613503,São José do Belmonte,261350315,Carmo,4135
2,Nordeste,26,Pernambuco,2613602,São José do Egito,261360205,São José do Egito,25146
2,Nordeste,26,Pernambuco,2613602,São José do Egito,261360210,Bonfim,953
2,Nordeste,26,Pernambuco,2613602,São José do Egito,261360215,Riacho do Meio,4905
2,Nordeste,26,Pernambuco,2613701,São Lourenço da Mata,261370105,São Lourenço da Mata,101677
2,Nordeste,26,Pernambuco,2613701,São Lourenço da Mata,261370115,Nossa Senhora da Luz,9572
2,Nordeste,26,Pernambuco,2613800,São Vicente Férrer,261380005,São Vicente Férrer,11050
2,Nordeste,26,Pernambuco,2613800,São Vicente Férrer,261380010,Siriji,5627
2,Nordeste,26,Pernambuco,2613909,Serra Talhada,261390905,Serra Talhada,77006
2,Nordeste,26,Pernambuco,2613909,Serra Talhada,261390910,Bernardo Vieira,2471
2,Nordeste,26,Pernambuco,2613909,Serra Talhada,261390915,Caiçarinha da Penha,2001
2,Nordeste,26,Pernambuco,2613909,Serra Talhada,261390918,Logradouro,1158
2,Nordeste,26,Pernambuco,2613909,Serra Talhada,261390920,Luanda,1235
2,Nordeste,26,Pernambuco,2613909,Serra Talhada,261390925,Pajeú,2404
2,Nordeste,26,Pernambuco,2613909,Serra Talhada,261390928,Santa Rita,1675
2,Nordeste,26,Pernambuco,2613909,Serra Talhada,261390930,Tauapiranga,1891
2,Nordeste,26,Pernambuco,2613909,Serra Talhada,261390935,Varzinha,2387
2,Nordeste,26,Pernambuco,2614006,Serrita,261400605,Serrita,12125
2,Nordeste,26,Pernambuco,2614006,Serrita,261400610,Ipuera,1957
2,Nordeste,26,Pernambuco,2614006,Serrita,261400615,Ori,4125
2,Nordeste,26,Pernambuco,2614105,Sertânia,261410505,Sertânia,21635
2,Nordeste,26,Pernambuco,2614105,Sertânia,261410510,Albuquerque Né,2136
2,Nordeste,26,Pernambuco,2614105,Sertânia,261410515,Algodões,3329
2,Nordeste,26,Pernambuco,2614105,Sertânia,261410520,Henrique Dias,1219
2,Nordeste,26,Pernambuco,2614105,Sertânia,261410525,Rio da Barra,4492
2,Nordeste,26,Pernambuco,2614204,Sirinhaém,261420405,Sirinhaém,17732
2,Nordeste,26,Pernambuco,2614204,Sirinhaém,261420410,Barra do Sirinhaém,15367
2,Nordeste,26,Pernambuco,2614204,Sirinhaém,261420415,Ibiratinga,4497
2,Nordeste,26,Pernambuco,2614303,Moreilândia,261430305,Moreilândia,7770
2,Nordeste,26,Pernambuco,2614303,Moreilândia,261430310,Caririmirim,2770
2,Nordeste,26,Pernambuco,2614402,Solidão,261440205,Solidão,5210
2,Nordeste,26,Pernambuco,2614501,Surubim,261450105,Surubim,60430
2,Nordeste,26,Pernambuco,2614501,Surubim,261450112,Chéus,3690
2,Nordeste,26,Pernambuco,2614600,Tabira,261460005,Tabira,27681
2,Nordeste,26,Pernambuco,2614709,Tacaimbó,261470905,Tacaimbó,10023
2,Nordeste,26,Pernambuco,2614709,Tacaimbó,261470910,Riacho Fechado,3715
2,Nordeste,26,Pernambuco,2614808,Tacaratu,261480805,Tacaratu,14016
2,Nordeste,26,Pernambuco,2614808,Tacaratu,261480810,Caraibeiras,9886
2,Nordeste,26,Pernambuco,2614857,Tamandaré,261485705,Tamandaré,20085
2,Nordeste,26,Pernambuco,2614857,Tamandaré,261485715,Sauê,3476
2,Nordeste,26,Pernambuco,2615003,Taquaritinga do Norte,261500305,Taquaritinga do Norte,13110
2,Nordeste,26,Pernambuco,2615003,Taquaritinga do Norte,261500310,Gravatá do Ibiapina,1730
2,Nordeste,26,Pernambuco,2615003,Taquaritinga do Norte,261500315,Pão de Açucar,9896
2,Nordeste,26,Pernambuco,2615102,Terezinha,261510205,Terezinha,6513
2,Nordeste,26,Pernambuco,2615201,Terra Nova,261520105,Terra Nova,7189
2,Nordeste,26,Pernambuco,2615201,Terra Nova,261520110,Guarani,1731
2,Nordeste,26,Pernambuco,2615300,Timbaúba,261530005,Timbaúba,39569
2,Nordeste,26,Pernambuco,2615300,Timbaúba,261530010,Cruanji,2724
2,Nordeste,26,Pernambuco,2615300,Timbaúba,261530015,Livramento do Tiúma,3854
2,Nordeste,26,Pernambuco,2615409,Toritama,261540905,Toritama,41137
2,Nordeste,26,Pernambuco,2615508,Tracunhaém,261550805,Tracunhaém,13867
2,Nordeste,26,Pernambuco,2615607,Trindade,261560705,Trindade,25902
2,Nordeste,26,Pernambuco,2615607,Trindade,261560710,Bonita,1267
2,Nordeste,26,Pernambuco,2615607,Trindade,261560715,Mangueira,1459
2,Nordeste,26,Pernambuco,2615607,Trindade,261560720,Saco Verde,1693
2,Nordeste,26,Pernambuco,2615706,Triunfo,261570605,Triunfo,10708
2,Nordeste,26,Pernambuco,2615706,Triunfo,261570610,Canaã,2077
2,Nordeste,26,Pernambuco,2615706,Triunfo,261570615,Jericó,1920
2,Nordeste,26,Pernambuco,2615805,Tupanatinga,261580505,Tupanatinga,26937
2,Nordeste,26,Pernambuco,2615904,Tuparetama,261590405,Tuparetama,7458
2,Nordeste,26,Pernambuco,2615904,Tuparetama,261590410,Santa Rita,547
2,Nordeste,26,Pernambuco,2616001,Venturosa,261600105,Venturosa,16430
2,Nordeste,26,Pernambuco,2616001,Venturosa,261600110,Grotão,821
2,Nordeste,26,Pernambuco,2616100,Verdejante,261610005,Verdejante,9169
2,Nordeste,26,Pernambuco,2616183,Vertente do Lério,261618305,Vertente do Lério,7558
2,Nordeste,26,Pernambuco,2616209,Vertentes,261620905,Vertentes,21959
2,Nordeste,26,Pernambuco,2616308,Vicência,261630805,Vicência,18118
2,Nordeste,26,Pernambuco,2616308,Vicência,261630810,Murupé,8241
2,Nordeste,26,Pernambuco,2616407,Vitória de Santo Antão,261640705,Vitória de Santo Antão,121910
2,Nordeste,26,Pernambuco,2616407,Vitória de Santo Antão,261640710,Pirituba,12174
2,Nordeste,26,Pernambuco,2616506,Xexéu,261650605,Xexéu,11611
2,Nordeste,27,Alagoas,2700102,Água Branca,270010205,Água Branca,19008
2,Nordeste,27,Alagoas,2700201,Anadia,270020105,Anadia,13966
2,Nordeste,27,Alagoas,2700300,Arapiraca,270030005,Arapiraca,234696
2,Nordeste,27,Alagoas,2700409,Atalaia,270040905,Atalaia,27836
2,Nordeste,27,Alagoas,2700409,Atalaia,270040910,Sapucaia,9676
2,Nordeste,27,Alagoas,2700508,Barra de Santo Antônio,270050805,Barra de Santo Antônio,16365
2,Nordeste,27,Alagoas,2700607,Barra de São Miguel,270060705,Barra de São Miguel,7944
2,Nordeste,27,Alagoas,2700706,Batalha,270070605,Batalha,16448
2,Nordeste,27,Alagoas,2700805,Belém,270080505,Belém,4722
2,Nordeste,27,Alagoas,2700904,Belo Monte,270090405,Belo Monte,5936
2,Nordeste,27,Alagoas,2701001,Boca da Mata,270100105,Boca da Mata,21187
2,Nordeste,27,Alagoas,2701100,Branquinha,270110005,Branquinha,9603
2,Nordeste,27,Alagoas,2701209,Cacimbinhas,270120905,Cacimbinhas,10482
2,Nordeste,27,Alagoas,2701308,Cajueiro,270130805,Cajueiro,16024
2,Nordeste,27,Alagoas,2701357,Campestre,270135705,Campestre,6665
2,Nordeste,27,Alagoas,2701407,Campo Alegre,270140705,Campo Alegre,32106
2,Nordeste,27,Alagoas,2701506,Campo Grande,270150605,Campo Grande,8143
2,Nordeste,27,Alagoas,2701605,Canapi,270160505,Canapi,15559
2,Nordeste,27,Alagoas,2701704,Capela,270170405,Capela,13688
2,Nordeste,27,Alagoas,2701704,Capela,270170410,Santa Efigênia,1344
2,Nordeste,27,Alagoas,2701803,Carneiros,270180305,Carneiros,8999
2,Nordeste,27,Alagoas,2701902,Chã Preta,270190205,Chã Preta,5910
2,Nordeste,27,Alagoas,2702009,Coité do Nóia,270200905,Coité do Nóia,10810
2,Nordeste,27,Alagoas,2702108,Colônia Leopoldina,270210805,Colônia Leopoldina,15816
2,Nordeste,27,Alagoas,2702207,Coqueiro Seco,270220705,Coqueiro Seco,5581
2,Nordeste,27,Alagoas,2702306,Coruripe,270230605,Coruripe,47955
2,Nordeste,27,Alagoas,2702306,Coruripe,270230610,Poxim,2459
2,Nordeste,27,Alagoas,2702355,Craíbas,270235505,Craíbas,25397
2,Nordeste,27,Alagoas,2702405,Delmiro Gouveia,270240505,Delmiro Gouveia,51318
2,Nordeste,27,Alagoas,2702504,Dois Riachos,270250405,Dois Riachos,9805
2,Nordeste,27,Alagoas,2702553,Estrela de Alagoas,270255305,Estrela de Alagoas,15429
2,Nordeste,27,Alagoas,2702603,Feira Grande,270260305,Feira Grande,22712
2,Nordeste,27,Alagoas,2702702,Feliz Deserto,270270205,Feliz Deserto,3963
2,Nordeste,27,Alagoas,2702801,Flexeiras,270280105,Flexeiras,9618
2,Nordeste,27,Alagoas,2702900,Girau do Ponciano,270290005,Girau do Ponciano,36102
2,Nordeste,27,Alagoas,2703007,Ibateguara,270300705,Ibateguara,13731
2,Nordeste,27,Alagoas,2703106,Igaci,270310605,Igaci,23995
2,Nordeste,27,Alagoas,2703205,Igreja Nova,270320505,Igreja Nova,21372
2,Nordeste,27,Alagoas,2703304,Inhapi,270330405,Inhapi,15167
2,Nordeste,27,Alagoas,2703403,Jacaré dos Homens,270340305,Jacaré dos Homens,5083
2,Nordeste,27,Alagoas,2703502,Jacuípe,270350205,Jacuípe,5352
2,Nordeste,27,Alagoas,2703601,Japaratinga,270360105,Japaratinga,9219
2,Nordeste,27,Alagoas,2703700,Jaramataia,270370005,Jaramataia,4985
2,Nordeste,27,Alagoas,2703759,Jequiá da Praia,270375905,Jequiá da Praia,9470
2,Nordeste,27,Alagoas,2703809,Joaquim Gomes,270380905,Joaquim Gomes,17150
2,Nordeste,27,Alagoas,2703908,Jundiá,270390805,Jundiá,4092
2,Nordeste,27,Alagoas,2704005,Junqueiro,270400505,Junqueiro,23907
2,Nordeste,27,Alagoas,2704104,Lagoa da Canoa,270410405,Lagoa da Canoa,18457
2,Nordeste,27,Alagoas,2704203,Limoeiro de Anadia,270420305,Limoeiro de Anadia,24740
2,Nordeste,27,Alagoas,2704302,Maceió,270430205,Maceió,957916
2,Nordeste,27,Alagoas,2704401,Major Isidoro,270440105,Major Isidoro,13768
2,Nordeste,27,Alagoas,2704401,Major Isidoro,270440110,Riacho do Sertão,3932
2,Nordeste,27,Alagoas,2704500,Maragogi,270450005,Maragogi,21315
2,Nordeste,27,Alagoas,2704500,Maragogi,270450010,Barra Grande,10859
2,Nordeste,27,Alagoas,2704609,Maravilha,270460905,Maravilha,9534
2,Nordeste,27,Alagoas,2704708,Marechal Deodoro,270470805,Marechal Deodoro,60370
2,Nordeste,27,Alagoas,2704807,Maribondo,270480705,Maribondo,13679
2,Nordeste,27,Alagoas,2704906,Mar Vermelho,270490605,Mar Vermelho,3155
2,Nordeste,27,Alagoas,2705002,Mata Grande,270500205,Mata Grande,21844
2,Nordeste,27,Alagoas,2705101,Matriz de Camaragibe,270510105,Matriz de Camaragibe,23857
2,Nordeste,27,Alagoas,2705200,Messias,270520005,Messias,15405
2,Nordeste,27,Alagoas,2705309,Minador do Negrão,270530905,Minador do Negrão,4845
2,Nordeste,27,Alagoas,2705408,Monteirópolis,270540805,Monteirópolis,7184
2,Nordeste,27,Alagoas,2705507,Murici,270550705,Murici,25187
2,Nordeste,27,Alagoas,2705606,Novo Lino,270560605,Novo Lino,10020
2,Nordeste,27,Alagoas,2705705,Olho d'Água das Flores,270570505,Olho d'Água das Flores,20695
2,Nordeste,27,Alagoas,2705804,Olho d'Água do Casado,270580405,Olho d'Água do Casado,8349
2,Nordeste,27,Alagoas,2705903,Olho d'Água Grande,270590305,Olho d'Água Grande,4330
2,Nordeste,27,Alagoas,2706000,Olivença,270600005,Olivença,10812
2,Nordeste,27,Alagoas,2706109,Ouro Branco,270610905,Ouro Branco,11446
2,Nordeste,27,Alagoas,2706208,Palestina,270620805,Palestina,4325
2,Nordeste,27,Alagoas,2706307,Palmeira dos Índios,270630705,Palmeira dos Índios,65785
2,Nordeste,27,Alagoas,2706307,Palmeira dos Índios,270630710,Caldeirões de Cima,2035
2,Nordeste,27,Alagoas,2706307,Palmeira dos Índios,270630715,Canafístula,3754
2,Nordeste,27,Alagoas,2706406,Pão de Açúcar,270640605,Pão de Açúcar,22203
2,Nordeste,27,Alagoas,2706406,Pão de Açúcar,270640610,Limoeiro,1620
2,Nordeste,27,Alagoas,2706422,Pariconha,270642205,Pariconha,10573
2,Nordeste,27,Alagoas,2706448,Paripueira,270644805,Paripueira,13835
2,Nordeste,27,Alagoas,2706505,Passo de Camaragibe,270650505,Passo de Camaragibe,13804
2,Nordeste,27,Alagoas,2706604,Paulo Jacinto,270660405,Paulo Jacinto,6576
2,Nordeste,27,Alagoas,2706703,Penedo,270670305,Penedo,58650
2,Nordeste,27,Alagoas,2706802,Piaçabuçu,270680205,Piaçabuçu,14181
2,Nordeste,27,Alagoas,2706802,Piaçabuçu,270680210,Pontal do Peba,1727
2,Nordeste,27,Alagoas,2706901,Pilar,270690105,Pilar,35370
2,Nordeste,27,Alagoas,2707008,Pindoba,270700805,Pindoba,2731
2,Nordeste,27,Alagoas,2707107,Piranhas,270710705,Piranhas,15274
2,Nordeste,27,Alagoas,2707107,Piranhas,270710710,Entremontes,7335
2,Nordeste,27,Alagoas,2707206,Poço das Trincheiras,270720605,Poço das Trincheiras,12518
2,Nordeste,27,Alagoas,2707305,Porto Calvo,270730505,Porto Calvo,24071
2,Nordeste,27,Alagoas,2707404,Porto de Pedras,270740405,Porto de Pedras,7155
2,Nordeste,27,Alagoas,2707404,Porto de Pedras,270740410,Tatuamunha,2140
2,Nordeste,27,Alagoas,2707503,Porto Real do Colégio,270750305,Porto Real do Colégio,20082
2,Nordeste,27,Alagoas,2707602,Quebrangulo,270760205,Quebrangulo,11080
2,Nordeste,27,Alagoas,2707701,Rio Largo,270770105,Rio Largo,93927
2,Nordeste,27,Alagoas,2707800,Roteiro,270780005,Roteiro,6474
2,Nordeste,27,Alagoas,2707909,Santa Luzia do Norte,270790905,Santa Luzia do Norte,6919
2,Nordeste,27,Alagoas,2708006,Santana do Ipanema,270800605,Santana do Ipanema,46220
2,Nordeste,27,Alagoas,2708105,Santana do Mundaú,270810505,Santana do Mundaú,10121
2,Nordeste,27,Alagoas,2708105,Santana do Mundaú,270810510,Munguba,1202
2,Nordeste,27,Alagoas,2708204,São Brás,270820405,São Brás,6555
2,Nordeste,27,Alagoas,2708303,São José da Laje,270830305,São José da Laje,20813
2,Nordeste,27,Alagoas,2708402,São José da Tapera,270840205,São José da Tapera,30604
2,Nordeste,27,Alagoas,2708501,São Luís do Quitunde,270850105,São Luís do Quitunde,30873
2,Nordeste,27,Alagoas,2708600,São Miguel dos Campos,270860005,São Miguel dos Campos,51990
2,Nordeste,27,Alagoas,2708709,São Miguel dos Milagres,270870905,São Miguel dos Milagres,8482
2,Nordeste,27,Alagoas,2708808,São Sebastião,270880805,São Sebastião,31786
2,Nordeste,27,Alagoas,2708907,Satuba,270890705,Satuba,24278
2,Nordeste,27,Alagoas,2708956,Senador Rui Palmeira,270895605,Senador Rui Palmeira,12303
2,Nordeste,27,Alagoas,2709004,Tanque d'Arca,270900405,Tanque d'Arca,5796
2,Nordeste,27,Alagoas,2709103,Taquarana,270910305,Taquarana,19032
2,Nordeste,27,Alagoas,2709152,Teotônio Vilela,270915205,Teotônio Vilela,38053
2,Nordeste,27,Alagoas,2709202,Traipu,270920205,Traipu,23565
2,Nordeste,27,Alagoas,2709301,União dos Palmares,270930105,União dos Palmares,53465
2,Nordeste,27,Alagoas,2709301,União dos Palmares,270930110,Rocha Cavalcante,5815
2,Nordeste,27,Alagoas,2709400,Viçosa,270940005,Viçosa,20524
2,Nordeste,27,Alagoas,2709400,Viçosa,270940010,Anel,3568
2,Nordeste,28,Sergipe,2800100,Amparo do São Francisco,280010005,Amparo do São Francisco,2170
2,Nordeste,28,Sergipe,2800209,Aquidabã,280020905,Aquidabã,20131
2,Nordeste,28,Sergipe,2800308,Aracaju,280030805,Aracaju,602757
2,Nordeste,28,Sergipe,2800407,Arauá,280040705,Arauá,10318
2,Nordeste,28,Sergipe,2800506,Areia Branca,280050605,Areia Branca,18081
2,Nordeste,28,Sergipe,2800605,Barra dos Coqueiros,280060505,Barra dos Coqueiros,41511
2,Nordeste,28,Sergipe,2800670,Boquim,280067005,Boquim,24636
2,Nordeste,28,Sergipe,2800704,Brejo Grande,280070405,Brejo Grande,7841
2,Nordeste,28,Sergipe,2801009,Campo do Brito,280100905,Campo do Brito,18149
2,Nordeste,28,Sergipe,2801108,Canhoba,280110805,Canhoba,3791
2,Nordeste,28,Sergipe,2801207,Canindé de São Francisco,280120705,Canindé de São Francisco,26834
2,Nordeste,28,Sergipe,2801306,Capela,280130605,Capela,26472
2,Nordeste,28,Sergipe,2801306,Capela,280130610,Barracas,1400
2,Nordeste,28,Sergipe,2801306,Capela,280130615,Miranda,1452
2,Nordeste,28,Sergipe,2801306,Capela,280130620,Pedras,2321
2,Nordeste,28,Sergipe,2801405,Carira,280140505,Carira,18172
2,Nordeste,28,Sergipe,2801405,Carira,280140510,Altos Verdes,1767
2,Nordeste,28,Sergipe,2801504,Carmópolis,280150405,Carmópolis,13853
2,Nordeste,28,Sergipe,2801603,Cedro de São João,280160305,Cedro de São João,5391
2,Nordeste,28,Sergipe,2801702,Cristinápolis,280170205,Cristinápolis,17100
2,Nordeste,28,Sergipe,2801900,Cumbe,280190005,Cumbe,3824
2,Nordeste,28,Sergipe,2802007,Divina Pastora,280200705,Divina Pastora,4340
2,Nordeste,28,Sergipe,2802106,Estância,280210605,Estância,65078
2,Nordeste,28,Sergipe,2802205,Feira Nova,280220505,Feira Nova,5975
2,Nordeste,28,Sergipe,2802304,Frei Paulo,280230405,Frei Paulo,14530
2,Nordeste,28,Sergipe,2802403,Gararu,280240305,Gararu,5477
2,Nordeste,28,Sergipe,2802403,Gararu,280240310,Lagoa Funda,814
2,Nordeste,28,Sergipe,2802403,Gararu,280240315,São Mateus da Palestina,4805
2,Nordeste,28,Sergipe,2802502,General Maynard,280250205,General Maynard,3037
2,Nordeste,28,Sergipe,2802601,Graccho Cardoso,280260105,Graccho Cardoso,5834
2,Nordeste,28,Sergipe,2802700,Ilha das Flores,280270005,Ilha das Flores,8321
2,Nordeste,28,Sergipe,2802809,Indiaroba,280280905,Indiaroba,16549
2,Nordeste,28,Sergipe,2802908,Itabaiana,280290805,Itabaiana,103440
2,Nordeste,28,Sergipe,2803005,Itabaianinha,280300505,Itabaianinha,40678
2,Nordeste,28,Sergipe,2803104,Itabi,280310405,Itabi,4745
2,Nordeste,28,Sergipe,2803203,Itaporanga d'Ajuda,280320305,Itaporanga d'Ajuda,34411
2,Nordeste,28,Sergipe,2803302,Japaratuba,280330205,Japaratuba,16209
2,Nordeste,28,Sergipe,2803401,Japoatã,280340105,Japoatã,13407
2,Nordeste,28,Sergipe,2803500,Lagarto,280350005,Lagarto,101579
2,Nordeste,28,Sergipe,2803609,Laranjeiras,280360905,Laranjeiras,23975
2,Nordeste,28,Sergipe,2803708,Macambira,280370805,Macambira,6838
2,Nordeste,28,Sergipe,2803807,Malhada dos Bois,280380705,Malhada dos Bois,3579
2,Nordeste,28,Sergipe,2803906,Malhador,280390605,Malhador,11533
2,Nordeste,28,Sergipe,2804003,Maruim,280400305,Maruim,15719
2,Nordeste,28,Sergipe,2804102,Moita Bonita,280410205,Moita Bonita,11050
2,Nordeste,28,Sergipe,2804201,Monte Alegre de Sergipe,280420105,Monte Alegre de Sergipe,14336
2,Nordeste,28,Sergipe,2804300,Muribeca,280430005,Muribeca,7822
2,Nordeste,28,Sergipe,2804409,Neópolis,280440905,Neópolis,16426
2,Nordeste,28,Sergipe,2804458,Nossa Senhora Aparecida,280445805,Nossa Senhora Aparecida,9232
2,Nordeste,28,Sergipe,2804508,Nossa Senhora da Glória,280450805,Nossa Senhora da Glória,41212
2,Nordeste,28,Sergipe,2804607,Nossa Senhora das Dores,280460705,Nossa Senhora das Dores,24996
2,Nordeste,28,Sergipe,2804706,Nossa Senhora de Lourdes,280470605,Nossa Senhora de Lourdes,6268
2,Nordeste,28,Sergipe,2804805,Nossa Senhora do Socorro,280480505,Nossa Senhora do Socorro,6464
2,Nordeste,28,Sergipe,2804805,Nossa Senhora do Socorro,280480506,Bita,447
2,Nordeste,28,Sergipe,2804805,Nossa Senhora do Socorro,280480507,Calumbi,658
2,Nordeste,28,Sergipe,2804805,Nossa Senhora do Socorro,280480508,Camaratuba,262
2,Nordeste,28,Sergipe,2804805,Nossa Senhora do Socorro,280480509,Distrito Industrial da Taiçoca,11
2,Nordeste,28,Sergipe,2804805,Nossa Senhora do Socorro,280480510,Lavandeira,457
2,Nordeste,28,Sergipe,2804805,Nossa Senhora do Socorro,280480511,Oiteiro,6236
2,Nordeste,28,Sergipe,2804805,Nossa Senhora do Socorro,280480512,Palestina,20436
2,Nordeste,28,Sergipe,2804805,Nossa Senhora do Socorro,280480513,Porto Grande,1041
2,Nordeste,28,Sergipe,2804805,Nossa Senhora do Socorro,280480514,Quissamã,161
2,Nordeste,28,Sergipe,2804805,Nossa Senhora do Socorro,280480515,São Brás,17397
2,Nordeste,28,Sergipe,2804805,Nossa Senhora do Socorro,280480516,Sobrado,16543
2,Nordeste,28,Sergipe,2804805,Nossa Senhora do Socorro,280480517,Taboca,12869
2,Nordeste,28,Sergipe,2804805,Nossa Senhora do Socorro,280480518,Taiçoca de Dentro,67418
2,Nordeste,28,Sergipe,2804805,Nossa Senhora do Socorro,280480519,Taiçoca de Fora,41930
2,Nordeste,28,Sergipe,2804904,Pacatuba,280490405,Pacatuba,12502
2,Nordeste,28,Sergipe,2805000,Pedra Mole,280500005,Pedra Mole,2778
2,Nordeste,28,Sergipe,2805109,Pedrinhas,280510905,Pedrinhas,7396
2,Nordeste,28,Sergipe,2805208,Pinhão,280520805,Pinhão,5677
2,Nordeste,28,Sergipe,2805307,Pirambu,280530705,Pirambu,7913
2,Nordeste,28,Sergipe,2805406,Poço Redondo,280540605,Poço Redondo,33439
2,Nordeste,28,Sergipe,2805505,Poço Verde,280550505,Poço Verde,21794
2,Nordeste,28,Sergipe,2805604,Porto da Folha,280560405,Porto da Folha,26576
2,Nordeste,28,Sergipe,2805703,Propriá,280570305,Propriá,26618
2,Nordeste,28,Sergipe,2805802,Riachão do Dantas,280580205,Riachão do Dantas,16026
2,Nordeste,28,Sergipe,2805802,Riachão do Dantas,280580210,Palmares,2287
2,Nordeste,28,Sergipe,2805901,Riachuelo,280590105,Riachuelo,8748
2,Nordeste,28,Sergipe,2806008,Ribeirópolis,280600805,Ribeirópolis,17033
2,Nordeste,28,Sergipe,2806107,Rosário do Catete,280610705,Rosário do Catete,9295
2,Nordeste,28,Sergipe,2806206,Salgado,280620605,Salgado,20279
2,Nordeste,28,Sergipe,2806305,Santa Luzia do Itanhy,280630505,Santa Luzia do Itanhy,13616
2,Nordeste,28,Sergipe,2806404,Santana do São Francisco,280640405,Santana do São Francisco,7346
2,Nordeste,28,Sergipe,2806503,Santa Rosa de Lima,280650305,Santa Rosa de Lima,3937
2,Nordeste,28,Sergipe,2806602,Santo Amaro das Brotas,280660205,Santo Amaro das Brotas,11092
2,Nordeste,28,Sergipe,2806701,São Cristóvão,280670105,São Cristóvão,95612
2,Nordeste,28,Sergipe,2806800,São Domingos,280680005,São Domingos,10327
2,Nordeste,28,Sergipe,2806909,São Francisco,280690905,São Francisco,3243
2,Nordeste,28,Sergipe,2807006,São Miguel do Aleixo,280700605,São Miguel do Aleixo,3434
2,Nordeste,28,Sergipe,2807105,Simão Dias,280710505,Simão Dias,42578
2,Nordeste,28,Sergipe,2807204,Siriri,280720405,Siriri,7834
2,Nordeste,28,Sergipe,2807303,Telha,280730305,Telha,3274
2,Nordeste,28,Sergipe,2807402,Tobias Barreto,280740205,Tobias Barreto,44322
2,Nordeste,28,Sergipe,2807402,Tobias Barreto,280740210,Samambaia,3195
2,Nordeste,28,Sergipe,2807402,Tobias Barreto,280740215,Monte Coelhos,3388
2,Nordeste,28,Sergipe,2807501,Tomar do Geru,280750105,Tomar do Geru,12012
2,Nordeste,28,Sergipe,2807600,Umbaúba,280760005,Umbaúba,23917
2,Nordeste,29,Bahia,2900108,Abaíra,290010805,Abaíra,4939
2,Nordeste,29,Bahia,2900108,Abaíra,290010810,Catolés,2362
2,Nordeste,29,Bahia,2900207,Abaré,290020705,Abaré,6710
2,Nordeste,29,Bahia,2900207,Abaré,290020710,Ibó,10929
2,Nordeste,29,Bahia,2900306,Acajutiba,290030605,Acajutiba,13795
2,Nordeste,29,Bahia,2900355,Adustina,290035505,Adustina,14201
2,Nordeste,29,Bahia,2900405,Água Fria,290040505,Água Fria,10016
2,Nordeste,29,Bahia,2900405,Água Fria,290040510,Pataíba,4481
2,Nordeste,29,Bahia,2900504,Érico Cardoso,290050405,Érico Cardoso,10604
2,Nordeste,29,Bahia,2900603,Aiquara,290060305,Aiquara,4447
2,Nordeste,29,Bahia,2900702,Alagoinhas,290070205,Alagoinhas,136769
2,Nordeste,29,Bahia,2900702,Alagoinhas,290070215,Boa União,8133
2,Nordeste,29,Bahia,2900702,Alagoinhas,290070220,Riacho da Guia,6153
2,Nordeste,29,Bahia,2900801,Alcobaça,290080105,Alcobaça,16463
2,Nordeste,29,Bahia,2900801,Alcobaça,290080125,São José,8067
2,Nordeste,29,Bahia,2900900,Almadina,290090005,Almadina,5218
2,Nordeste,29,Bahia,2901007,Amargosa,290100705,Amargosa,30204
2,Nordeste,29,Bahia,2901007,Amargosa,290100710,Corta Mão,3893
2,Nordeste,29,Bahia,2901007,Amargosa,290100715,Diógenes Sampaio,1503
2,Nordeste,29,Bahia,2901007,Amargosa,290100720,Itachama,921
2,Nordeste,29,Bahia,2901106,Amélia Rodrigues,290110605,Amélia Rodrigues,20145
2,Nordeste,29,Bahia,2901106,Amélia Rodrigues,290110610,Inhatá,3211
2,Nordeste,29,Bahia,2901106,Amélia Rodrigues,290110615,Mata da Aliança,782
2,Nordeste,29,Bahia,2901155,América Dourada,290115505,América Dourada,6323
2,Nordeste,29,Bahia,2901155,América Dourada,290115510,Belo Campo,1088
2,Nordeste,29,Bahia,2901155,América Dourada,290115515,Prevenido,2432
2,Nordeste,29,Bahia,2901155,América Dourada,290115520,Soares,5294
2,Nordeste,29,Bahia,2901205,Anagé,290120505,Anagé,18782
2,Nordeste,29,Bahia,2901205,Anagé,290120510,Coquinhos,6656
2,Nordeste,29,Bahia,2901304,Andaraí,290130405,Andaraí,6901
2,Nordeste,29,Bahia,2901304,Andaraí,290130410,Igatu,1492
2,Nordeste,29,Bahia,2901304,Andaraí,290130420,Ubiraitá,4687
2,Nordeste,29,Bahia,2901353,Andorinha,290135305,Andorinha,13089
2,Nordeste,29,Bahia,2901353,Andorinha,290135310,Sítio da Baraúna,836
2,Nordeste,29,Bahia,2901353,Andorinha,290135315,Tanquinho do Poço,1087
2,Nordeste,29,Bahia,2901403,Angical,290140305,Angical,9122
2,Nordeste,29,Bahia,2901403,Angical,290140315,Missão de Aricobé,4610
2,Nordeste,29,Bahia,2901502,Anguera,290150205,Anguera,11031
2,Nordeste,29,Bahia,2901601,Antas,290160105,Antas,14206
2,Nordeste,29,Bahia,2901700,Antônio Cardoso,290170005,Antônio Cardoso,3174
2,Nordeste,29,Bahia,2901700,Antônio Cardoso,290170012,Oleiro,2274
2,Nordeste,29,Bahia,2901700,Antônio Cardoso,290170015,Poço,3290
2,Nordeste,29,Bahia,2901700,Antônio Cardoso,290170020,Santo Estevão Velho,2408
2,Nordeste,29,Bahia,2901809,Antônio Gonçalves,290180905,Antônio Gonçalves,10862
2,Nordeste,29,Bahia,2901908,Aporá,290190805,Aporá,6980
2,Nordeste,29,Bahia,2901908,Aporá,290190810,Itamira,8942
2,Nordeste,29,Bahia,2901957,Apuarema,290195705,Apuarema,6913
2,Nordeste,29,Bahia,2902005,Aracatu,290200505,Aracatu,13936
2,Nordeste,29,Bahia,2902054,Araçás,290205405,Araçás,11557
2,Nordeste,29,Bahia,2902104,Araci,290210405,Araci,48294
2,Nordeste,29,Bahia,2902203,Aramari,290220305,Aramari,9833
2,Nordeste,29,Bahia,2902252,Arataca,290225205,Arataca,8702
2,Nordeste,29,Bahia,2902252,Arataca,290225210,Itatingui,1489
2,Nordeste,29,Bahia,2902302,Aratuípe,290230205,Aratuípe,7088
2,Nordeste,29,Bahia,2902302,Aratuípe,290230210,Maragogipinho,1589
2,Nordeste,29,Bahia,2902401,Aurelino Leal,290240105,Aurelino Leal,8378
2,Nordeste,29,Bahia,2902401,Aurelino Leal,290240110,Laje do Banco,1273
2,Nordeste,29,Bahia,2902401,Aurelino Leal,290240115,Poço Central,1528
2,Nordeste,29,Bahia,2902500,Baianópolis,290250005,Baianópolis,4917
2,Nordeste,29,Bahia,2902500,Baianópolis,290250010,Várzeas,8697
2,Nordeste,29,Bahia,2902609,Baixa Grande,290260905,Baixa Grande,18220
2,Nordeste,29,Bahia,2902658,Banzaê,290265805,Banzaê,11958
2,Nordeste,29,Bahia,2902708,Barra,290270805,Barra,37328
2,Nordeste,29,Bahia,2902708,Barra,290270815,Ibiraba,11604
2,Nordeste,29,Bahia,2902708,Barra,290270820,Igarité,2160
2,Nordeste,29,Bahia,2902807,Barra da Estiva,290280705,Barra da Estiva,22778
2,Nordeste,29,Bahia,2902807,Barra da Estiva,290280710,Triunfo do Sincorá,3248
2,Nordeste,29,Bahia,2902906,Barra do Choça,290290605,Barra do Choça,30864
2,Nordeste,29,Bahia,2902906,Barra do Choça,290290610,Barra Nova,5675
2,Nordeste,29,Bahia,2903003,Barra do Mendes,290300305,Barra do Mendes,11177
2,Nordeste,29,Bahia,2903003,Barra do Mendes,290300307,Antari,1192
2,Nordeste,29,Bahia,2903003,Barra do Mendes,290300310,Minas do Espírito Santo,1467
2,Nordeste,29,Bahia,2903102,Barra do Rocha,290310205,Barra do Rocha,5775
2,Nordeste,29,Bahia,2903201,Barreiras,290320105,Barreiras,159734
2,Nordeste,29,Bahia,2903235,Barro Alto,290323505,Barro Alto,5655
2,Nordeste,29,Bahia,2903235,Barro Alto,290323510,Lagoa do Boi,5464
2,Nordeste,29,Bahia,2903235,Barro Alto,290323515,Lagoa Funda,2334
2,Nordeste,29,Bahia,2903276,Barrocas,290327605,Barrocas,15203
2,Nordeste,29,Bahia,2903300,Barro Preto,290330005,Barro Preto,5833
2,Nordeste,29,Bahia,2903409,Belmonte,290340905,Belmonte,10095
2,Nordeste,29,Bahia,2903409,Belmonte,290340910,Boca do Córrego,3428
2,Nordeste,29,Bahia,2903409,Belmonte,290340915,Mogiquiçaba,6598
2,Nordeste,29,Bahia,2903508,Belo Campo,290350805,Belo Campo,18412
2,Nordeste,29,Bahia,2903607,Biritinga,290360705,Biritinga,15146
2,Nordeste,29,Bahia,2903706,Boa Nova,290370605,Boa Nova,13690
2,Nordeste,29,Bahia,2903805,Boa Vista do Tupim,290380505,Boa Vista do Tupim,14193
2,Nordeste,29,Bahia,2903805,Boa Vista do Tupim,290380510,Terra Boa,2680
2,Nordeste,29,Bahia,2903904,Bom Jesus da Lapa,290390405,Bom Jesus da Lapa,57930
2,Nordeste,29,Bahia,2903904,Bom Jesus da Lapa,290390407,Favelândia,2963
2,Nordeste,29,Bahia,2903904,Bom Jesus da Lapa,290390410,Formoso,4657
2,Nordeste,29,Bahia,2903953,Bom Jesus da Serra,290395305,Bom Jesus da Serra,7992
2,Nordeste,29,Bahia,2903953,Bom Jesus da Serra,290395310,Água Bela,1738
2,Nordeste,29,Bahia,2904001,Boninal,290400105,Boninal,10906
2,Nordeste,29,Bahia,2904001,Boninal,290400110,Bastião,2716
2,Nordeste,29,Bahia,2904050,Bonito,290405005,Bonito,15844
2,Nordeste,29,Bahia,2904100,Boquira,290410005,Boquira,14186
2,Nordeste,29,Bahia,2904100,Boquira,290410010,Bucuituba,5136
2,Nordeste,29,Bahia,2904209,Botuporã,290420905,Botuporã,11024
2,Nordeste,29,Bahia,2904308,Brejões,290430805,Brejões,12943
2,Nordeste,29,Bahia,2904407,Brejolândia,290440705,Brejolândia,9108
2,Nordeste,29,Bahia,2904506,Brotas de Macaúbas,290450605,Brotas de Macaúbas,6790
2,Nordeste,29,Bahia,2904506,Brotas de Macaúbas,290450610,Ouricuri do Ouro,3056
2,Nordeste,29,Bahia,2904506,Brotas de Macaúbas,290450615,Saudável,1919
2,Nordeste,29,Bahia,2904605,Brumado,290460505,Brumado,59992
2,Nordeste,29,Bahia,2904605,Brumado,290460510,Cristalândia,2065
2,Nordeste,29,Bahia,2904605,Brumado,290460515,Itaquaraí,4547
2,Nordeste,29,Bahia,2904605,Brumado,290460520,Ubiraçaba,3906
2,Nordeste,29,Bahia,2904704,Buerarema,290470405,Buerarema,14804
2,Nordeste,29,Bahia,2904753,Buritirama,290475305,Buritirama,19589
2,Nordeste,29,Bahia,2904803,Caatiba,290480305,Caatiba,6205
2,Nordeste,29,Bahia,2904852,Cabaceiras do Paraguaçu,290485205,Cabaceiras do Paraguaçu,12569
2,Nordeste,29,Bahia,2904852,Cabaceiras do Paraguaçu,290485210,Geolândia,3990
2,Nordeste,29,Bahia,2904902,Cachoeira,290490205,Cachoeira,17029
2,Nordeste,29,Bahia,2904902,Cachoeira,290490210,Belém da Cachoeira,7362
2,Nordeste,29,Bahia,2904902,Cachoeira,290490215,Santiago do Iguape,4859
2,Nordeste,29,Bahia,2905008,Caculé,290500805,Caculé,22462
2,Nordeste,29,Bahia,2905107,Caém,290510705,Caém,10384
2,Nordeste,29,Bahia,2905156,Caetanos,290515605,Caetanos,7041
2,Nordeste,29,Bahia,2905156,Caetanos,290515610,Alegre,2118
2,Nordeste,29,Bahia,2905156,Caetanos,290515615,Caldeirão,2107
2,Nordeste,29,Bahia,2905206,Caetité,290520605,Caetité,38285
2,Nordeste,29,Bahia,2905206,Caetité,290520610,Brejinho das Ametistas,4087
2,Nordeste,29,Bahia,2905206,Caetité,290520615,Caldeiras,3579
2,Nordeste,29,Bahia,2905206,Caetité,290520625,Maniaçu,4562
2,Nordeste,29,Bahia,2905206,Caetité,290520630,Pajeú do Vento,1499
2,Nordeste,29,Bahia,2905305,Cafarnaum,290530505,Cafarnaum,13629
2,Nordeste,29,Bahia,2905305,Cafarnaum,290530510,Canal,3837
2,Nordeste,29,Bahia,2905404,Cairu,290540405,Cairu,2970
2,Nordeste,29,Bahia,2905404,Cairu,290540410,Galeão,872
2,Nordeste,29,Bahia,2905404,Cairu,290540415,Gamboa,10239
2,Nordeste,29,Bahia,2905404,Cairu,290540420,Velha Boipeba,3680
2,Nordeste,29,Bahia,2905503,Caldeirão Grande,290550305,Caldeirão Grande,13080
2,Nordeste,29,Bahia,2905602,Camacan,290560205,Camacan,18282
2,Nordeste,29,Bahia,2905602,Camacan,290560220,São João do Panelinha,4297
2,Nordeste,29,Bahia,2905701,Camaçari,290570105,Camaçari,186300
2,Nordeste,29,Bahia,2905701,Camaçari,290570110,Abrantes,79552
2,Nordeste,29,Bahia,2905701,Camaçari,290570120,Monte Gordo,34520
2,Nordeste,29,Bahia,2905800,Camamu,290580005,Camamu,19030
2,Nordeste,29,Bahia,2905800,Camamu,290580010,Barcelos do Sul,3826
2,Nordeste,29,Bahia,2905800,Camamu,290580020,Tapuia,7613
2,Nordeste,29,Bahia,2905909,Campo Alegre de Lourdes,290590905,Campo Alegre de Lourdes,24812
2,Nordeste,29,Bahia,2905909,Campo Alegre de Lourdes,290590910,Peixe,5859
2,Nordeste,29,Bahia,2906006,Campo Formoso,290600605,Campo Formoso,60152
2,Nordeste,29,Bahia,2906006,Campo Formoso,290600615,Laje dos Negros,11225
2,Nordeste,29,Bahia,2906105,Canápolis,290610505,Canápolis,10225
2,Nordeste,29,Bahia,2906204,Canarana,290620405,Canarana,13336
2,Nordeste,29,Bahia,2906204,Canarana,290620420,Paz de Salobro,10870
2,Nordeste,29,Bahia,2906303,Canavieiras,290630305,Canavieiras,25601
2,Nordeste,29,Bahia,2906303,Canavieiras,290630315,Ouricana,4162
2,Nordeste,29,Bahia,2906303,Canavieiras,290630320,Poxim do Sul,2920
2,Nordeste,29,Bahia,2906402,Candeal,290640205,Candeal,7772
2,Nordeste,29,Bahia,2906501,Candeias,290650105,Candeias,59535
2,Nordeste,29,Bahia,2906501,Candeias,290650110,Caboto,1548
2,Nordeste,29,Bahia,2906501,Candeias,290650115,Caroba,4162
2,Nordeste,29,Bahia,2906501,Candeias,290650120,Madeira,30
2,Nordeste,29,Bahia,2906501,Candeias,290650125,Menino Jesus,1397
2,Nordeste,29,Bahia,2906501,Candeias,290650130,Passagem dos Teixeiras,2798
2,Nordeste,29,Bahia,2906501,Candeias,290650135,Passé,2912
2,Nordeste,29,Bahia,2906600,Candiba,290660005,Candiba,9768
2,Nordeste,29,Bahia,2906600,Candiba,290660015,Pilões,3248
2,Nordeste,29,Bahia,2906709,Cândido Sales,290670905,Cândido Sales,16819
2,Nordeste,29,Bahia,2906709,Cândido Sales,290670915,Lagoa Grande,3542
2,Nordeste,29,Bahia,2906709,Cândido Sales,290670920,Quaraçu,4886
2,Nordeste,29,Bahia,2906808,Cansanção,290680805,Cansanção,37439
2,Nordeste,29,Bahia,2906824,Canudos,290682405,Canudos,12191
2,Nordeste,29,Bahia,2906824,Canudos,290682410,Bedengó,3914
2,Nordeste,29,Bahia,2906857,Capela do Alto Alegre,290685705,Capela do Alto Alegre,10744
2,Nordeste,29,Bahia,2906873,Capim Grosso,290687305,Capim Grosso,33235
2,Nordeste,29,Bahia,2906899,Caraíbas,290689905,Caraíbas,4945
2,Nordeste,29,Bahia,2906899,Caraíbas,290689940,Vila Mariana,4995
2,Nordeste,29,Bahia,2906907,Caravelas,290690705,Caravelas,7354
2,Nordeste,29,Bahia,2906907,Caravelas,290690710,Juerana,5657
2,Nordeste,29,Bahia,2906907,Caravelas,290690715,Ponta da Areia,4092
2,Nordeste,29,Bahia,2906907,Caravelas,290690720,Santo Antônio de Barcelona,3477
2,Nordeste,29,Bahia,2907004,Cardeal da Silva,290700405,Cardeal da Silva,8365
2,Nordeste,29,Bahia,2907103,Carinhanha,290710305,Carinhanha,18766
2,Nordeste,29,Bahia,2907103,Carinhanha,290710310,Barra da Parateca,10103
2,Nordeste,29,Bahia,2907202,Casa Nova,290720205,Casa Nova,39604
2,Nordeste,29,Bahia,2907202,Casa Nova,290720210,Bem-Bom,3989
2,Nordeste,29,Bahia,2907202,Casa Nova,290720215,Luís Viana,7108
2,Nordeste,29,Bahia,2907202,Casa Nova,290720220,Pau a Pique,5051
2,Nordeste,29,Bahia,2907202,Casa Nova,290720225,Sobrado,16334
2,Nordeste,29,Bahia,2907301,Castro Alves,290730105,Castro Alves,16209
2,Nordeste,29,Bahia,2907301,Castro Alves,290730115,Crussai,2567
2,Nordeste,29,Bahia,2907301,Castro Alves,290730125,Petim,3254
2,Nordeste,29,Bahia,2907301,Castro Alves,290730130,Sítio do Meio,2682
2,Nordeste,29,Bahia,2907400,Catolândia,290740005,Catolândia,3434
2,Nordeste,29,Bahia,2907509,Catu,290750905,Catu,39859
2,Nordeste,29,Bahia,2907509,Catu,290750910,Bela Flor,3074
2,Nordeste,29,Bahia,2907509,Catu,290750915,Sítio Novo,5215
2,Nordeste,29,Bahia,2907558,Caturama,290755805,Caturama,8841
2,Nordeste,29,Bahia,2907608,Central,290760805,Central,16348
2,Nordeste,29,Bahia,2907707,Chorrochó,290770705,Chorrochó,10579
2,Nordeste,29,Bahia,2907806,Cícero Dantas,290780605,Cícero Dantas,25997
2,Nordeste,29,Bahia,2907806,Cícero Dantas,290780615,São João da Fortaleza,4910
2,Nordeste,29,Bahia,2907905,Cipó,290790505,Cipó,17230
2,Nordeste,29,Bahia,2908002,Coaraci,290800205,Coaraci,15217
2,Nordeste,29,Bahia,2908002,Coaraci,290800210,Itamotinga,1088
2,Nordeste,29,Bahia,2908002,Coaraci,290800220,São Roque,1028
2,Nordeste,29,Bahia,2908101,Cocos,290810105,Cocos,19151
2,Nordeste,29,Bahia,2908200,Conceição da Feira,290820005,Conceição da Feira,20800
2,Nordeste,29,Bahia,2908309,Conceição do Almeida,290830905,Conceição do Almeida,10988
2,Nordeste,29,Bahia,2908309,Conceição do Almeida,290830910,Comércio,2122
2,Nordeste,29,Bahia,2908309,Conceição do Almeida,290830915,Rio da Dona,2684
2,Nordeste,29,Bahia,2908408,Conceição do Coité,290840805,Conceição do Coité,48332
2,Nordeste,29,Bahia,2908408,Conceição do Coité,290840806,Bandiaçu,4062
2,Nordeste,29,Bahia,2908408,Conceição do Coité,290840808,Joazeiro,3380
2,Nordeste,29,Bahia,2908408,Conceição do Coité,290840809,São João,2004
2,Nordeste,29,Bahia,2908408,Conceição do Coité,290840810,Salgadália,7538
2,Nordeste,29,Bahia,2908408,Conceição do Coité,290840815,Aroeira,2509
2,Nordeste,29,Bahia,2908507,Conceição do Jacuípe,290850705,Conceição do Jacuípe,35308
2,Nordeste,29,Bahia,2908606,Conde,290860605,Conde,23654
2,Nordeste,29,Bahia,2908705,Condeúba,290870505,Condeúba,11151
2,Nordeste,29,Bahia,2908705,Condeúba,290870508,Alegre,5902
2,Nordeste,29,Bahia,2908804,Contendas do Sincorá,290880405,Contendas do Sincorá,2983
2,Nordeste,29,Bahia,2908804,Contendas do Sincorá,290880410,Caraibuna,1350
2,Nordeste,29,Bahia,2908903,Coração de Maria,290890305,Coração de Maria,15177
2,Nordeste,29,Bahia,2908903,Coração de Maria,290890310,Itacava,4928
2,Nordeste,29,Bahia,2908903,Coração de Maria,290890330,Retiro,6587
2,Nordeste,29,Bahia,2909000,Cordeiros,290900005,Cordeiros,7546
2,Nordeste,29,Bahia,2909109,Coribe,290910905,Coribe,8622
2,Nordeste,29,Bahia,2909109,Coribe,290910910,Descoberto,5368
2,Nordeste,29,Bahia,2909208,Coronel João Sá,290920805,Coronel João Sá,17056
2,Nordeste,29,Bahia,2909307,Correntina,290930705,Correntina,28242
2,Nordeste,29,Bahia,2909307,Correntina,290930710,São Manoel do Norte,1340
2,Nordeste,29,Bahia,2909307,Correntina,290930715,Rosário,2875
2,Nordeste,29,Bahia,2909406,Cotegipe,290940605,Cotegipe,8295
2,Nordeste,29,Bahia,2909406,Cotegipe,290940610,Jupaguá,3557
2,Nordeste,29,Bahia,2909406,Cotegipe,290940615,Taguá,1211
2,Nordeste,29,Bahia,2909505,Cravolândia,290950505,Cravolândia,4415
2,Nordeste,29,Bahia,2909604,Crisópolis,290960405,Crisópolis,13987
2,Nordeste,29,Bahia,2909604,Crisópolis,290960410,Buril,5742
2,Nordeste,29,Bahia,2909703,Cristópolis,290970305,Cristópolis,13993
2,Nordeste,29,Bahia,2909802,Cruz das Almas,290980205,Cruz das Almas,60348
2,Nordeste,29,Bahia,2909901,Curaçá,290990105,Curaçá,17221
2,Nordeste,29,Bahia,2909901,Curaçá,290990110,Barro Vermelho,640
2,Nordeste,29,Bahia,2909901,Curaçá,290990115,Patamuté,2318
2,Nordeste,29,Bahia,2909901,Curaçá,290990120,Poço de Fora,1567
2,Nordeste,29,Bahia,2909901,Curaçá,290990125,Riacho Seco,12434
2,Nordeste,29,Bahia,2910008,Dário Meira,291000805,Dário Meira,10820
2,Nordeste,29,Bahia,2910057,Dias d'Ávila,291005705,Dias d'Ávila,71485
2,Nordeste,29,Bahia,2910107,Dom Basílio,291010705,Dom Basílio,11884
2,Nordeste,29,Bahia,2910206,Dom Macedo Costa,291020605,Dom Macedo Costa,4407
2,Nordeste,29,Bahia,2910305,Elísio Medrado,291030505,Elísio Medrado,5866
2,Nordeste,29,Bahia,2910305,Elísio Medrado,291030510,Monte Cruzeiro,1942
2,Nordeste,29,Bahia,2910404,Encruzilhada,291040405,Encruzilhada,9429
2,Nordeste,29,Bahia,2910404,Encruzilhada,291040420,Vila do Cafe,9678
2,Nordeste,29,Bahia,2910503,Entre Rios,291050305,Entre Rios,25462
2,Nordeste,29,Bahia,2910503,Entre Rios,291050310,Ibatuí,2665
2,Nordeste,29,Bahia,2910503,Entre Rios,291050315,Subaúma,9971
2,Nordeste,29,Bahia,2910602,Esplanada,291060205,Esplanada,24054
2,Nordeste,29,Bahia,2910602,Esplanada,291060210,Palame,4805
2,Nordeste,29,Bahia,2910602,Esplanada,291060220,São José do Mucambo,3695
2,Nordeste,29,Bahia,2910701,Euclides da Cunha,291070105,Euclides da Cunha,49529
2,Nordeste,29,Bahia,2910701,Euclides da Cunha,291070107,Aribicé,2809
2,Nordeste,29,Bahia,2910701,Euclides da Cunha,291070109,Caimbé,5463
2,Nordeste,29,Bahia,2910701,Euclides da Cunha,291070115,Massacará,3655
2,Nordeste,29,Bahia,2910727,Eunápolis,291072705,Eunápolis,113710
2,Nordeste,29,Bahia,2910750,Fátima,291075005,Fátima,17895
2,Nordeste,29,Bahia,2910776,Feira da Mata,291077605,Feira da Mata,4134
2,Nordeste,29,Bahia,2910776,Feira da Mata,291077620,Ramalho,1497
2,Nordeste,29,Bahia,2910800,Feira de Santana,291080005,Feira de Santana,551285
2,Nordeste,29,Bahia,2910800,Feira de Santana,291080010,Bonfim da Feira,2895
2,Nordeste,29,Bahia,2910800,Feira de Santana,291080015,Humildes,18785
2,Nordeste,29,Bahia,2910800,Feira de Santana,291080020,Governador Dr. João Durval Carneiro,3692
2,Nordeste,29,Bahia,2910800,Feira de Santana,291080025,Jaguara,3977
2,Nordeste,29,Bahia,2910800,Feira de Santana,291080030,Jaíba,4758
2,Nordeste,29,Bahia,2910800,Feira de Santana,291080035,Maria Quitéria,15961
2,Nordeste,29,Bahia,2910800,Feira de Santana,291080038,Matinha,10571
2,Nordeste,29,Bahia,2910800,Feira de Santana,291080040,Tiquaruçu,4348
2,Nordeste,29,Bahia,2910859,Filadélfia,291085905,Filadélfia,17897
2,Nordeste,29,Bahia,2910909,Firmino Alves,291090905,Firmino Alves,3224
2,Nordeste,29,Bahia,2910909,Firmino Alves,291090910,Itaiá,1649
2,Nordeste,29,Bahia,2911006,Floresta Azul,291100605,Floresta Azul,11059
2,Nordeste,29,Bahia,2911105,Formosa do Rio Preto,291110505,Formosa do Rio Preto,25899
2,Nordeste,29,Bahia,2911204,Gandu,291120405,Gandu,32178
2,Nordeste,29,Bahia,2911253,Gavião,291125305,Gavião,4360
2,Nordeste,29,Bahia,2911303,Gentio do Ouro,291130305,Gentio do Ouro,5019
2,Nordeste,29,Bahia,2911303,Gentio do Ouro,291130310,Gameleira do Assuruá,618
2,Nordeste,29,Bahia,2911303,Gentio do Ouro,291130315,Ibitunane,1389
2,Nordeste,29,Bahia,2911303,Gentio do Ouro,291130320,Itajubaquara,1905
2,Nordeste,29,Bahia,2911303,Gentio do Ouro,291130323,Pituba,1390
2,Nordeste,29,Bahia,2911303,Gentio do Ouro,291130325,Santo Inácio,563
2,Nordeste,29,Bahia,2911402,Glória,291140205,Glória,15524
2,Nordeste,29,Bahia,2911501,Gongogi,291150105,Gongogi,3950
2,Nordeste,29,Bahia,2911501,Gongogi,291150110,Tapirama,1605
2,Nordeste,29,Bahia,2911600,Governador Mangabeira,291160005,Governador Mangabeira,20605
2,Nordeste,29,Bahia,2911659,Guajeru,291165905,Guajeru,8050
2,Nordeste,29,Bahia,2911709,Guanambi,291170905,Guanambi,68938
2,Nordeste,29,Bahia,2911709,Guanambi,291170910,Ceraíma,7602
2,Nordeste,29,Bahia,2911709,Guanambi,291170912,Morrinhos,3483
2,Nordeste,29,Bahia,2911709,Guanambi,291170915,Mutãs,7794
2,Nordeste,29,Bahia,2911808,Guaratinga,291180805,Guaratinga,14841
2,Nordeste,29,Bahia,2911808,Guaratinga,291180810,Buranhém,4208
2,Nordeste,29,Bahia,2911857,Heliópolis,291185705,Heliópolis,12309
2,Nordeste,29,Bahia,2911907,Iaçu,291190705,Iaçu,17330
2,Nordeste,29,Bahia,2911907,Iaçu,291190710,João Amaro,4982
2,Nordeste,29,Bahia,2911907,Iaçu,291190715,Lajedo Alto,2295
2,Nordeste,29,Bahia,2912004,Ibiassucê,291200405,Ibiassucê,10429
2,Nordeste,29,Bahia,2912103,Ibicaraí,291210305,Ibicaraí,21665
2,Nordeste,29,Bahia,2912202,Ibicoara,291220205,Ibicoara,9438
2,Nordeste,29,Bahia,2912202,Ibicoara,291220215,Cascavel,11347
2,Nordeste,29,Bahia,2912301,Ibicuí,291230105,Ibicuí,11221
2,Nordeste,29,Bahia,2912301,Ibicuí,291230110,Água Doce,1212
2,Nordeste,29,Bahia,2912301,Ibicuí,291230115,Ibitupã,1501
2,Nordeste,29,Bahia,2912400,Ibipeba,291240005,Ibipeba,9970
2,Nordeste,29,Bahia,2912400,Ibipeba,291240010,Iguitu,1963
2,Nordeste,29,Bahia,2912400,Ibipeba,291240015,Lagoa Grande,1143
2,Nordeste,29,Bahia,2912400,Ibipeba,291240020,Mirorós,3527
2,Nordeste,29,Bahia,2912509,Ibipitanga,291250905,Ibipitanga,13863
2,Nordeste,29,Bahia,2912608,Ibiquera,291260805,Ibiquera,3725
2,Nordeste,29,Bahia,2912707,Ibirapitanga,291270705,Ibirapitanga,25344
2,Nordeste,29,Bahia,2912806,Ibirapuã,291280605,Ibirapuã,8896
2,Nordeste,29,Bahia,2912905,Ibirataia,291290505,Ibirataia,14822
2,Nordeste,29,Bahia,2912905,Ibirataia,291290510,Algodão,3970
2,Nordeste,29,Bahia,2913002,Ibitiara,291300205,Ibitiara,5762
2,Nordeste,29,Bahia,2913002,Ibitiara,291300208,Mocambo,4526
2,Nordeste,29,Bahia,2913002,Ibitiara,291300210,Olhos d'Água do Seco,4349
2,Nordeste,29,Bahia,2913101,Ibititá,291310105,Ibititá,11419
2,Nordeste,29,Bahia,2913101,Ibititá,291310120,Canoão,2988
2,Nordeste,29,Bahia,2913101,Ibititá,291310130,Feira Nova,2562
2,Nordeste,29,Bahia,2913200,Ibotirama,291320005,Ibotirama,25354
2,Nordeste,29,Bahia,2913200,Ibotirama,291320010,Boa Vista do Lagamar,955
2,Nordeste,29,Bahia,2913309,Ichu,291330905,Ichu,6190
2,Nordeste,29,Bahia,2913408,Igaporã,291340805,Igaporã,15527
2,Nordeste,29,Bahia,2913457,Igrapiúna,291345705,Igrapiúna,13151
2,Nordeste,29,Bahia,2913507,Iguaí,291350705,Iguaí,16470
2,Nordeste,29,Bahia,2913507,Iguaí,291350710,Iguaibi,5021
2,Nordeste,29,Bahia,2913606,Ilhéus,291360605,Ilhéus,152266
2,Nordeste,29,Bahia,2913606,Ilhéus,291360610,Aritaguá,5895
2,Nordeste,29,Bahia,2913606,Ilhéus,291360615,Banco Central,1232
2,Nordeste,29,Bahia,2913606,Ilhéus,291360625,Castelo Novo,969
2,Nordeste,29,Bahia,2913606,Ilhéus,291360630,Coutos,2226
2,Nordeste,29,Bahia,2913606,Ilhéus,291360635,Inema,1117
2,Nordeste,29,Bahia,2913606,Ilhéus,291360640,Japu,762
2,Nordeste,29,Bahia,2913606,Ilhéus,291360645,Olivença,8652
2,Nordeste,29,Bahia,2913606,Ilhéus,291360650,Pimenteira,750
2,Nordeste,29,Bahia,2913606,Ilhéus,291360655,Banco do Pedro,2819
2,Nordeste,29,Bahia,2913606,Ilhéus,291360665,Sambaituba,1961
2,Nordeste,29,Bahia,2913705,Inhambupe,291370505,Inhambupe,33790
2,Nordeste,29,Bahia,2913804,Ipecaetá,291380405,Ipecaetá,10149
2,Nordeste,29,Bahia,2913804,Ipecaetá,291380410,Cavunge,3560
2,Nordeste,29,Bahia,2913903,Ipiaú,291390305,Ipiaú,40706
2,Nordeste,29,Bahia,2914000,Ipirá,291400005,Ipirá,47653
2,Nordeste,29,Bahia,2914000,Ipirá,291400015,Bonfim de Ipirá,3643
2,Nordeste,29,Bahia,2914000,Ipirá,291400025,Malhador,5580
2,Nordeste,29,Bahia,2914109,Ipupiara,291410905,Ipupiara,6984
2,Nordeste,29,Bahia,2914109,Ipupiara,291410910,Ibipetum,2951
2,Nordeste,29,Bahia,2914208,Irajuba,291420805,Irajuba,6101
2,Nordeste,29,Bahia,2914307,Iramaia,291430705,Iramaia,4574
2,Nordeste,29,Bahia,2914307,Iramaia,291430710,Novo Acre,6178
2,Nordeste,29,Bahia,2914406,Iraquara,291440605,Iraquara,20123
2,Nordeste,29,Bahia,2914406,Iraquara,291440610,Iraporanga,3756
2,Nordeste,29,Bahia,2914505,Irará,291450505,Irará,24532
2,Nordeste,29,Bahia,2914505,Irará,291450510,Bento Simões,3511
2,Nordeste,29,Bahia,2914604,Irecê,291460405,Irecê,66121
2,Nordeste,29,Bahia,2914604,Irecê,291460425,Angical,2818
2,Nordeste,29,Bahia,2914604,Irecê,291460430,Conquista,572
2,Nordeste,29,Bahia,2914604,Irecê,291460435,Itapicuru,4996
2,Nordeste,29,Bahia,2914653,Itabela,291465305,Itabela,28165
2,Nordeste,29,Bahia,2914703,Itaberaba,291470305,Itaberaba,65073
2,Nordeste,29,Bahia,2914802,Itabuna,291480205,Itabuna,186708
2,Nordeste,29,Bahia,2914901,Itacaré,291490105,Itacaré,18821
2,Nordeste,29,Bahia,2914901,Itacaré,291490110,Taboquinhas,8883
2,Nordeste,29,Bahia,2915007,Itaeté,291500705,Itaeté,13472
2,Nordeste,29,Bahia,2915106,Itagi,291510605,Itagi,13803
2,Nordeste,29,Bahia,2915205,Itagibá,291520505,Itagibá,10356
2,Nordeste,29,Bahia,2915205,Itagibá,291520510,Japomirim,4954
2,Nordeste,29,Bahia,2915304,Itagimirim,291530405,Itagimirim,6347
2,Nordeste,29,Bahia,2915353,Itaguaçu da Bahia,291535305,Itaguaçu da Bahia,12311
2,Nordeste,29,Bahia,2915403,Itaju do Colônia,291540305,Itaju do Colônia,4530
2,Nordeste,29,Bahia,2915403,Itaju do Colônia,291540320,Palmira,1507
2,Nordeste,29,Bahia,2915502,Itajuípe,291550205,Itajuípe,17052
2,Nordeste,29,Bahia,2915502,Itajuípe,291550210,Bandeira do Almada,1729
2,Nordeste,29,Bahia,2915601,Itamaraju,291560105,Itamaraju,59605
2,Nordeste,29,Bahia,2915700,Itamari,291570005,Itamari,7051
2,Nordeste,29,Bahia,2915809,Itambé,291580905,Itambé,20320
2,Nordeste,29,Bahia,2915809,Itambé,291580910,Catolezinho,2385
2,Nordeste,29,Bahia,2915809,Itambé,291580915,São José do Colônia,1689
2,Nordeste,29,Bahia,2915908,Itanagra,291590805,Itanagra,5914
2,Nordeste,29,Bahia,2916005,Itanhém,291600505,Itanhém,11882
2,Nordeste,29,Bahia,2916005,Itanhém,291600510,Batinga,2162
2,Nordeste,29,Bahia,2916005,Itanhém,291600515,Ibirajá,3769
2,Nordeste,29,Bahia,2916104,Itaparica,291610405,Itaparica,19789
2,Nordeste,29,Bahia,2916203,Itapé,291620305,Itapé,10341
2,Nordeste,29,Bahia,2916302,Itapebi,291630205,Itapebi,8378
2,Nordeste,29,Bahia,2916302,Itapebi,291630210,Caiubi,796
2,Nordeste,29,Bahia,2916401,Itapetinga,291640105,Itapetinga,61382
2,Nordeste,29,Bahia,2916401,Itapetinga,291640110,Bandeira do Colônia,4515
2,Nordeste,29,Bahia,2916500,Itapicuru,291650005,Itapicuru,12654
2,Nordeste,29,Bahia,2916500,Itapicuru,291650010,Sambaíba,9773
2,Nordeste,29,Bahia,2916500,Itapicuru,291650015,Lagoa Redonda,9252
2,Nordeste,29,Bahia,2916609,Itapitanga,291660905,Itapitanga,10279
2,Nordeste,29,Bahia,2916708,Itaquara,291670805,Itaquara,8153
2,Nordeste,29,Bahia,2916807,Itarantim,291680705,Itarantim,15778
2,Nordeste,29,Bahia,2916807,Itarantim,291680710,Ribeirão do Salto,1274
2,Nordeste,29,Bahia,2916856,Itatim,291685605,Itatim,15737
2,Nordeste,29,Bahia,2916906,Itiruçu,291690605,Itiruçu,10999
2,Nordeste,29,Bahia,2917003,Itiúba,291700305,Itiúba,33872
2,Nordeste,29,Bahia,2917102,Itororó,291710205,Itororó,12139
2,Nordeste,29,Bahia,2917102,Itororó,291710210,Itati,1736
2,Nordeste,29,Bahia,2917102,Itororó,291710215,Rio do Meio,2742
2,Nordeste,29,Bahia,2917201,Ituaçu,291720105,Ituaçu,11425
2,Nordeste,29,Bahia,2917201,Ituaçu,291720130,Tranqueiras,6489
2,Nordeste,29,Bahia,2917300,Ituberá,291730005,Ituberá,21902
2,Nordeste,29,Bahia,2917334,Iuiu,291733405,Iuiu,11118
2,Nordeste,29,Bahia,2917359,Jaborandi,291735905,Jaborandi,9275
2,Nordeste,29,Bahia,2917409,Jacaraci,291740905,Jacaraci,7473
2,Nordeste,29,Bahia,2917409,Jacaraci,291740910,Irundiara,3604
2,Nordeste,29,Bahia,2917409,Jacaraci,291740915,Paiol,3359
2,Nordeste,29,Bahia,2917508,Jacobina,291750805,Jacobina,58212
2,Nordeste,29,Bahia,2917508,Jacobina,291750810,Caatinga do Moura,8913
2,Nordeste,29,Bahia,2917508,Jacobina,291750815,Itaitu,2174
2,Nordeste,29,Bahia,2917508,Jacobina,291750820,Itapeipu,6946
2,Nordeste,29,Bahia,2917508,Jacobina,291750826,Junco,6345
2,Nordeste,29,Bahia,2917607,Jaguaquara,291760705,Jaguaquara,39111
2,Nordeste,29,Bahia,2917607,Jaguaquara,291760715,Ipiúna,6853
2,Nordeste,29,Bahia,2917706,Jaguarari,291770605,Jaguarari,18205
2,Nordeste,29,Bahia,2917706,Jaguarari,291770608,Pilar,10844
2,Nordeste,29,Bahia,2917706,Jaguarari,291770610,Juacema,3654
2,Nordeste,29,Bahia,2917805,Jaguaripe,291780505,Jaguaripe,2458
2,Nordeste,29,Bahia,2917805,Jaguaripe,291780510,Camassandi,2694
2,Nordeste,29,Bahia,2917805,Jaguaripe,291780515,Cunhangi,7499
2,Nordeste,29,Bahia,2917805,Jaguaripe,291780520,Jacuruna,1379
2,Nordeste,29,Bahia,2917805,Jaguaripe,291780526,Pirajuia,3629
2,Nordeste,29,Bahia,2917904,Jandaíra,291790405,Jandaíra,4657
2,Nordeste,29,Bahia,2917904,Jandaíra,291790410,Abadia,2413
2,Nordeste,29,Bahia,2917904,Jandaíra,291790415,Itanhi,1237
2,Nordeste,29,Bahia,2917904,Jandaíra,291790420,Mangue Seco,978
2,Nordeste,29,Bahia,2918001,Jequié,291800105,Jequié,146628
2,Nordeste,29,Bahia,2918001,Jequié,291800110,Baixão,478
2,Nordeste,29,Bahia,2918001,Jequié,291800115,Boaçu,2163
2,Nordeste,29,Bahia,2918001,Jequié,291800118,Florestal,3325
2,Nordeste,29,Bahia,2918001,Jequié,291800120,Itaibó,1564
2,Nordeste,29,Bahia,2918001,Jequié,291800125,Itajuru,3604
2,Nordeste,29,Bahia,2918001,Jequié,291800128,Monte Branco,509
2,Nordeste,29,Bahia,2918001,Jequié,291800130,Oriente Novo,542
2,Nordeste,29,Bahia,2918100,Jeremoabo,291810005,Jeremoabo,34963
2,Nordeste,29,Bahia,2918100,Jeremoabo,291810010,Canché,2663
2,Nordeste,29,Bahia,2918209,Jiquiriçá,291820905,Jiquiriçá,13629
2,Nordeste,29,Bahia,2918308,Jitaúna,291830805,Jitaúna,14355
2,Nordeste,29,Bahia,2918357,João Dourado,291835705,João Dourado,24854
2,Nordeste,29,Bahia,2918407,Juazeiro,291840705,Juazeiro,190214
2,Nordeste,29,Bahia,2918407,Juazeiro,291840707,Abóbora,2068
2,Nordeste,29,Bahia,2918407,Juazeiro,291840710,Carnaíba do Sertão,3900
2,Nordeste,29,Bahia,2918407,Juazeiro,291840715,Itamotinga,12766
2,Nordeste,29,Bahia,2918407,Juazeiro,291840720,Junco,8336
2,Nordeste,29,Bahia,2918407,Juazeiro,291840725,Juremal,1740
2,Nordeste,29,Bahia,2918407,Juazeiro,291840730,Massaroca,2329
2,Nordeste,29,Bahia,2918407,Juazeiro,291840735,Pinhões,2261
2,Nordeste,29,Bahia,2918407,Juazeiro,291840740,Maniçoba,14207
2,Nordeste,29,Bahia,2918456,Jucuruçu,291845605,Jucuruçu,9655
2,Nordeste,29,Bahia,2918506,Jussara,291850605,Jussara,11129
2,Nordeste,29,Bahia,2918506,Jussara,291850607,Queimada Nova,1270
2,Nordeste,29,Bahia,2918506,Jussara,291850610,Recife,3955
2,Nordeste,29,Bahia,2918555,Jussari,291855505,Jussari,5888
2,Nordeste,29,Bahia,2918605,Jussiape,291860505,Jussiape,5077
2,Nordeste,29,Bahia,2918605,Jussiape,291860510,Caraguataí,2302
2,Nordeste,29,Bahia,2918704,Lafaiete Coutinho,291870405,Lafaiete Coutinho,4075
2,Nordeste,29,Bahia,2918753,Lagoa Real,291875305,Lagoa Real,14105
2,Nordeste,29,Bahia,2918803,Laje,291880305,Laje,9912
2,Nordeste,29,Bahia,2918803,Laje,291880310,Capão,4278
2,Nordeste,29,Bahia,2918803,Laje,291880315,Engenheiro Pontes,6862
2,Nordeste,29,Bahia,2918902,Lajedão,291890205,Lajedão,3845
2,Nordeste,29,Bahia,2919009,Lajedinho,291900905,Lajedinho,3527
2,Nordeste,29,Bahia,2919058,Lajedo do Tabocal,291905805,Lajedo do Tabocal,7494
2,Nordeste,29,Bahia,2919108,Lamarão,291910805,Lamarão,9015
2,Nordeste,29,Bahia,2919157,Lapão,291915705,Lapão,25736
2,Nordeste,29,Bahia,2919207,Lauro de Freitas,291920705,Lauro de Freitas,203331
2,Nordeste,29,Bahia,2919306,Lençóis,291930605,Lençóis,6949
2,Nordeste,29,Bahia,2919306,Lençóis,291930610,Afrânio Peixoto,1207
2,Nordeste,29,Bahia,2919306,Lençóis,291930615,Coronel Octaviano Alves,2618
2,Nordeste,29,Bahia,2919405,Licínio de Almeida,291940505,Licínio de Almeida,6490
2,Nordeste,29,Bahia,2919405,Licínio de Almeida,291940510,Tauape,5344
2,Nordeste,29,Bahia,2919504,Livramento de Nossa Senhora,291950405,Livramento de Nossa Senhora,29512
2,Nordeste,29,Bahia,2919504,Livramento de Nossa Senhora,291950410,Iguatemi,7824
2,Nordeste,29,Bahia,2919504,Livramento de Nossa Senhora,291950415,Itanagé,4687
2,Nordeste,29,Bahia,2919504,Livramento de Nossa Senhora,291950420,São Timóteo,1880
2,Nordeste,29,Bahia,2919553,Luís Eduardo Magalhães,291955305,Luís Eduardo Magalhães,107909
2,Nordeste,29,Bahia,2919603,Macajuba,291960305,Macajuba,6540
2,Nordeste,29,Bahia,2919603,Macajuba,291960321,Nova Cruz,2720
2,Nordeste,29,Bahia,2919603,Macajuba,291960326,Santa Luzia,1194
2,Nordeste,29,Bahia,2919702,Macarani,291970205,Macarani,21599
2,Nordeste,29,Bahia,2919801,Macaúbas,291980105,Macaúbas,33940
2,Nordeste,29,Bahia,2919801,Macaúbas,291980110,Canatiba,5468
2,Nordeste,29,Bahia,2919801,Macaúbas,291980115,Lagoa Clara,2451
2,Nordeste,29,Bahia,2919900,Macururé,291990005,Macururé,7256
2,Nordeste,29,Bahia,2919926,Madre de Deus,291992605,Madre de Deus,18504
2,Nordeste,29,Bahia,2919959,Maetinga,291995905,Maetinga,6973
2,Nordeste,29,Bahia,2920007,Maiquinique,292000705,Maiquinique,8731
2,Nordeste,29,Bahia,2920106,Mairi,292010605,Mairi,12413
2,Nordeste,29,Bahia,2920106,Mairi,292010610,Angico,5261
2,Nordeste,29,Bahia,2920205,Malhada,292020505,Malhada,5262
2,Nordeste,29,Bahia,2920205,Malhada,292020510,Canabrava,4107
2,Nordeste,29,Bahia,2920205,Malhada,292020515,Parateca,6029
2,Nordeste,29,Bahia,2920304,Malhada de Pedras,292030405,Malhada de Pedras,8670
2,Nordeste,29,Bahia,2920403,Manoel Vitorino,292040305,Manoel Vitorino,9032
2,Nordeste,29,Bahia,2920403,Manoel Vitorino,292040310,Catingal,4828
2,Nordeste,29,Bahia,2920452,Mansidão,292045205,Mansidão,9109
2,Nordeste,29,Bahia,2920452,Mansidão,292045210,Aroeiras,4810
2,Nordeste,29,Bahia,2920502,Maracás,292050205,Maracás,27620
2,Nordeste,29,Bahia,2920601,Maragogipe,292060105,Maragogipe,14559
2,Nordeste,29,Bahia,2920601,Maragogipe,292060110,Coqueiros,3117
2,Nordeste,29,Bahia,2920601,Maragogipe,292060115,Guaí,2864
2,Nordeste,29,Bahia,2920601,Maragogipe,292060120,Guapira,7311
2,Nordeste,29,Bahia,2920601,Maragogipe,292060125,Nagé,3455
2,Nordeste,29,Bahia,2920601,Maragogipe,292060130,São Roque do Paraguaçu,4553
2,Nordeste,29,Bahia,2920700,Maraú,292070005,Maraú,19681
2,Nordeste,29,Bahia,2920700,Maraú,292070010,Ibiaçu,3497
2,Nordeste,29,Bahia,2920700,Maraú,292070015,Piabanha,1349
2,Nordeste,29,Bahia,2920809,Marcionílio Souza,292080905,Marcionílio Souza,6984
2,Nordeste,29,Bahia,2920809,Marcionílio Souza,292080910,Juraci,2283
2,Nordeste,29,Bahia,2920908,Mascote,292090805,Mascote,2631
2,Nordeste,29,Bahia,2920908,Mascote,292090811,Pimenta,1144
2,Nordeste,29,Bahia,2920908,Mascote,292090816,São João do Paraíso,8263
2,Nordeste,29,Bahia,2920908,Mascote,292090825,Teixeira do Progresso,1506
2,Nordeste,29,Bahia,2921005,Mata de São João,292100505,Mata de São João,20060
2,Nordeste,29,Bahia,2921005,Mata de São João,292100510,Açu da Torre,17544
2,Nordeste,29,Bahia,2921005,Mata de São João,292100515,Amado Bahia,4962
2,Nordeste,29,Bahia,2921054,Matina,292105405,Matina,10330
2,Nordeste,29,Bahia,2921104,Medeiros Neto,292110405,Medeiros Neto,17274
2,Nordeste,29,Bahia,2921104,Medeiros Neto,292110410,Itupeva,2171
2,Nordeste,29,Bahia,2921104,Medeiros Neto,292110415,Nova Lídice,2749
2,Nordeste,29,Bahia,2921203,Miguel Calmon,292120305,Miguel Calmon,21289
2,Nordeste,29,Bahia,2921203,Miguel Calmon,292120310,Itapura,1204
2,Nordeste,29,Bahia,2921203,Miguel Calmon,292120315,Tapiranga,2168
2,Nordeste,29,Bahia,2921302,Milagres,292130205,Milagres,9208
2,Nordeste,29,Bahia,2921302,Milagres,292130210,Tartaruga,1863
2,Nordeste,29,Bahia,2921401,Mirangaba,292140105,Mirangaba,6088
2,Nordeste,29,Bahia,2921401,Mirangaba,292140110,Nuguaçu,3264
2,Nordeste,29,Bahia,2921401,Mirangaba,292140113,Canabrava,3683
2,Nordeste,29,Bahia,2921401,Mirangaba,292140115,Taquarandi,2699
2,Nordeste,29,Bahia,2921450,Mirante,292145005,Mirante,10187
2,Nordeste,29,Bahia,2921500,Monte Santo,292150005,Monte Santo,47780
2,Nordeste,29,Bahia,2921609,Morpará,292160905,Morpará,6211
2,Nordeste,29,Bahia,2921609,Morpará,292160910,Quixaba,1785
2,Nordeste,29,Bahia,2921708,Morro do Chapéu,292170805,Morro do Chapéu,22596
2,Nordeste,29,Bahia,2921708,Morro do Chapéu,292170810,Camirim,1233
2,Nordeste,29,Bahia,2921708,Morro do Chapéu,292170815,Dias Coelho,2402
2,Nordeste,29,Bahia,2921708,Morro do Chapéu,292170820,Duas Barras do Morro,1142
2,Nordeste,29,Bahia,2921708,Morro do Chapéu,292170822,Icó,2953
2,Nordeste,29,Bahia,2921708,Morro do Chapéu,292170824,Tamboril,894
2,Nordeste,29,Bahia,2921708,Morro do Chapéu,292170830,Ventura,2374
2,Nordeste,29,Bahia,2921807,Mortugaba,292180705,Mortugaba,11143
2,Nordeste,29,Bahia,2921906,Mucugê,292190605,Mucugê,7611
2,Nordeste,29,Bahia,2921906,Mucugê,292190610,Guiné,2373
2,Nordeste,29,Bahia,2921906,Mucugê,292190615,João Correia,2153
2,Nordeste,29,Bahia,2922003,Mucuri,292200305,Mucuri,13517
2,Nordeste,29,Bahia,2922003,Mucuri,292200310,Ibiranhém,817
2,Nordeste,29,Bahia,2922003,Mucuri,292200312,Itabatã,21064
2,Nordeste,29,Bahia,2922003,Mucuri,292200315,Taquarinha,2579
2,Nordeste,29,Bahia,2922052,Mulungu do Morro,292205205,Mulungu do Morro,7385
2,Nordeste,29,Bahia,2922052,Mulungu do Morro,292205210,Canudos,4075
2,Nordeste,29,Bahia,2922052,Mulungu do Morro,292205215,Várzea do Cerco,1692
2,Nordeste,29,Bahia,2922102,Mundo Novo,292210205,Mundo Novo,9533
2,Nordeste,29,Bahia,2922102,Mundo Novo,292210210,Alto Bonito,2728
2,Nordeste,29,Bahia,2922102,Mundo Novo,292210215,Ibiaporã,3003
2,Nordeste,29,Bahia,2922102,Mundo Novo,292210220,Indaí,2041
2,Nordeste,29,Bahia,2922201,Muniz Ferreira,292220105,Muniz Ferreira,4139
2,Nordeste,29,Bahia,2922201,Muniz Ferreira,292220110,Onha,3051
2,Nordeste,29,Bahia,2922250,Muquém do São Francisco,292225005,Muquém do São Francisco,10443
2,Nordeste,29,Bahia,2922300,Muritiba,292230005,Muritiba,17902
2,Nordeste,29,Bahia,2922300,Muritiba,292230020,Itaporã,10805
2,Nordeste,29,Bahia,2922409,Mutuípe,292240905,Mutuípe,20037
2,Nordeste,29,Bahia,2922508,Nazaré,292250805,Nazaré,27060
2,Nordeste,29,Bahia,2922607,Nilo Peçanha,292260705,Nilo Peçanha,6811
2,Nordeste,29,Bahia,2922607,Nilo Peçanha,292260715,São Benedito,5252
2,Nordeste,29,Bahia,2922656,Nordestina,292265605,Nordestina,18523
2,Nordeste,29,Bahia,2922706,Nova Canaã,292270605,Nova Canaã,11457
2,Nordeste,29,Bahia,2922706,Nova Canaã,292270610,Itajaí,2258
2,Nordeste,29,Bahia,2922730,Nova Fátima,292273005,Nova Fátima,7967
2,Nordeste,29,Bahia,2922755,Nova Ibiá,292275505,Nova Ibiá,6501
2,Nordeste,29,Bahia,2922805,Nova Itarana,292280505,Nova Itarana,7780
2,Nordeste,29,Bahia,2922854,Nova Redenção,292285405,Nova Redenção,7538
2,Nordeste,29,Bahia,2922904,Nova Soure,292290405,Nova Soure,24236
2,Nordeste,29,Bahia,2923001,Nova Viçosa,292300105,Nova Viçosa,9691
2,Nordeste,29,Bahia,2923001,Nova Viçosa,292300110,Argolo,2396
2,Nordeste,29,Bahia,2923001,Nova Viçosa,292300115,Helvécia,3604
2,Nordeste,29,Bahia,2923001,Nova Viçosa,292300125,Posto da Mata,23818
2,Nordeste,29,Bahia,2923035,Novo Horizonte,292303505,Novo Horizonte,4483
2,Nordeste,29,Bahia,2923035,Novo Horizonte,292303510,Brejo Luiza de Brito,3786
2,Nordeste,29,Bahia,2923035,Novo Horizonte,292303515,Remédios,2893
2,Nordeste,29,Bahia,2923050,Novo Triunfo,292305005,Novo Triunfo,10660
2,Nordeste,29,Bahia,2923100,Olindina,292310005,Olindina,22633
2,Nordeste,29,Bahia,2923209,Oliveira dos Brejinhos,292320905,Oliveira dos Brejinhos,10630
2,Nordeste,29,Bahia,2923209,Oliveira dos Brejinhos,292320910,Bom Sossego,6895
2,Nordeste,29,Bahia,2923209,Oliveira dos Brejinhos,292320915,Ipuçaba,3190
2,Nordeste,29,Bahia,2923308,Ouriçangas,292330805,Ouriçangas,7716
2,Nordeste,29,Bahia,2923357,Ourolândia,292335705,Ourolândia,17956
2,Nordeste,29,Bahia,2923357,Ourolândia,292335710,Alagadiço,1287
2,Nordeste,29,Bahia,2923407,Palmas de Monte Alto,292340705,Palmas de Monte Alto,12288
2,Nordeste,29,Bahia,2923407,Palmas de Monte Alto,292340715,Espraiado,2881
2,Nordeste,29,Bahia,2923407,Palmas de Monte Alto,292340720,Pinga Fogo,1474
2,Nordeste,29,Bahia,2923407,Palmas de Monte Alto,292340725,Rancho das Mães,3435
2,Nordeste,29,Bahia,2923506,Palmeiras,292350605,Palmeiras,6958
2,Nordeste,29,Bahia,2923506,Palmeiras,292350610,Caeté-Açu,3381
2,Nordeste,29,Bahia,2923605,Paramirim,292360505,Paramirim,15931
2,Nordeste,29,Bahia,2923605,Paramirim,292360510,Canabravinha,4420
2,Nordeste,29,Bahia,2923704,Paratinga,292370405,Paratinga,24685
2,Nordeste,29,Bahia,2923704,Paratinga,292370410,Águas do Paulista,4567
2,Nordeste,29,Bahia,2923803,Paripiranga,292380305,Paripiranga,25672
2,Nordeste,29,Bahia,2923803,Paripiranga,292380310,Conceição de Campinas,932
2,Nordeste,29,Bahia,2923902,Pau Brasil,292390205,Pau Brasil,9370
2,Nordeste,29,Bahia,2924009,Paulo Afonso,292400905,Paulo Afonso,112870
2,Nordeste,29,Bahia,2924058,Pé de Serra,292405805,Pé de Serra,13243
2,Nordeste,29,Bahia,2924108,Pedrão,292410805,Pedrão,6235
2,Nordeste,29,Bahia,2924207,Pedro Alexandre,292420705,Pedro Alexandre,13954
2,Nordeste,29,Bahia,2924306,Piatã,292430605,Piatã,11138
2,Nordeste,29,Bahia,2924306,Piatã,292430610,Cabrália,4600
2,Nordeste,29,Bahia,2924306,Piatã,292430615,Inúbia,4348
2,Nordeste,29,Bahia,2924405,Pilão Arcado,292440505,Pilão Arcado,22458
2,Nordeste,29,Bahia,2924405,Pilão Arcado,292440510,Baluarte,5013
2,Nordeste,29,Bahia,2924405,Pilão Arcado,292440515,Brejo da Serra,6139
2,Nordeste,29,Bahia,2924405,Pilão Arcado,292440520,Saldanha,1747
2,Nordeste,29,Bahia,2924504,Pindaí,292450405,Pindaí,10140
2,Nordeste,29,Bahia,2924504,Pindaí,292450410,Guirapá,4591
2,Nordeste,29,Bahia,2924603,Pindobaçu,292460305,Pindobaçu,9605
2,Nordeste,29,Bahia,2924603,Pindobaçu,292460310,Bananeiras,1983
2,Nordeste,29,Bahia,2924603,Pindobaçu,292460315,Carnaíba de Baixo,6024
2,Nordeste,29,Bahia,2924603,Pindobaçu,292460325,Várzea Grande,1471
2,Nordeste,29,Bahia,2924652,Pintadas,292465205,Pintadas,10325
2,Nordeste,29,Bahia,2924678,Piraí do Norte,292467805,Piraí do Norte,10974
2,Nordeste,29,Bahia,2924702,Piripá,292470205,Piripá,9152
2,Nordeste,29,Bahia,2924801,Piritiba,292480105,Piritiba,11856
2,Nordeste,29,Bahia,2924801,Piritiba,292480110,França,2583
2,Nordeste,29,Bahia,2924801,Piritiba,292480115,Largo,579
2,Nordeste,29,Bahia,2924801,Piritiba,292480125,Porto Feliz,2548
2,Nordeste,29,Bahia,2924900,Planaltino,292490005,Planaltino,5288
2,Nordeste,29,Bahia,2924900,Planaltino,292490010,Ibitiguira,1189
2,Nordeste,29,Bahia,2924900,Planaltino,292490015,Nova Itaípe,1545
2,Nordeste,29,Bahia,2925006,Planalto,292500605,Planalto,15800
2,Nordeste,29,Bahia,2925006,Planalto,292500610,Lucaia,7534
2,Nordeste,29,Bahia,2925105,Poções,292510505,Poções,48293
2,Nordeste,29,Bahia,2925204,Pojuca,292520405,Pojuca,30230
2,Nordeste,29,Bahia,2925204,Pojuca,292520410,Miranga,1906
2,Nordeste,29,Bahia,2925253,Ponto Novo,292525305,Ponto Novo,17938
2,Nordeste,29,Bahia,2925303,Porto Seguro,292530305,Porto Seguro,109214
2,Nordeste,29,Bahia,2925303,Porto Seguro,292530307,Arraial D'Ajuda,25157
2,Nordeste,29,Bahia,2925303,Porto Seguro,292530310,Caraíva,13214
2,Nordeste,29,Bahia,2925303,Porto Seguro,292530315,Vale Verde,2123
2,Nordeste,29,Bahia,2925303,Porto Seguro,292530320,Trancoso,18618
2,Nordeste,29,Bahia,2925402,Potiraguá,292540205,Potiraguá,7208
2,Nordeste,29,Bahia,2925402,Potiraguá,292540210,Gurupá Mirim,3066
2,Nordeste,29,Bahia,2925501,Prado,292550105,Prado,25725
2,Nordeste,29,Bahia,2925501,Prado,292550110,Cumuruxatiba,9278
2,Nordeste,29,Bahia,2925600,Presidente Dutra,292560005,Presidente Dutra,10446
2,Nordeste,29,Bahia,2925600,Presidente Dutra,292560010,Campo Formoso,4684
2,Nordeste,29,Bahia,2925709,Presidente Jânio Quadros,292570905,Presidente Jânio Quadros,12621
2,Nordeste,29,Bahia,2925758,Presidente Tancredo Neves,292575805,Presidente Tancredo Neves,27734
2,Nordeste,29,Bahia,2925808,Queimadas,292580805,Queimadas,21592
2,Nordeste,29,Bahia,2925808,Queimadas,292580808,Coronel João Borges,4396
2,Nordeste,29,Bahia,2925907,Quijingue,292590705,Quijingue,14963
2,Nordeste,29,Bahia,2925907,Quijingue,292590710,Algodões,10309
2,Nordeste,29,Bahia,2925931,Quixabeira,292593105,Quixabeira,9461
2,Nordeste,29,Bahia,2925956,Rafael Jambeiro,292595605,Rafael Jambeiro,10191
2,Nordeste,29,Bahia,2925956,Rafael Jambeiro,292595610,Argoim,3555
2,Nordeste,29,Bahia,2925956,Rafael Jambeiro,292595615,Cajueiro,3382
2,Nordeste,29,Bahia,2925956,Rafael Jambeiro,292595625,Paraguassú,2534
2,Nordeste,29,Bahia,2926004,Remanso,292600405,Remanso,35917
2,Nordeste,29,Bahia,2926004,Remanso,292600410,Poços,4669
2,Nordeste,29,Bahia,2926103,Retirolândia,292610305,Retirolândia,13651
2,Nordeste,29,Bahia,2926202,Riachão das Neves,292620205,Riachão das Neves,10516
2,Nordeste,29,Bahia,2926202,Riachão das Neves,292620210,Cariparé,7388
2,Nordeste,29,Bahia,2926202,Riachão das Neves,292620215,São José do Rio Grande,3738
2,Nordeste,29,Bahia,2926301,Riachão do Jacuípe,292630105,Riachão do Jacuípe,30168
2,Nordeste,29,Bahia,2926301,Riachão do Jacuípe,292630107,Barreiros,3218
2,Nordeste,29,Bahia,2926400,Riacho de Santana,292640005,Riacho de Santana,28305
2,Nordeste,29,Bahia,2926400,Riacho de Santana,292640010,Botuquara,2406
2,Nordeste,29,Bahia,2926509,Ribeira do Amparo,292650905,Ribeira do Amparo,13841
2,Nordeste,29,Bahia,2926608,Ribeira do Pombal,292660805,Ribeira do Pombal,54010
2,Nordeste,29,Bahia,2926657,Ribeirão do Largo,292665705,Ribeirão do Largo,4982
2,Nordeste,29,Bahia,2926657,Ribeirão do Largo,292665710,Nova Brasília,4758
2,Nordeste,29,Bahia,2926707,Rio de Contas,292670705,Rio de Contas,6476
2,Nordeste,29,Bahia,2926707,Rio de Contas,292670710,Arapiranga,2345
2,Nordeste,29,Bahia,2926707,Rio de Contas,292670715,Marcolino Moura,4363
2,Nordeste,29,Bahia,2926806,Rio do Antônio,292680605,Rio do Antônio,6253
2,Nordeste,29,Bahia,2926806,Rio do Antônio,292680610,Ibitira,6893
2,Nordeste,29,Bahia,2926905,Rio do Pires,292690505,Rio do Pires,8256
2,Nordeste,29,Bahia,2926905,Rio do Pires,292690510,Ibiajara,2241
2,Nordeste,29,Bahia,2927002,Rio Real,292700205,Rio Real,35362
2,Nordeste,29,Bahia,2927101,Rodelas,292710105,Rodelas,10308
2,Nordeste,29,Bahia,2927200,Ruy Barbosa,292720005,Ruy Barbosa,24390
2,Nordeste,29,Bahia,2927200,Ruy Barbosa,292720010,Morro das Flores,1643
2,Nordeste,29,Bahia,2927200,Ruy Barbosa,292720015,Tapiraípe,2249
2,Nordeste,29,Bahia,2927309,Salinas da Margarida,292730905,Salinas da Margarida,14987
2,Nordeste,29,Bahia,2927408,Salvador,292740805,Salvador,2417678
2,Nordeste,29,Bahia,2927507,Santa Bárbara,292750705,Santa Bárbara,20952
2,Nordeste,29,Bahia,2927606,Santa Brígida,292760605,Santa Brígida,14965
2,Nordeste,29,Bahia,2927705,Santa Cruz Cabrália,292770505,Santa Cruz Cabrália,29185
2,Nordeste,29,Bahia,2927804,Santa Cruz da Vitória,292780405,Santa Cruz da Vitória,4681
2,Nordeste,29,Bahia,2927903,Santa Inês,292790305,Santa Inês,10300
2,Nordeste,29,Bahia,2928000,Santaluz,292800005,Santaluz,32907
2,Nordeste,29,Bahia,2928000,Santaluz,292800020,Pereira,4927
2,Nordeste,29,Bahia,2928059,Santa Luzia,292805905,Santa Luzia,13896
2,Nordeste,29,Bahia,2928109,Santa Maria da Vitória,292810905,Santa Maria da Vitória,32194
2,Nordeste,29,Bahia,2928109,Santa Maria da Vitória,292810910,Açudina,3344
2,Nordeste,29,Bahia,2928109,Santa Maria da Vitória,292810915,Inhaúmas,3066
2,Nordeste,29,Bahia,2928208,Santana,292820805,Santana,21432
2,Nordeste,29,Bahia,2928208,Santana,292820810,Porto Novo,3323
2,Nordeste,29,Bahia,2928307,Santanópolis,292830705,Santanópolis,5945
2,Nordeste,29,Bahia,2928307,Santanópolis,292830710,Boa Espera,2771
2,Nordeste,29,Bahia,2928406,Santa Rita de Cássia,292840605,Santa Rita de Cássia,23136
2,Nordeste,29,Bahia,2928406,Santa Rita de Cássia,292840615,Malhada Grande,4254
2,Nordeste,29,Bahia,2928505,Santa Terezinha,292850505,Santa Terezinha,10441
2,Nordeste,29,Bahia,2928604,Santo Amaro,292860405,Santo Amaro,43728
2,Nordeste,29,Bahia,2928604,Santo Amaro,292860410,Acupe,7497
2,Nordeste,29,Bahia,2928604,Santo Amaro,292860415,Campinhos,4787
2,Nordeste,29,Bahia,2928703,Santo Antônio de Jesus,292870305,Santo Antônio de Jesus,103055
2,Nordeste,29,Bahia,2928802,Santo Estêvão,292880205,Santo Estêvão,52276
2,Nordeste,29,Bahia,2928901,São Desidério,292890105,São Desidério,19603
2,Nordeste,29,Bahia,2928901,São Desidério,292890110,Sítio Grande,13225
2,Nordeste,29,Bahia,2928950,São Domingos,292895005,São Domingos,7074
2,Nordeste,29,Bahia,2928950,São Domingos,292895025,Santo Antônio,1352
2,Nordeste,29,Bahia,2929008,São Félix,292900805,São Félix,7574
2,Nordeste,29,Bahia,2929008,São Félix,292900810,Outeiro Redondo,3452
2,Nordeste,29,Bahia,2929057,São Félix do Coribe,292905705,São Félix do Coribe,15194
2,Nordeste,29,Bahia,2929107,São Felipe,292910705,São Felipe,16552
2,Nordeste,29,Bahia,2929107,São Felipe,292910710,Caraípe,3731
2,Nordeste,29,Bahia,2929206,São Francisco do Conde,292920605,São Francisco do Conde,19807
2,Nordeste,29,Bahia,2929206,São Francisco do Conde,292920610,Mataripe,16554
2,Nordeste,29,Bahia,2929206,São Francisco do Conde,292920615,Monte Recôncavo,2372
2,Nordeste,29,Bahia,2929255,São Gabriel,292925505,São Gabriel,13752
2,Nordeste,29,Bahia,2929255,São Gabriel,292925515,Gameleira do Jacaré,4848
2,Nordeste,29,Bahia,2929305,São Gonçalo dos Campos,292930505,São Gonçalo dos Campos,34515
2,Nordeste,29,Bahia,2929305,São Gonçalo dos Campos,292930510,Afligidos,1583
2,Nordeste,29,Bahia,2929305,São Gonçalo dos Campos,292930515,Sergi,3415
2,Nordeste,29,Bahia,2929354,São José da Vitória,292935405,São José da Vitória,5315
2,Nordeste,29,Bahia,2929370,São José do Jacuípe,292937005,São José do Jacuípe,4556
2,Nordeste,29,Bahia,2929370,São José do Jacuípe,292937015,Itatiaia do Alto Bonito,5631
2,Nordeste,29,Bahia,2929404,São Miguel das Matas,292940405,São Miguel das Matas,10334
2,Nordeste,29,Bahia,2929503,São Sebastião do Passé,292950305,São Sebastião do Passé,34384
2,Nordeste,29,Bahia,2929503,São Sebastião do Passé,292950310,Maracangalha,2317
2,Nordeste,29,Bahia,2929503,São Sebastião do Passé,292950315,Jacuípe,2583
2,Nordeste,29,Bahia,2929503,São Sebastião do Passé,292950320,Lamarão do Passé,1674
2,Nordeste,29,Bahia,2929602,Sapeaçu,292960205,Sapeaçu,15955
2,Nordeste,29,Bahia,2929602,Sapeaçu,292960210,Baixa do Palmeira,2008
2,Nordeste,29,Bahia,2929701,Sátiro Dias,292970105,Sátiro Dias,16008
2,Nordeste,29,Bahia,2929750,Saubara,292975005,Saubara,8027
2,Nordeste,29,Bahia,2929750,Saubara,292975010,Bom Jesus dos Pobres,1823
2,Nordeste,29,Bahia,2929750,Saubara,292975015,Cabuçu,1588
2,Nordeste,29,Bahia,2929800,Saúde,292980005,Saúde,10478
2,Nordeste,29,Bahia,2929909,Seabra,292990905,Seabra,34484
2,Nordeste,29,Bahia,2929909,Seabra,292990910,Baraúnas,4966
2,Nordeste,29,Bahia,2929909,Seabra,292990915,Várzea do Caldas,6710
2,Nordeste,29,Bahia,2930006,Sebastião Laranjeiras,293000605,Sebastião Laranjeiras,7409
2,Nordeste,29,Bahia,2930006,Sebastião Laranjeiras,293000610,Mandiroba,1951
2,Nordeste,29,Bahia,2930105,Senhor do Bonfim,293010505,Senhor do Bonfim,59286
2,Nordeste,29,Bahia,2930105,Senhor do Bonfim,293010515,Carrapichel,3104
2,Nordeste,29,Bahia,2930105,Senhor do Bonfim,293010520,Igara,6560
2,Nordeste,29,Bahia,2930105,Senhor do Bonfim,293010525,Tijuaçu,5573
2,Nordeste,29,Bahia,2930154,Serra do Ramalho,293015405,Serra do Ramalho,34222
2,Nordeste,29,Bahia,2930204,Sento Sé,293020405,Sento Sé,18023
2,Nordeste,29,Bahia,2930204,Sento Sé,293020410,Amaniú,1704
2,Nordeste,29,Bahia,2930204,Sento Sé,293020415,Américo Alves,4605
2,Nordeste,29,Bahia,2930204,Sento Sé,293020420,Piçarrão,3113
2,Nordeste,29,Bahia,2930204,Sento Sé,293020425,Cajuí,6362
2,Nordeste,29,Bahia,2930204,Sento Sé,293020430,Minas do Mimoso,1465
2,Nordeste,29,Bahia,2930204,Sento Sé,293020435,Piri,2882
2,Nordeste,29,Bahia,2930303,Serra Dourada,293030305,Serra Dourada,17066
2,Nordeste,29,Bahia,2930402,Serra Preta,293040205,Serra Preta,17996
2,Nordeste,29,Bahia,2930501,Serrinha,293050105,Serrinha,80435
2,Nordeste,29,Bahia,2930600,Serrolândia,293060005,Serrolândia,13335
2,Nordeste,29,Bahia,2930709,Simões Filho,293070905,Simões Filho,114559
2,Nordeste,29,Bahia,2930758,Sítio do Mato,293075805,Sítio do Mato,7884
2,Nordeste,29,Bahia,2930758,Sítio do Mato,293075810,Gameleira da Lapa,5524
2,Nordeste,29,Bahia,2930766,Sítio do Quinto,293076605,Sítio do Quinto,14773
2,Nordeste,29,Bahia,2930774,Sobradinho,293077405,Sobradinho,25475
2,Nordeste,29,Bahia,2930808,Souto Soares,293080805,Souto Soares,9980
2,Nordeste,29,Bahia,2930808,Souto Soares,293080810,Cisterna,2876
2,Nordeste,29,Bahia,2930808,Souto Soares,293080825,Segrêdo,4198
2,Nordeste,29,Bahia,2930907,Tabocas do Brejo Velho,293090705,Tabocas do Brejo Velho,7401
2,Nordeste,29,Bahia,2930907,Tabocas do Brejo Velho,293090710,Mariquita,4578
2,Nordeste,29,Bahia,2931004,Tanhaçu,293100405,Tanhaçu,10589
2,Nordeste,29,Bahia,2931004,Tanhaçu,293100410,Sussuarana,10417
2,Nordeste,29,Bahia,2931053,Tanque Novo,293105305,Tanque Novo,17158
2,Nordeste,29,Bahia,2931103,Tanquinho,293110305,Tanquinho,7717
2,Nordeste,29,Bahia,2931202,Taperoá,293120205,Taperoá,15542
2,Nordeste,29,Bahia,2931202,Taperoá,293120210,Camurugi,2502
2,Nordeste,29,Bahia,2931301,Tapiramutá,293130105,Tapiramutá,14063
2,Nordeste,29,Bahia,2931301,Tapiramutá,293130110,Volta Grande,1755
2,Nordeste,29,Bahia,2931350,Teixeira de Freitas,293135005,Teixeira de Freitas,139304
2,Nordeste,29,Bahia,2931350,Teixeira de Freitas,293135010,Cachoeira do Mato,5912
2,Nordeste,29,Bahia,2931400,Teodoro Sampaio,293140005,Teodoro Sampaio,3896
2,Nordeste,29,Bahia,2931400,Teodoro Sampaio,293140010,Buracica,1093
2,Nordeste,29,Bahia,2931400,Teodoro Sampaio,293140015,Lustosa,2121
2,Nordeste,29,Bahia,2931509,Teofilândia,293150905,Teofilândia,21176
2,Nordeste,29,Bahia,2931608,Teolândia,293160805,Teolândia,15332
2,Nordeste,29,Bahia,2931707,Terra Nova,293170705,Terra Nova,8674
2,Nordeste,29,Bahia,2931707,Terra Nova,293170710,Jacu,1012
2,Nordeste,29,Bahia,2931707,Terra Nova,293170715,Rio Fundo,1112
2,Nordeste,29,Bahia,2931806,Tremedal,293180605,Tremedal,13635
2,Nordeste,29,Bahia,2931806,Tremedal,293180615,Lagoa Preta,2661
2,Nordeste,29,Bahia,2931905,Tucano,293190505,Tucano,44379
2,Nordeste,29,Bahia,2931905,Tucano,293190510,Rua Nova,4357
2,Nordeste,29,Bahia,2932002,Uauá,293200205,Uauá,16306
2,Nordeste,29,Bahia,2932002,Uauá,293200210,Caldeirão,4813
2,Nordeste,29,Bahia,2932002,Uauá,293200215,Serra da Canabrava,3546
2,Nordeste,29,Bahia,2932101,Ubaíra,293210105,Ubaíra,12914
2,Nordeste,29,Bahia,2932101,Ubaíra,293210110,Baixinha,4419
2,Nordeste,29,Bahia,2932101,Ubaíra,293210115,Engenheiro Franca,1293
2,Nordeste,29,Bahia,2932200,Ubaitaba,293220005,Ubaitaba,14528
2,Nordeste,29,Bahia,2932200,Ubaitaba,293220010,Faisqueira,2059
2,Nordeste,29,Bahia,2932200,Ubaitaba,293220025,Piraúna,1009
2,Nordeste,29,Bahia,2932309,Ubatã,293230905,Ubatã,16094
2,Nordeste,29,Bahia,2932408,Uibaí,293240805,Uibaí,10497
2,Nordeste,29,Bahia,2932408,Uibaí,293240810,Hidrolândia,2935
2,Nordeste,29,Bahia,2932457,Umburanas,293245705,Umburanas,10698
2,Nordeste,29,Bahia,2932457,Umburanas,293245710,Delfino,2944
2,Nordeste,29,Bahia,2932507,Unas,293250705,Una,9147
2,Nordeste,29,Bahia,2932507,Unas,293250720,Colônia,2738
2,Nordeste,29,Bahia,2932507,Unas,293250725,Comandatuba,2077
2,Nordeste,29,Bahia,2932507,Unas,293250735,Pedras de Una,2181
2,Nordeste,29,Bahia,2932507,Unas,293250740,Vila Brasil,1988
2,Nordeste,29,Bahia,2932606,Urandi,293260605,Urandi,15355
2,Nordeste,29,Bahia,2932705,Uruçuca,293270505,Uruçuca,15966
2,Nordeste,29,Bahia,2932705,Uruçuca,293270525,Serra Grande,5454
2,Nordeste,29,Bahia,2932804,Utinga,293280405,Utinga,14882
2,Nordeste,29,Bahia,2932804,Utinga,293280410,Riachão do Utinga,1395
2,Nordeste,29,Bahia,2932903,Valença,293290305,Valença,62800
2,Nordeste,29,Bahia,2932903,Valença,293290308,Guaibim,2743
2,Nordeste,29,Bahia,2932903,Valença,293290310,Guerém,6037
2,Nordeste,29,Bahia,2932903,Valença,293290315,Maricoabo,5395
2,Nordeste,29,Bahia,2932903,Valença,293290320,Serra Grande,8680
2,Nordeste,29,Bahia,2933000,Valente,293300005,Valente,18370
2,Nordeste,29,Bahia,2933000,Valente,293300010,Valilândia,4006
2,Nordeste,29,Bahia,2933000,Valente,293300015,Santa Rita de Cássia,1986
2,Nordeste,29,Bahia,2933059,Várzea da Roça,293305905,Várzea da Roça,13800
2,Nordeste,29,Bahia,2933109,Várzea do Poço,293310905,Várzea do Poço,8101
2,Nordeste,29,Bahia,2933158,Várzea Nova,293315805,Várzea Nova,13377
2,Nordeste,29,Bahia,2933174,Varzedo,293317405,Varzedo,7248
2,Nordeste,29,Bahia,2933174,Varzedo,293317425,Taboleiro do Castro,2665
2,Nordeste,29,Bahia,2933208,Vera Cruz,293320805,Vera Cruz,14269
2,Nordeste,29,Bahia,2933208,Vera Cruz,293320810,Cacha Pregos,3350
2,Nordeste,29,Bahia,2933208,Vera Cruz,293320815,Jiribatuba,9105
2,Nordeste,29,Bahia,2933208,Vera Cruz,293320820,Mar Grande,15805
2,Nordeste,29,Bahia,2933257,Vereda,293325705,Vereda,6003
2,Nordeste,29,Bahia,2933307,Vitória da Conquista,293330705,Vitória da Conquista,329897
2,Nordeste,29,Bahia,2933307,Vitória da Conquista,293330706,Bate-Pé,5066
2,Nordeste,29,Bahia,2933307,Vitória da Conquista,293330707,Cabeceira da Jiboia,4138
2,Nordeste,29,Bahia,2933307,Vitória da Conquista,293330708,Cercadinho,1816
2,Nordeste,29,Bahia,2933307,Vitória da Conquista,293330709,Dantilândia,1574
2,Nordeste,29,Bahia,2933307,Vitória da Conquista,293330710,Iguá,3261
2,Nordeste,29,Bahia,2933307,Vitória da Conquista,293330715,Inhobim,5653
2,Nordeste,29,Bahia,2933307,Vitória da Conquista,293330720,José Gonçalves,6722
2,Nordeste,29,Bahia,2933307,Vitória da Conquista,293330730,Pradoso,4270
2,Nordeste,29,Bahia,2933307,Vitória da Conquista,293330733,São João da Vitória,2640
2,Nordeste,29,Bahia,2933307,Vitória da Conquista,293330735,São Sebastião,3756
2,Nordeste,29,Bahia,2933307,Vitória da Conquista,293330740,Veredinha,2086
2,Nordeste,29,Bahia,2933406,Wagner,293340605,Wagner,9503
2,Nordeste,29,Bahia,2933455,Wanderley,293345505,Wanderley,12968
2,Nordeste,29,Bahia,2933505,Wenceslau Guimarães,293350505,Wenceslau Guimarães,24474
2,Nordeste,29,Bahia,2933604,Xique-Xique,293360405,Xique-Xique,37078
2,Nordeste,29,Bahia,2933604,Xique-Xique,293360410,Copixaba,3218
2,Nordeste,29,Bahia,2933604,Xique-Xique,293360415,Iguira,4461
3,Sudeste,31,Minas Gerais,3100104,Abadia dos Dourados,310010405,Abadia dos Dourados,6272
3,Sudeste,31,Minas Gerais,3100203,Abaeté,310020305,Abaeté,22675
3,Sudeste,31,Minas Gerais,3100302,Abre Campo,310030205,Abre Campo,11724
3,Sudeste,31,Minas Gerais,3100302,Abre Campo,310030210,Granada,2203
3,Sudeste,31,Minas Gerais,3100401,Acaiaca,310040105,Acaiaca,3909
3,Sudeste,31,Minas Gerais,3100500,Açucena,310050005,Açucena,4953
3,Sudeste,31,Minas Gerais,3100500,Açucena,310050010,Aramirim,1839
3,Sudeste,31,Minas Gerais,3100500,Açucena,310050015,Felicina,727
3,Sudeste,31,Minas Gerais,3100500,Açucena,310050020,Gama,326
3,Sudeste,31,Minas Gerais,3100500,Açucena,310050028,Naque-Nanuque,1098
3,Sudeste,31,Minas Gerais,3100609,Água Boa,310060905,Água Boa,8166
3,Sudeste,31,Minas Gerais,3100609,Água Boa,310060915,Palmeira de Resplendor,3550
3,Sudeste,31,Minas Gerais,3100609,Água Boa,310060920,Novo Bonfim,461
3,Sudeste,31,Minas Gerais,3100609,Água Boa,310060925,Catequeses,412
3,Sudeste,31,Minas Gerais,3100708,Água Comprida,310070805,Água Comprida,2108
3,Sudeste,31,Minas Gerais,3100807,Aguanil,310080705,Aguanil,3099
3,Sudeste,31,Minas Gerais,3100807,Aguanil,310080710,Boticão,1258
3,Sudeste,31,Minas Gerais,3100906,Águas Formosas,310090605,Águas Formosas,15740
3,Sudeste,31,Minas Gerais,3100906,Águas Formosas,310090607,Água Quente,2708
3,Sudeste,31,Minas Gerais,3101003,Águas Vermelhas,310100305,Águas Vermelhas,7229
3,Sudeste,31,Minas Gerais,3101003,Águas Vermelhas,310100320,Itamarati,1290
3,Sudeste,31,Minas Gerais,3101003,Águas Vermelhas,310100330,Machado Mineiro,5518
3,Sudeste,31,Minas Gerais,3101102,Aimorés,310110205,Aimorés,16257
3,Sudeste,31,Minas Gerais,3101102,Aimorés,310110210,Alto do Capim,1287
3,Sudeste,31,Minas Gerais,3101102,Aimorés,310110215,Conceição do Capim,1094
3,Sudeste,31,Minas Gerais,3101102,Aimorés,310110220,Expedicionário Alício,795
3,Sudeste,31,Minas Gerais,3101102,Aimorés,310110225,Mundo Novo de Minas,636
3,Sudeste,31,Minas Gerais,3101102,Aimorés,310110230,Penha do Capim,997
3,Sudeste,31,Minas Gerais,3101102,Aimorés,310110233,Santo Antônio do Rio Doce,1680
3,Sudeste,31,Minas Gerais,3101102,Aimorés,310110235,São Sebastião da Vala,1404
3,Sudeste,31,Minas Gerais,3101102,Aimorés,310110240,Tabaúna,708
3,Sudeste,31,Minas Gerais,3101102,Aimorés,310110245,São José do Limoeiro,411
3,Sudeste,31,Minas Gerais,3101201,Aiuruoca,310120105,Aiuruoca,6233
3,Sudeste,31,Minas Gerais,3101300,Alagoa,310130005,Alagoa,2749
3,Sudeste,31,Minas Gerais,3101409,Albertina,310140905,Albertina,2952
3,Sudeste,31,Minas Gerais,3101508,Além Paraíba,310150805,Além Paraíba,28906
3,Sudeste,31,Minas Gerais,3101508,Além Paraíba,310150810,Angustura,1811
3,Sudeste,31,Minas Gerais,3101607,Alfenas,310160705,Alfenas,77870
3,Sudeste,31,Minas Gerais,3101607,Alfenas,310160710,Barranco Alto,1100
3,Sudeste,31,Minas Gerais,3101631,Alfredo Vasconcelos,310163105,Alfredo Vasconcelos,5751
3,Sudeste,31,Minas Gerais,3101631,Alfredo Vasconcelos,310163125,São José de Pouso Alegre,689
3,Sudeste,31,Minas Gerais,3101631,Alfredo Vasconcelos,310163130,Potreiro,491
3,Sudeste,31,Minas Gerais,3101706,Almenara,310170605,Almenara,37687
3,Sudeste,31,Minas Gerais,3101706,Almenara,310170620,Pedra Grande,2677
3,Sudeste,31,Minas Gerais,3101805,Alpercata,310180505,Alpercata,6903
3,Sudeste,31,Minas Gerais,3101904,Alpinópolis,310190405,Alpinópolis,18300
3,Sudeste,31,Minas Gerais,3102001,Alterosa,310200105,Alterosa,11745
3,Sudeste,31,Minas Gerais,3102001,Alterosa,310200110,Divino Espírito Santo,2170
3,Sudeste,31,Minas Gerais,3102050,Alto Caparaó,310205005,Alto Caparaó,5795
3,Sudeste,31,Minas Gerais,3102100,Alto Rio Doce,310210005,Alto Rio Doce,7025
3,Sudeste,31,Minas Gerais,3102100,Alto Rio Doce,310210010,Abreus,1424
3,Sudeste,31,Minas Gerais,3102100,Alto Rio Doce,310210015,Missionário,494
3,Sudeste,31,Minas Gerais,3102100,Alto Rio Doce,310210020,Vitorinos,1948
3,Sudeste,31,Minas Gerais,3102209,Alvarenga,310220905,Alvarenga,3975
3,Sudeste,31,Minas Gerais,3102308,Alvinópolis,310230805,Alvinópolis,10826
3,Sudeste,31,Minas Gerais,3102308,Alvinópolis,310230807,Barretos de Alvinópolis,657
3,Sudeste,31,Minas Gerais,3102308,Alvinópolis,310230810,Fonseca,2615
3,Sudeste,31,Minas Gerais,3102308,Alvinópolis,310230815,Major Ezequiel,961
3,Sudeste,31,Minas Gerais,3102407,Alvorada de Minas,310240705,Alvorada de Minas,2556
3,Sudeste,31,Minas Gerais,3102407,Alvorada de Minas,310240710,Itapanhoacanga,1603
3,Sudeste,31,Minas Gerais,3102506,Amparo do Serra,310250605,Amparo do Serra,3801
3,Sudeste,31,Minas Gerais,3102506,Amparo do Serra,310250610,Padre Felisberto,740
3,Sudeste,31,Minas Gerais,3102605,Andradas,310260505,Andradas,37605
3,Sudeste,31,Minas Gerais,3102605,Andradas,310260510,Gramínea,2196
3,Sudeste,31,Minas Gerais,3102605,Andradas,310260515,Campestrinho,752
3,Sudeste,31,Minas Gerais,3102704,Cachoeira de Pajeú,310270405,Cachoeira de Pajeú,5179
3,Sudeste,31,Minas Gerais,3102704,Cachoeira de Pajeú,310270410,Águas Altas,2209
3,Sudeste,31,Minas Gerais,3102704,Cachoeira de Pajeú,310270415,Tancredo Neves,1236
3,Sudeste,31,Minas Gerais,3102704,Cachoeira de Pajeú,310270420,Cateriangongo,486
3,Sudeste,31,Minas Gerais,3102803,Andrelândia,310280305,Andrelândia,11927
3,Sudeste,31,Minas Gerais,3102852,Angelândia,310285205,Angelândia,7718
3,Sudeste,31,Minas Gerais,3102902,Antônio Carlos,310290205,Antônio Carlos,5672
3,Sudeste,31,Minas Gerais,3102902,Antônio Carlos,310290206,Curral Novo de Minas,1836
3,Sudeste,31,Minas Gerais,3102902,Antônio Carlos,310290207,Dr. Sá Fortes,1872
3,Sudeste,31,Minas Gerais,3102902,Antônio Carlos,310290215,São Sebastião de Campolide,1715
3,Sudeste,31,Minas Gerais,3103009,Antônio Dias,310300905,Antônio Dias,7167
3,Sudeste,31,Minas Gerais,3103009,Antônio Dias,310300910,Hematita,2052
3,Sudeste,31,Minas Gerais,3103108,Antônio Prado de Minas,310310805,Antônio Prado de Minas,1538
3,Sudeste,31,Minas Gerais,3103207,Araçaí,310320705,Araçaí,2181
3,Sudeste,31,Minas Gerais,3103306,Aracitaba,310330605,Aracitaba,2049
3,Sudeste,31,Minas Gerais,3103405,Araçuaí,310340505,Araçuaí,29832
3,Sudeste,31,Minas Gerais,3103405,Araçuaí,310340510,Engenheiro Schnoor,2975
3,Sudeste,31,Minas Gerais,3103405,Araçuaí,310340515,Itira,1490
3,Sudeste,31,Minas Gerais,3103504,Araguari,310350405,Araguari,112518
3,Sudeste,31,Minas Gerais,3103504,Araguari,310350410,Amanhece,2298
3,Sudeste,31,Minas Gerais,3103504,Araguari,310350415,Florestina,1512
3,Sudeste,31,Minas Gerais,3103504,Araguari,310350420,Piracaíba,1480
3,Sudeste,31,Minas Gerais,3103603,Arantina,310360305,Arantina,2915
3,Sudeste,31,Minas Gerais,3103702,Araponga,310370205,Araponga,4733
3,Sudeste,31,Minas Gerais,3103702,Araponga,310370210,Estêvão de Araújo,3315
3,Sudeste,31,Minas Gerais,3103751,Araporã,310375105,Araporã,8479
3,Sudeste,31,Minas Gerais,3103801,Arapuá,310380105,Arapuá,2631
3,Sudeste,31,Minas Gerais,3103900,Araújos,310390005,Araújos,9199
3,Sudeste,31,Minas Gerais,3104007,Araxá,310400705,Araxá,111594
3,Sudeste,31,Minas Gerais,3104007,Araxá,310400715,Itaipu de Araxá,97
3,Sudeste,31,Minas Gerais,3104106,Arceburgo,310410605,Arceburgo,9177
3,Sudeste,31,Minas Gerais,3104205,Arcos,310420505,Arcos,41416
3,Sudeste,31,Minas Gerais,3104304,Areado,310430405,Areado,13881
3,Sudeste,31,Minas Gerais,3104403,Argirita,310440305,Argirita,2688
3,Sudeste,31,Minas Gerais,3104452,Aricanduva,310445205,Aricanduva,4719
3,Sudeste,31,Minas Gerais,3104502,Arinos,310450205,Arinos,15202
3,Sudeste,31,Minas Gerais,3104502,Arinos,310450215,Pic Sagarana,881
3,Sudeste,31,Minas Gerais,3104502,Arinos,310450220,Vila Bom Jesus,1189
3,Sudeste,31,Minas Gerais,3104601,Astolfo Dutra,310460105,Astolfo Dutra,12070
3,Sudeste,31,Minas Gerais,3104601,Astolfo Dutra,310460110,Santana do Campestre,1569
3,Sudeste,31,Minas Gerais,3104601,Astolfo Dutra,310460115,Sobral Pinto,499
3,Sudeste,31,Minas Gerais,3104700,Ataléia,310470005,Ataléia,8206
3,Sudeste,31,Minas Gerais,3104700,Ataléia,310470010,Fidelândia,2642
3,Sudeste,31,Minas Gerais,3104700,Ataléia,310470015,Novo Horizonte,1008
3,Sudeste,31,Minas Gerais,3104700,Ataléia,310470030,Tipiti,1037
3,Sudeste,31,Minas Gerais,3104700,Ataléia,310470035,São Miguel,843
3,Sudeste,31,Minas Gerais,3104809,Augusto de Lima,310480905,Augusto de Lima,4538
3,Sudeste,31,Minas Gerais,3104908,Baependi,310490805,Baependi,18366
3,Sudeste,31,Minas Gerais,3105004,Baldim,310500405,Baldim,4066
3,Sudeste,31,Minas Gerais,3105004,Baldim,310500410,Amanda,574
3,Sudeste,31,Minas Gerais,3105004,Baldim,310500415,São Vicente,1914
3,Sudeste,31,Minas Gerais,3105004,Baldim,310500420,Vargem Grande da Serra,938
3,Sudeste,31,Minas Gerais,3105103,Bambuí,310510305,Bambuí,23546
3,Sudeste,31,Minas Gerais,3105202,Bandeira,310520205,Bandeira,4741
3,Sudeste,31,Minas Gerais,3105301,Bandeira do Sul,310530105,Bandeira do Sul,5943
3,Sudeste,31,Minas Gerais,3105400,Barão de Cocais,310540005,Barão de Cocais,27715
3,Sudeste,31,Minas Gerais,3105400,Barão de Cocais,310540010,Cocais,3063
3,Sudeste,31,Minas Gerais,3105509,Barão do Monte Alto,310550905,Barão do Monte Alto,2095
3,Sudeste,31,Minas Gerais,3105509,Barão do Monte Alto,310550910,Cachoeira Alegre,2085
3,Sudeste,31,Minas Gerais,3105509,Barão do Monte Alto,310550915,Silveira Carvalho,784
3,Sudeste,31,Minas Gerais,3105608,Barbacena,310560805,Barbacena,107040
3,Sudeste,31,Minas Gerais,3105608,Barbacena,310560807,Colônia Rodrigo Silva,2827
3,Sudeste,31,Minas Gerais,3105608,Barbacena,310560810,Correia de Almeida,3048
3,Sudeste,31,Minas Gerais,3105608,Barbacena,310560812,Costas da Mantiqueira,874
3,Sudeste,31,Minas Gerais,3105608,Barbacena,310560814,Faria,542
3,Sudeste,31,Minas Gerais,3105608,Barbacena,310560815,Padre Brito,446
3,Sudeste,31,Minas Gerais,3105608,Barbacena,310560816,Galego,327
3,Sudeste,31,Minas Gerais,3105608,Barbacena,310560819,Mantiqueira do Palmital,1698
3,Sudeste,31,Minas Gerais,3105608,Barbacena,310560820,Senhora das Dores,2692
3,Sudeste,31,Minas Gerais,3105608,Barbacena,310560823,Pinheiro Grosso,2745
3,Sudeste,31,Minas Gerais,3105608,Barbacena,310560825,Ponte do Cosme,1147
3,Sudeste,31,Minas Gerais,3105608,Barbacena,310560827,Ponto Chique do Martelo,469
3,Sudeste,31,Minas Gerais,3105608,Barbacena,310560830,São Sebastião dos Torres,1462
3,Sudeste,31,Minas Gerais,3105707,Barra Longa,310570705,Barra Longa,4538
3,Sudeste,31,Minas Gerais,3105707,Barra Longa,310570715,Bonfim da Barra,1128
3,Sudeste,31,Minas Gerais,3105905,Barroso,310590505,Barroso,20080
3,Sudeste,31,Minas Gerais,3106002,Bela Vista de Minas,310600205,Bela Vista de Minas,10167
3,Sudeste,31,Minas Gerais,3106101,Belmiro Braga,310610105,Belmiro Braga,2027
3,Sudeste,31,Minas Gerais,3106101,Belmiro Braga,310610110,Porto das Flores,498
3,Sudeste,31,Minas Gerais,3106101,Belmiro Braga,310610113,Sobragi,304
3,Sudeste,31,Minas Gerais,3106101,Belmiro Braga,310610115,Três Ilhas,415
3,Sudeste,31,Minas Gerais,3106200,Belo Horizonte,310620005,Belo Horizonte,1380747
3,Sudeste,31,Minas Gerais,3106200,Belo Horizonte,310620025,Barreiro,278856
3,Sudeste,31,Minas Gerais,3106200,Belo Horizonte,310620060,Venda Nova,655957
3,Sudeste,31,Minas Gerais,3106309,Belo Oriente,310630905,Belo Oriente,10115
3,Sudeste,31,Minas Gerais,3106309,Belo Oriente,310630906,Bom Jesus do Bagre,1327
3,Sudeste,31,Minas Gerais,3106309,Belo Oriente,310630910,Perpétuo Socorro,8465
3,Sudeste,31,Minas Gerais,3106309,Belo Oriente,310630920,São Sebastião de Braúnas,4021
3,Sudeste,31,Minas Gerais,3106408,Belo Vale,310640805,Belo Vale,4540
3,Sudeste,31,Minas Gerais,3106408,Belo Vale,310640810,Santana do Paraopeba,1203
3,Sudeste,31,Minas Gerais,3106408,Belo Vale,310640815,Boa Morte,846
3,Sudeste,31,Minas Gerais,3106408,Belo Vale,310640820,Chácara dos Cordeiros,521
3,Sudeste,31,Minas Gerais,3106408,Belo Vale,310640825,Roças Novas dos Bandeirantes,900
3,Sudeste,31,Minas Gerais,3106408,Belo Vale,310640830,São Sebastião das Lajes,617
3,Sudeste,31,Minas Gerais,3106507,Berilo,310650705,Berilo,7377
3,Sudeste,31,Minas Gerais,3106507,Berilo,310650720,Lelivéldia,2449
3,Sudeste,31,Minas Gerais,3106606,Bertópolis,310660605,Bertópolis,2701
3,Sudeste,31,Minas Gerais,3106606,Bertópolis,310660620,Umburaninha,1750
3,Sudeste,31,Minas Gerais,3106655,Berizal,310665505,Berizal,3081
3,Sudeste,31,Minas Gerais,3106655,Berizal,310665510,Serra do Anastácio,1120
3,Sudeste,31,Minas Gerais,3106705,Betim,310670505,Betim,411846
3,Sudeste,31,Minas Gerais,3106804,Bias Fortes,310680405,Bias Fortes,3361
3,Sudeste,31,Minas Gerais,3106903,Bicas,310690305,Bicas,13676
3,Sudeste,31,Minas Gerais,3106903,Bicas,310690310,Santa Helena de Bicas,302
3,Sudeste,31,Minas Gerais,3107000,Biquinhas,310700005,Biquinhas,2383
3,Sudeste,31,Minas Gerais,3107109,Boa Esperança,310710905,Boa Esperança,39848
3,Sudeste,31,Minas Gerais,3107208,Bocaina de Minas,310720805,Bocaina de Minas,2498
3,Sudeste,31,Minas Gerais,3107208,Bocaina de Minas,310720810,Mirantão,1958
3,Sudeste,31,Minas Gerais,3107208,Bocaina de Minas,310720815,Santo Antônio do Alto Rio Grande,892
3,Sudeste,31,Minas Gerais,3107307,Bocaiúva,310730705,Bocaiúva,41229
3,Sudeste,31,Minas Gerais,3107307,Bocaiúva,310730720,Alto Belo,1110
3,Sudeste,31,Minas Gerais,3107307,Bocaiúva,310730725,Terra Branca,677
3,Sudeste,31,Minas Gerais,3107307,Bocaiúva,310730730,Engenheiro Dolabela,3087
3,Sudeste,31,Minas Gerais,3107307,Bocaiúva,310730735,Sentinela,448
3,Sudeste,31,Minas Gerais,3107307,Bocaiúva,310730740,Pedregulho do Vale,533
3,Sudeste,31,Minas Gerais,3107307,Bocaiúva,310730745,Machados Serrano,601
3,Sudeste,31,Minas Gerais,3107307,Bocaiúva,310730750,Camilo Prates,347
3,Sudeste,31,Minas Gerais,3107406,Bom Despacho,310740605,Bom Despacho,50343
3,Sudeste,31,Minas Gerais,3107406,Bom Despacho,310740610,Engenho do Ribeiro,1394
3,Sudeste,31,Minas Gerais,3107505,Bom Jardim de Minas,310750505,Bom Jardim de Minas,6327
3,Sudeste,31,Minas Gerais,3107505,Bom Jardim de Minas,310750510,Tabuão,456
3,Sudeste,31,Minas Gerais,3107604,Bom Jesus da Penha,310760405,Bom Jesus da Penha,4474
3,Sudeste,31,Minas Gerais,3107703,Bom Jesus do Amparo,310770305,Bom Jesus do Amparo,5631
3,Sudeste,31,Minas Gerais,3107802,Bom Jesus do Galho,310780205,Bom Jesus do Galho,9200
3,Sudeste,31,Minas Gerais,3107802,Bom Jesus do Galho,310780210,Passa Dez,715
3,Sudeste,31,Minas Gerais,3107802,Bom Jesus do Galho,310780215,Quartel do Sacramento,1330
3,Sudeste,31,Minas Gerais,3107802,Bom Jesus do Galho,310780220,Revés do Belém,3291
3,Sudeste,31,Minas Gerais,3107901,Bom Repouso,310790105,Bom Repouso,12649
3,Sudeste,31,Minas Gerais,3108008,Bom Sucesso,310800805,Bom Sucesso,15369
3,Sudeste,31,Minas Gerais,3108008,Bom Sucesso,310800810,Macaia,1180
3,Sudeste,31,Minas Gerais,3108008,Bom Sucesso,310800815,Machados de Bom Sucesso,602
3,Sudeste,31,Minas Gerais,3108107,Bonfim,310810705,Bonfim,5339
3,Sudeste,31,Minas Gerais,3108107,Bonfim,310810710,Santo Antônio da Vargem Alegre,2095
3,Sudeste,31,Minas Gerais,3108206,Bonfinópolis de Minas,310820605,Bonfinópolis de Minas,5528
3,Sudeste,31,Minas Gerais,3108255,Bonito de Minas,310825505,Bonito de Minas,8080
3,Sudeste,31,Minas Gerais,3108255,Bonito de Minas,310825510,Raizama,462
3,Sudeste,31,Minas Gerais,3108255,Bonito de Minas,310825515,São José do Gibão,1662
3,Sudeste,31,Minas Gerais,3108305,Borda da Mata,310830505,Borda da Mata,13889
3,Sudeste,31,Minas Gerais,3108305,Borda da Mata,310830510,Cervo,1855
3,Sudeste,31,Minas Gerais,3108305,Borda da Mata,310830515,Sertãozinho,1660
3,Sudeste,31,Minas Gerais,3108404,Botelhos,310840405,Botelhos,12072
3,Sudeste,31,Minas Gerais,3108404,Botelhos,310840410,Palmeiral,2090
3,Sudeste,31,Minas Gerais,3108404,Botelhos,310840415,São Gonçalo de Botelhos,666
3,Sudeste,31,Minas Gerais,3108503,Botumirim,310850305,Botumirim,3242
3,Sudeste,31,Minas Gerais,3108503,Botumirim,310850310,Adão Colares,1606
3,Sudeste,31,Minas Gerais,3108503,Botumirim,310850315,Santa Cruz de Botumirim,374
3,Sudeste,31,Minas Gerais,3108503,Botumirim,310850320,Canta Galo de Botumirim,568
3,Sudeste,31,Minas Gerais,3108552,Brasilândia de Minas,310855205,Brasilândia de Minas,15020
3,Sudeste,31,Minas Gerais,3108602,Brasília de Minas,310860205,Brasília de Minas,23150
3,Sudeste,31,Minas Gerais,3108602,Brasília de Minas,310860210,Angicos de Minas,2344
3,Sudeste,31,Minas Gerais,3108602,Brasília de Minas,310860220,Fernão Dias,3524
3,Sudeste,31,Minas Gerais,3108602,Brasília de Minas,310860235,Retiro de Santo Antônio,663
3,Sudeste,31,Minas Gerais,3108602,Brasília de Minas,310860240,Vargem Grande do Bom Jesus,1410
3,Sudeste,31,Minas Gerais,3108602,Brasília de Minas,310860245,Vila de Fátima,934
3,Sudeste,31,Minas Gerais,3108701,Brás Pires,310870105,Brás Pires,3604
3,Sudeste,31,Minas Gerais,3108701,Brás Pires,310870125,Ribeirão de Santo Antônio,656
3,Sudeste,31,Minas Gerais,3108800,Braúnas,310880005,Braúnas,4441
3,Sudeste,31,Minas Gerais,3108909,Brazópolis,310890905,Brazópolis,9970
3,Sudeste,31,Minas Gerais,3108909,Brazópolis,310890910,Dias,1993
3,Sudeste,31,Minas Gerais,3108909,Brazópolis,310890915,Luminosa,1408
3,Sudeste,31,Minas Gerais,3108909,Brazópolis,310890920,Cruz Vera,875
3,Sudeste,31,Minas Gerais,3109006,Brumadinho,310900605,Brumadinho,22887
3,Sudeste,31,Minas Gerais,3109006,Brumadinho,310900610,Aranha,2612
3,Sudeste,31,Minas Gerais,3109006,Brumadinho,310900615,Conceição de Itaguá,7104
3,Sudeste,31,Minas Gerais,3109006,Brumadinho,310900620,Piedade do Paraopeba,4924
3,Sudeste,31,Minas Gerais,3109006,Brumadinho,310900625,São José do Paraopeba,1388
3,Sudeste,31,Minas Gerais,3109105,Bueno Brandão,310910505,Bueno Brandão,10911
3,Sudeste,31,Minas Gerais,3109204,Buenópolis,310920405,Buenópolis,7780
3,Sudeste,31,Minas Gerais,3109204,Buenópolis,310920410,Curimataí,1370
3,Sudeste,31,Minas Gerais,3109253,Bugre,310925305,Bugre,4041
3,Sudeste,31,Minas Gerais,3109303,Buritis,310930305,Buritis,19645
3,Sudeste,31,Minas Gerais,3109303,Buritis,310930310,Serra Bonita,1569
3,Sudeste,31,Minas Gerais,3109303,Buritis,310930320,São Pedro do Passa Três,1382
3,Sudeste,31,Minas Gerais,3109303,Buritis,310930325,Vila Serrana,1434
3,Sudeste,31,Minas Gerais,3109402,Buritizeiro,310940205,Buritizeiro,21530
3,Sudeste,31,Minas Gerais,3109402,Buritizeiro,310940210,Cachoeira do Manteiga,1346
3,Sudeste,31,Minas Gerais,3109402,Buritizeiro,310940215,Paredão de Minas,756
3,Sudeste,31,Minas Gerais,3109402,Buritizeiro,310940220,Sambaíba de Minas,278
3,Sudeste,31,Minas Gerais,3109451,Cabeceira Grande,310945105,Cabeceira Grande,3084
3,Sudeste,31,Minas Gerais,3109451,Cabeceira Grande,310945120,Palmital de Minas,3543
3,Sudeste,31,Minas Gerais,3109501,Cabo Verde,310950105,Cabo Verde,8003
3,Sudeste,31,Minas Gerais,3109501,Cabo Verde,310950110,Serra dos Lemes,2116
3,Sudeste,31,Minas Gerais,3109501,Cabo Verde,310950115,São Bartolomeu de Minas,1291
3,Sudeste,31,Minas Gerais,3109600,Cachoeira da Prata,310960005,Cachoeira da Prata,3693
3,Sudeste,31,Minas Gerais,3109709,Cachoeira de Minas,310970905,Cachoeira de Minas,10238
3,Sudeste,31,Minas Gerais,3109709,Cachoeira de Minas,310970910,Itaim,1645
3,Sudeste,31,Minas Gerais,3109808,Cachoeira Dourada,310980805,Cachoeira Dourada,2315
3,Sudeste,31,Minas Gerais,3109907,Caetanópolis,310990705,Caetanópolis,11435
3,Sudeste,31,Minas Gerais,3110004,Caeté,311000405,Caeté,32501
3,Sudeste,31,Minas Gerais,3110004,Caeté,311000410,Antônio dos Santos,1175
3,Sudeste,31,Minas Gerais,3110004,Caeté,311000415,Morro Vermelho,701
3,Sudeste,31,Minas Gerais,3110004,Caeté,311000420,Penedia,1188
3,Sudeste,31,Minas Gerais,3110004,Caeté,311000425,Roças Novas,2598
3,Sudeste,31,Minas Gerais,3110004,Caeté,311000430,Rancho Novo,613
3,Sudeste,31,Minas Gerais,3110103,Caiana,311010305,Caiana,5304
3,Sudeste,31,Minas Gerais,3110202,Cajuri,311020205,Cajuri,3515
3,Sudeste,31,Minas Gerais,3110202,Cajuri,311020210,Paraguai,573
3,Sudeste,31,Minas Gerais,3110301,Caldas,311030105,Caldas,9435
3,Sudeste,31,Minas Gerais,3110301,Caldas,311030107,Laranjeiras de Caldas,1962
3,Sudeste,31,Minas Gerais,3110301,Caldas,311030110,Santana de Caldas,986
3,Sudeste,31,Minas Gerais,3110301,Caldas,311030115,São Pedro de Caldas,1834
3,Sudeste,31,Minas Gerais,3110400,Camacho,311040005,Camacho,2838
3,Sudeste,31,Minas Gerais,3110509,Camanducaia,311050905,Camanducaia,19814
3,Sudeste,31,Minas Gerais,3110509,Camanducaia,311050910,Monte Verde,4817
3,Sudeste,31,Minas Gerais,3110509,Camanducaia,311050915,São Mateus de Minas,1466
3,Sudeste,31,Minas Gerais,3110608,Cambuí,311060805,Cambuí,29536
3,Sudeste,31,Minas Gerais,3110707,Cambuquira,311070705,Cambuquira,12313
3,Sudeste,31,Minas Gerais,3110806,Campanário,311080605,Campanário,2923
3,Sudeste,31,Minas Gerais,3110905,Campanha,311090505,Campanha,15935
3,Sudeste,31,Minas Gerais,3111002,Campestre,311100205,Campestre,17966
3,Sudeste,31,Minas Gerais,3111002,Campestre,311100210,Posses de São Sebastião,2730
3,Sudeste,31,Minas Gerais,3111101,Campina Verde,311110105,Campina Verde,16353
3,Sudeste,31,Minas Gerais,3111101,Campina Verde,311110110,Honorópolis,1658
3,Sudeste,31,Minas Gerais,3111150,Campo Azul,311115005,Campo Azul,2628
3,Sudeste,31,Minas Gerais,3111150,Campo Azul,311115010,Vila São José,1086
3,Sudeste,31,Minas Gerais,3111200,Campo Belo,311120005,Campo Belo,51924
3,Sudeste,31,Minas Gerais,3111200,Campo Belo,311120010,Porto dos Mendes,353
3,Sudeste,31,Minas Gerais,3111309,Campo do Meio,311130905,Campo do Meio,11377
3,Sudeste,31,Minas Gerais,3111408,Campo Florido,311140805,Campo Florido,8466
3,Sudeste,31,Minas Gerais,3111507,Campos Altos,311150705,Campos Altos,12222
3,Sudeste,31,Minas Gerais,3111507,Campos Altos,311150710,São Jerônimo dos Poções,757
3,Sudeste,31,Minas Gerais,3111606,Campos Gerais,311160605,Campos Gerais,22655
3,Sudeste,31,Minas Gerais,3111606,Campos Gerais,311160610,Córrego do Ouro,3450
3,Sudeste,31,Minas Gerais,3111705,Canaã,311170505,Canaã,4715
3,Sudeste,31,Minas Gerais,3111804,Canápolis,311180405,Canápolis,10608
3,Sudeste,31,Minas Gerais,3111903,Cana Verde,311190305,Cana Verde,4800
3,Sudeste,31,Minas Gerais,3111903,Cana Verde,311190310,Cerradinho,472
3,Sudeste,31,Minas Gerais,3112000,Candeias,311200005,Candeias,13220
3,Sudeste,31,Minas Gerais,3112000,Candeias,311200010,Vieiras Bravos,781
3,Sudeste,31,Minas Gerais,3112059,Cantagalo,311205905,Cantagalo,3974
3,Sudeste,31,Minas Gerais,3112109,Caparaó,311210905,Caparaó,5048
3,Sudeste,31,Minas Gerais,3112208,Capela Nova,311220805,Capela Nova,4007
3,Sudeste,31,Minas Gerais,3112208,Capela Nova,311220810,Palmeiras de Capela Nova,355
3,Sudeste,31,Minas Gerais,3112307,Capelinha,311230705,Capelinha,35613
3,Sudeste,31,Minas Gerais,3112307,Capelinha,311230715,Bom Jesus do Galego,583
3,Sudeste,31,Minas Gerais,3112307,Capelinha,311230720,Chapadinha do Ipê,2849
3,Sudeste,31,Minas Gerais,3112307,Capelinha,311230725,Ponte Nova de Capelinha,441
3,Sudeste,31,Minas Gerais,3112307,Capelinha,311230730,São Caetano da Serra,140
3,Sudeste,31,Minas Gerais,3112406,Capetinga,311240605,Capetinga,5694
3,Sudeste,31,Minas Gerais,3112406,Capetinga,311240610,Goianases,868
3,Sudeste,31,Minas Gerais,3112505,Capim Branco,311250505,Capim Branco,10663
3,Sudeste,31,Minas Gerais,3112604,Capinópolis,311260405,Capinópolis,14655
3,Sudeste,31,Minas Gerais,3112653,Capitão Andrade,311265305,Capitão Andrade,4585
3,Sudeste,31,Minas Gerais,3112703,Capitão Enéas,311270305,Capitão Enéas,11267
3,Sudeste,31,Minas Gerais,3112703,Capitão Enéas,311270310,Caçarema,1588
3,Sudeste,31,Minas Gerais,3112703,Capitão Enéas,311270320,Santana da Serra,1253
3,Sudeste,31,Minas Gerais,3112802,Capitólio,311280205,Capitólio,10380
3,Sudeste,31,Minas Gerais,3112901,Caputira,311290105,Caputira,8936
3,Sudeste,31,Minas Gerais,3113008,Caraí,311300805,Caraí,6813
3,Sudeste,31,Minas Gerais,3113008,Caraí,311300810,Marambainha,4072
3,Sudeste,31,Minas Gerais,3113008,Caraí,311300812,Maranhão,1542
3,Sudeste,31,Minas Gerais,3113008,Caraí,311300815,Ponto do Marambaia,3197
3,Sudeste,31,Minas Gerais,3113008,Caraí,311300820,Queixadinha,1446
3,Sudeste,31,Minas Gerais,3113008,Caraí,311300825,Santa Luiza dos Corujas,594
3,Sudeste,31,Minas Gerais,3113008,Caraí,311300830,Ribeirão de Santana,1884
3,Sudeste,31,Minas Gerais,3113107,Caranaíba,311310705,Caranaíba,2933
3,Sudeste,31,Minas Gerais,3113206,Carandaí,311320605,Carandaí,20109
3,Sudeste,31,Minas Gerais,3113206,Carandaí,311320610,Hermilo Alves,1982
3,Sudeste,31,Minas Gerais,3113206,Carandaí,311320615,Pedra do Sino,1721
3,Sudeste,31,Minas Gerais,3113305,Carangola,311330505,Carangola,25608
3,Sudeste,31,Minas Gerais,3113305,Carangola,311330510,Alvorada,2409
3,Sudeste,31,Minas Gerais,3113305,Carangola,311330520,Lacerdinha,2009
3,Sudeste,31,Minas Gerais,3113305,Carangola,311330525,Ponte Alta de Minas,1214
3,Sudeste,31,Minas Gerais,3113404,Caratinga,311340405,Caratinga,66467
3,Sudeste,31,Minas Gerais,3113404,Caratinga,311340407,Cordeiro de Minas,2669
3,Sudeste,31,Minas Gerais,3113404,Caratinga,311340410,Dom Lara,976
3,Sudeste,31,Minas Gerais,3113404,Caratinga,311340413,Dom Modesto,1050
3,Sudeste,31,Minas Gerais,3113404,Caratinga,311340424,Patrocínio de Caratinga,2132
3,Sudeste,31,Minas Gerais,3113404,Caratinga,311340426,Santa Efigênia de Caratinga,2689
3,Sudeste,31,Minas Gerais,3113404,Caratinga,311340427,Santa Luzia de Caratinga,2730
3,Sudeste,31,Minas Gerais,3113404,Caratinga,311340435,Santo Antônio do Manhuaçu,2099
3,Sudeste,31,Minas Gerais,3113404,Caratinga,311340440,São Cândido,2712
3,Sudeste,31,Minas Gerais,3113404,Caratinga,311340445,São João do Jacutinga,1245
3,Sudeste,31,Minas Gerais,3113404,Caratinga,311340450,Sapucaia,2591
3,Sudeste,31,Minas Gerais,3113503,Carbonita,311350305,Carbonita,7683
3,Sudeste,31,Minas Gerais,3113503,Carbonita,311350310,Abadia de Carbonita,254
3,Sudeste,31,Minas Gerais,3113503,Carbonita,311350315,Santana de Carbonita,152
3,Sudeste,31,Minas Gerais,3113503,Carbonita,311350320,Monte Belo de Carbonita,232
3,Sudeste,31,Minas Gerais,3113503,Carbonita,311350325,Mercadinho,191
3,Sudeste,31,Minas Gerais,3113602,Careaçu,311360205,Careaçu,6816
3,Sudeste,31,Minas Gerais,3113701,Carlos Chagas,311370105,Carlos Chagas,14280
3,Sudeste,31,Minas Gerais,3113701,Carlos Chagas,311370110,Epaminondas Otoni,1626
3,Sudeste,31,Minas Gerais,3113701,Carlos Chagas,311370115,Presidente Pena,2709
3,Sudeste,31,Minas Gerais,3113800,Carmésia,311380005,Carmésia,2605
3,Sudeste,31,Minas Gerais,3113909,Carmo da Cachoeira,311390905,Carmo da Cachoeira,11000
3,Sudeste,31,Minas Gerais,3113909,Carmo da Cachoeira,311390920,Palmital do Cervo,547
3,Sudeste,31,Minas Gerais,3114006,Carmo da Mata,311400605,Carmo da Mata,11019
3,Sudeste,31,Minas Gerais,3114105,Carmo de Minas,311410505,Carmo de Minas,13797
3,Sudeste,31,Minas Gerais,3114204,Carmo do Cajuru,311420405,Carmo do Cajuru,20047
3,Sudeste,31,Minas Gerais,3114204,Carmo do Cajuru,311420408,Bom Jesus de Angicos,674
3,Sudeste,31,Minas Gerais,3114204,Carmo do Cajuru,311420409,Santo Antônio da Serra,451
3,Sudeste,31,Minas Gerais,3114204,Carmo do Cajuru,311420410,São José dos Salgados,2307
3,Sudeste,31,Minas Gerais,3114303,Carmo do Paranaíba,311430305,Carmo do Paranaíba,27454
3,Sudeste,31,Minas Gerais,3114303,Carmo do Paranaíba,311430310,Quintinos,1557
3,Sudeste,31,Minas Gerais,3114402,Carmo do Rio Claro,311440205,Carmo do Rio Claro,18742
3,Sudeste,31,Minas Gerais,3114402,Carmo do Rio Claro,311440210,Itaci,947
3,Sudeste,31,Minas Gerais,3114402,Carmo do Rio Claro,311440220,Vilelândia,1265
3,Sudeste,31,Minas Gerais,3114501,Carmópolis de Minas,311450105,Carmópolis de Minas,16552
3,Sudeste,31,Minas Gerais,3114501,Carmópolis de Minas,311450110,Bom Jardim das Pedras,1451
3,Sudeste,31,Minas Gerais,3114550,Carneirinho,311455005,Carneirinho,5986
3,Sudeste,31,Minas Gerais,3114550,Carneirinho,311455010,Estrela da Barra,842
3,Sudeste,31,Minas Gerais,3114550,Carneirinho,311455017,Fátima do Pontal,417
3,Sudeste,31,Minas Gerais,3114550,Carneirinho,311455020,São Sebastião do Pontal,2177
3,Sudeste,31,Minas Gerais,3114600,Carrancas,311460005,Carrancas,4049
3,Sudeste,31,Minas Gerais,3114709,Carvalhópolis,311470905,Carvalhópolis,3341
3,Sudeste,31,Minas Gerais,3114808,Carvalhos,311480805,Carvalhos,3765
3,Sudeste,31,Minas Gerais,3114808,Carvalhos,311480810,Franceses,244
3,Sudeste,31,Minas Gerais,3114808,Carvalhos,311480815,Muquem de São Lázaro,413
3,Sudeste,31,Minas Gerais,3114907,Casa Grande,311490705,Casa Grande,2214
3,Sudeste,31,Minas Gerais,3115003,Cascalho Rico,311500305,Cascalho Rico,2712
3,Sudeste,31,Minas Gerais,3115102,Cássia,311510205,Cássia,17155
3,Sudeste,31,Minas Gerais,3115201,Conceição da Barra de Minas,311520105,Conceição da Barra de Minas,3560
3,Sudeste,31,Minas Gerais,3115300,Cataguases,311530005,Cataguases,62005
3,Sudeste,31,Minas Gerais,3115300,Cataguases,311530007,Aracati de Minas,456
3,Sudeste,31,Minas Gerais,3115300,Cataguases,311530010,Cataguarino,681
3,Sudeste,31,Minas Gerais,3115300,Cataguases,311530012,Glória de Cataguases,275
3,Sudeste,31,Minas Gerais,3115300,Cataguases,311530015,Sereno,2134
3,Sudeste,31,Minas Gerais,3115300,Cataguases,311530020,Vista Alegre,710
3,Sudeste,31,Minas Gerais,3115359,Catas Altas,311535905,Catas Altas,4593
3,Sudeste,31,Minas Gerais,3115359,Catas Altas,311535910,Morro D'Água Quente,880
3,Sudeste,31,Minas Gerais,3115409,Catas Altas da Noruega,311540905,Catas Altas da Noruega,3110
3,Sudeste,31,Minas Gerais,3115458,Catuji,311545805,Catuji,7030
3,Sudeste,31,Minas Gerais,3115474,Catuti,311547405,Catuti,2540
3,Sudeste,31,Minas Gerais,3115474,Catuti,311547410,Barreiro Branco,2199
3,Sudeste,31,Minas Gerais,3115508,Caxambu,311550805,Caxambu,21056
3,Sudeste,31,Minas Gerais,3115607,Cedro do Abaeté,311560705,Cedro do Abaeté,1081
3,Sudeste,31,Minas Gerais,3115706,Central de Minas,311570605,Central de Minas,4420
3,Sudeste,31,Minas Gerais,3115706,Central de Minas,311570610,Floresta,1751
3,Sudeste,31,Minas Gerais,3115805,Centralina,311580505,Centralina,10207
3,Sudeste,31,Minas Gerais,3115904,Chácara,311590405,Chácara,3075
3,Sudeste,31,Minas Gerais,3116001,Chalé,311600105,Chalé,3503
3,Sudeste,31,Minas Gerais,3116001,Chalé,311600110,Professor Sperber,811
3,Sudeste,31,Minas Gerais,3116001,Chalé,311600115,Penha do Coco,1152
3,Sudeste,31,Minas Gerais,3116001,Chalé,311600120,Água Limpa de Chalé,609
3,Sudeste,31,Minas Gerais,3116100,Chapada do Norte,311610005,Chapada do Norte,6225
3,Sudeste,31,Minas Gerais,3116100,Chapada do Norte,311610010,Cachoeira do Norte,597
3,Sudeste,31,Minas Gerais,3116100,Chapada do Norte,311610020,Granjas do Norte,1374
3,Sudeste,31,Minas Gerais,3116100,Chapada do Norte,311610030,Santa Rita do Araçuaí,772
3,Sudeste,31,Minas Gerais,3116100,Chapada do Norte,311610040,São Sebastião da Boa Vista,1369
3,Sudeste,31,Minas Gerais,3116159,Chapada Gaúcha,311615905,Chapada Gaúcha,8882
3,Sudeste,31,Minas Gerais,3116159,Chapada Gaúcha,311615920,Serra das Araras,2813
3,Sudeste,31,Minas Gerais,3116159,Chapada Gaúcha,311615930,Vila Bom Jesus de Minas,264
3,Sudeste,31,Minas Gerais,3116159,Chapada Gaúcha,311615935,Vila Retiro Velho,396
3,Sudeste,31,Minas Gerais,3116209,Chiador,311620905,Chiador,1700
3,Sudeste,31,Minas Gerais,3116209,Chiador,311620910,Penha Longa,1100
3,Sudeste,31,Minas Gerais,3116308,Cipotânea,311630805,Cipotânea,5581
3,Sudeste,31,Minas Gerais,3116407,Claraval,311640705,Claraval,4658
3,Sudeste,31,Minas Gerais,3116506,Claro dos Poções,311650605,Claro dos Poções,5095
3,Sudeste,31,Minas Gerais,3116506,Claro dos Poções,311650610,Vista Alegre,1653
3,Sudeste,31,Minas Gerais,3116506,Claro dos Poções,311650615,Boa Sorte de Claro dos Poções,418
3,Sudeste,31,Minas Gerais,3116605,Cláudio,311660505,Cláudio,27096
3,Sudeste,31,Minas Gerais,3116605,Cláudio,311660510,Monsenhor João Alexandre,3063
3,Sudeste,31,Minas Gerais,3116704,Coimbra,311670405,Coimbra,7117
3,Sudeste,31,Minas Gerais,3116803,Coluna,311680305,Coluna,8163
3,Sudeste,31,Minas Gerais,3116902,Comendador Gomes,311690205,Comendador Gomes,2773
3,Sudeste,31,Minas Gerais,3117009,Comercinho,311700905,Comercinho,4619
3,Sudeste,31,Minas Gerais,3117009,Comercinho,311700910,Água Branca de Minas,1327
3,Sudeste,31,Minas Gerais,3117009,Comercinho,311700915,Taboa,714
3,Sudeste,31,Minas Gerais,3117108,Conceição da Aparecida,311710805,Conceição da Aparecida,10371
3,Sudeste,31,Minas Gerais,3117207,Conceição das Pedras,311720705,Conceição das Pedras,2772
3,Sudeste,31,Minas Gerais,3117306,Conceição das Alagoas,311730605,Conceição das Alagoas,27690
3,Sudeste,31,Minas Gerais,3117306,Conceição das Alagoas,311730610,Poncianos,691
3,Sudeste,31,Minas Gerais,3117405,Conceição de Ipanema,311740505,Conceição de Ipanema,4409
3,Sudeste,31,Minas Gerais,3117504,Conceição do Mato Dentro,311750405,Conceição do Mato Dentro,16722
3,Sudeste,31,Minas Gerais,3117504,Conceição do Mato Dentro,311750410,Brejaúba,551
3,Sudeste,31,Minas Gerais,3117504,Conceição do Mato Dentro,311750415,Córregos,462
3,Sudeste,31,Minas Gerais,3117504,Conceição do Mato Dentro,311750420,Costa Sena,772
3,Sudeste,31,Minas Gerais,3117504,Conceição do Mato Dentro,311750425,Itacolomi,902
3,Sudeste,31,Minas Gerais,3117504,Conceição do Mato Dentro,311750428,Ouro Fino do Mato Dentro,556
3,Sudeste,31,Minas Gerais,3117504,Conceição do Mato Dentro,311750430,Santo Antônio do Norte,755
3,Sudeste,31,Minas Gerais,3117504,Conceição do Mato Dentro,311750432,Santo Antônio do Cruzeiro,245
3,Sudeste,31,Minas Gerais,3117504,Conceição do Mato Dentro,311750435,São Sebastião do Bom Sucesso,435
3,Sudeste,31,Minas Gerais,3117504,Conceição do Mato Dentro,311750436,Senhora do Socorro,267
3,Sudeste,31,Minas Gerais,3117504,Conceição do Mato Dentro,311750440,Tabuleiro do Mato Dentro,683
3,Sudeste,31,Minas Gerais,3117504,Conceição do Mato Dentro,311750445,Capitão Felizardo,403
3,Sudeste,31,Minas Gerais,3117504,Conceição do Mato Dentro,311750450,Três Barras do Mato Dentro,410
3,Sudeste,31,Minas Gerais,3117603,Conceição do Pará,311760305,Conceição do Pará,5415
3,Sudeste,31,Minas Gerais,3117702,Conceição do Rio Verde,311770205,Conceição do Rio Verde,11931
3,Sudeste,31,Minas Gerais,3117702,Conceição do Rio Verde,311770210,Águas de Contendas,610
3,Sudeste,31,Minas Gerais,3117801,Conceição dos Ouros,311780105,Conceição dos Ouros,10880
3,Sudeste,31,Minas Gerais,3117836,Cônego Marinho,311783605,Cônego Marinho,3007
3,Sudeste,31,Minas Gerais,3117836,Cônego Marinho,311783610,São José de Macaúbas,420
3,Sudeste,31,Minas Gerais,3117836,Cônego Marinho,311783615,Cruz dos Araújos,1029
3,Sudeste,31,Minas Gerais,3117836,Cônego Marinho,311783620,Santo Antônio da Vaca Preta,731
3,Sudeste,31,Minas Gerais,3117836,Cônego Marinho,311783625,Olhos D'Água do Bom Jesus,2050
3,Sudeste,31,Minas Gerais,3117876,Confins,311787605,Confins,7350
3,Sudeste,31,Minas Gerais,3117900,Congonhal,311790005,Congonhal,11083
3,Sudeste,31,Minas Gerais,3118007,Congonhas,311800705,Congonhas,43696
3,Sudeste,31,Minas Gerais,3118007,Congonhas,311800710,Alto Maranhão,6872
3,Sudeste,31,Minas Gerais,3118007,Congonhas,311800715,Lobo Leite,2322
3,Sudeste,31,Minas Gerais,3118106,Congonhas do Norte,311810605,Congonhas do Norte,3680
3,Sudeste,31,Minas Gerais,3118106,Congonhas do Norte,311810610,Santa Cruz dos Alves,1151
3,Sudeste,31,Minas Gerais,3118205,Conquista,311820505,Conquista,5694
3,Sudeste,31,Minas Gerais,3118205,Conquista,311820510,Guaxima,276
3,Sudeste,31,Minas Gerais,3118205,Conquista,311820515,Jubaí,724
3,Sudeste,31,Minas Gerais,3118304,Conselheiro Lafaiete,311830405,Conselheiro Lafaiete,130524
3,Sudeste,31,Minas Gerais,3118304,Conselheiro Lafaiete,311830410,Buarque de Macedo,1097
3,Sudeste,31,Minas Gerais,3118403,Conselheiro Pena,311840305,Conselheiro Pena,15269
3,Sudeste,31,Minas Gerais,3118403,Conselheiro Pena,311840315,Barra do Cuieté,1303
3,Sudeste,31,Minas Gerais,3118403,Conselheiro Pena,311840320,Bueno,970
3,Sudeste,31,Minas Gerais,3118403,Conselheiro Pena,311840325,Cuieté Velho,682
3,Sudeste,31,Minas Gerais,3118403,Conselheiro Pena,311840335,Ferruginha,1680
3,Sudeste,31,Minas Gerais,3118403,Conselheiro Pena,311840345,Penha do Norte,920
3,Sudeste,31,Minas Gerais,3118502,Consolação,311850205,Consolação,1563
3,Sudeste,31,Minas Gerais,3118601,Contagem,311860105,Contagem,421642
3,Sudeste,31,Minas Gerais,3118601,Contagem,311860110,Parque Industrial,200221
3,Sudeste,31,Minas Gerais,3118700,Coqueiral,311870005,Coqueiral,8027
3,Sudeste,31,Minas Gerais,3118700,Coqueiral,311870010,Frei Eustáquio,996
3,Sudeste,31,Minas Gerais,3118809,Coração de Jesus,311880905,Coração de Jesus,13747
3,Sudeste,31,Minas Gerais,3118809,Coração de Jesus,311880910,Alvação,3207
3,Sudeste,31,Minas Gerais,3118809,Coração de Jesus,311880913,Aristides Batista,1373
3,Sudeste,31,Minas Gerais,3118809,Coração de Jesus,311880915,Luiz Pires de Minas,2651
3,Sudeste,31,Minas Gerais,3118809,Coração de Jesus,311880920,Ponte dos Ciganos,2343
3,Sudeste,31,Minas Gerais,3118809,Coração de Jesus,311880925,São Geraldo,972
3,Sudeste,31,Minas Gerais,3118809,Coração de Jesus,311880940,São Joaquim,1084
3,Sudeste,31,Minas Gerais,3118908,Cordisburgo,311890805,Cordisburgo,5080
3,Sudeste,31,Minas Gerais,3118908,Cordisburgo,311890810,Lagoa Bonita,2467
3,Sudeste,31,Minas Gerais,3119005,Cordislândia,311900505,Cordislândia,3200
3,Sudeste,31,Minas Gerais,3119104,Corinto,311910405,Corinto,22085
3,Sudeste,31,Minas Gerais,3119104,Corinto,311910408,Beltrão,520
3,Sudeste,31,Minas Gerais,3119104,Corinto,311910410,Contria,927
3,Sudeste,31,Minas Gerais,3119203,Coroaci,311920305,Coroaci,7367
3,Sudeste,31,Minas Gerais,3119203,Coroaci,311920310,Conceição de Tronqueiras,2235
3,Sudeste,31,Minas Gerais,3119203,Coroaci,311920315,São Sebastião do Bugre,1282
3,Sudeste,31,Minas Gerais,3119302,Coromandel,311930205,Coromandel,24002
3,Sudeste,31,Minas Gerais,3119302,Coromandel,311930210,Alegre,388
3,Sudeste,31,Minas Gerais,3119302,Coromandel,311930212,Lagamar dos Coqueiros,735
3,Sudeste,31,Minas Gerais,3119302,Coromandel,311930213,Pântano de Santa Cruz,1790
3,Sudeste,31,Minas Gerais,3119302,Coromandel,311930214,Mateiro,569
3,Sudeste,31,Minas Gerais,3119302,Coromandel,311930215,Santa Rosa dos Dourados,1410
3,Sudeste,31,Minas Gerais,3119401,Coronel Fabriciano,311940105,Coronel Fabriciano,58437
3,Sudeste,31,Minas Gerais,3119401,Coronel Fabriciano,311940110,Senador Melo Viana,46299
3,Sudeste,31,Minas Gerais,3119500,Coronel Murta,311950005,Coronel Murta,6305
3,Sudeste,31,Minas Gerais,3119500,Coronel Murta,311950007,Barra do Salinas,788
3,Sudeste,31,Minas Gerais,3119500,Coronel Murta,311950010,Freire Cardoso,1107
3,Sudeste,31,Minas Gerais,3119609,Coronel Pacheco,311960905,Coronel Pacheco,2762
3,Sudeste,31,Minas Gerais,3119708,Coronel Xavier Chaves,311970805,Coronel Xavier Chaves,3486
3,Sudeste,31,Minas Gerais,3119807,Córrego Danta,311980705,Córrego Danta,2314
3,Sudeste,31,Minas Gerais,3119807,Córrego Danta,311980710,Cachoeirinha,646
3,Sudeste,31,Minas Gerais,3119906,Córrego do Bom Jesus,311990605,Córrego do Bom Jesus,4272
3,Sudeste,31,Minas Gerais,3119955,Córrego Fundo,311995505,Córrego Fundo,6133
3,Sudeste,31,Minas Gerais,3120003,Córrego Novo,312000305,Córrego Novo,2875
3,Sudeste,31,Minas Gerais,3120102,Couto de Magalhães de Minas,312010205,Couto de Magalhães de Minas,4245
3,Sudeste,31,Minas Gerais,3120151,Crisólita,312015105,Crisólita,3303
3,Sudeste,31,Minas Gerais,3120151,Crisólita,312015120,Nova Santa Luzia,1962
3,Sudeste,31,Minas Gerais,3120201,Cristais,312020105,Cristais,12197
3,Sudeste,31,Minas Gerais,3120300,Cristália,312030005,Cristália,5121
3,Sudeste,31,Minas Gerais,3120409,Cristiano Otoni,312040905,Cristiano Otoni,4365
3,Sudeste,31,Minas Gerais,3120409,Cristiano Otoni,312040920,São Caetano,302
3,Sudeste,31,Minas Gerais,3120508,Cristina,312050805,Cristina,10374
3,Sudeste,31,Minas Gerais,3120607,Crucilândia,312060705,Crucilândia,5434
3,Sudeste,31,Minas Gerais,3120706,Cruzeiro da Fortaleza,312070605,Cruzeiro da Fortaleza,2278
3,Sudeste,31,Minas Gerais,3120706,Cruzeiro da Fortaleza,312070610,Brejo Bonito,1243
3,Sudeste,31,Minas Gerais,3120805,Cruzília,312080505,Cruzília,15362
3,Sudeste,31,Minas Gerais,3120839,Cuparaque,312083905,Cuparaque,2900
3,Sudeste,31,Minas Gerais,3120839,Cuparaque,312083910,Aldeia,1083
3,Sudeste,31,Minas Gerais,3120870,Curral de Dentro,312087005,Curral de Dentro,5776
3,Sudeste,31,Minas Gerais,3120870,Curral de Dentro,312087020,Maristela de Minas,1630
3,Sudeste,31,Minas Gerais,3120904,Curvelo,312090405,Curvelo,72508
3,Sudeste,31,Minas Gerais,3120904,Curvelo,312090410,Angueretá,1874
3,Sudeste,31,Minas Gerais,3120904,Curvelo,312090412,J.K.,3861
3,Sudeste,31,Minas Gerais,3120904,Curvelo,312090415,Santa Rita do Cedro,1044
3,Sudeste,31,Minas Gerais,3120904,Curvelo,312090420,Tomás Gonzaga,1378
3,Sudeste,31,Minas Gerais,3121001,Datas,312100105,Datas,4499
3,Sudeste,31,Minas Gerais,3121001,Datas,312100130,Tombadouro,966
3,Sudeste,31,Minas Gerais,3121100,Delfim Moreira,312110005,Delfim Moreira,6769
3,Sudeste,31,Minas Gerais,3121100,Delfim Moreira,312110010,BARRA DE DELFIM MOREIRA,1183
3,Sudeste,31,Minas Gerais,3121209,Delfinópolis,312120905,Delfinópolis,5830
3,Sudeste,31,Minas Gerais,3121209,Delfinópolis,312120910,Babilônia,1517
3,Sudeste,31,Minas Gerais,3121209,Delfinópolis,312120920,Olhos D'Água da Canastra,1046
3,Sudeste,31,Minas Gerais,3121258,Delta,312125805,Delta,10494
3,Sudeste,31,Minas Gerais,3121308,Descoberto,312130805,Descoberto,4928
3,Sudeste,31,Minas Gerais,3121407,Desterro de Entre Rios,312140705,Desterro de Entre Rios,5158
3,Sudeste,31,Minas Gerais,3121407,Desterro de Entre Rios,312140707,Pereirinhas,1474
3,Sudeste,31,Minas Gerais,3121407,Desterro de Entre Rios,312140710,São Sebastião do Gil,1021
3,Sudeste,31,Minas Gerais,3121506,Desterro do Melo,312150605,Desterro do Melo,2994
3,Sudeste,31,Minas Gerais,3121605,Diamantina,312160505,Diamantina,37823
3,Sudeste,31,Minas Gerais,3121605,Diamantina,312160510,Conselheiro Mata,685
3,Sudeste,31,Minas Gerais,3121605,Diamantina,312160515,Desembargador Otoni,1305
3,Sudeste,31,Minas Gerais,3121605,Diamantina,312160520,Extração,555
3,Sudeste,31,Minas Gerais,3121605,Diamantina,312160525,Guinda,1075
3,Sudeste,31,Minas Gerais,3121605,Diamantina,312160530,Inhaí,1476
3,Sudeste,31,Minas Gerais,3121605,Diamantina,312160535,Mendanha,541
3,Sudeste,31,Minas Gerais,3121605,Diamantina,312160540,Planalto de Minas,912
3,Sudeste,31,Minas Gerais,3121605,Diamantina,312160545,São João da Chapada,914
3,Sudeste,31,Minas Gerais,3121605,Diamantina,312160550,Senador Mourão,1771
3,Sudeste,31,Minas Gerais,3121605,Diamantina,312160555,Sopa,645
3,Sudeste,31,Minas Gerais,3121704,Diogo de Vasconcelos,312170405,Diogo de Vasconcelos,3549
3,Sudeste,31,Minas Gerais,3121803,Dionísio,312180305,Dionísio,4403
3,Sudeste,31,Minas Gerais,3121803,Dionísio,312180308,Baixa Verde,1758
3,Sudeste,31,Minas Gerais,3121803,Dionísio,312180310,Conceição de Minas,686
3,Sudeste,31,Minas Gerais,3121902,Divinésia,312190205,Divinésia,4226
3,Sudeste,31,Minas Gerais,3122009,Divino,312200905,Divino,17555
3,Sudeste,31,Minas Gerais,3122009,Divino,312200910,Bom Jesus do Divino,2319
3,Sudeste,31,Minas Gerais,3122009,Divino,312200925,Viletes,832
3,Sudeste,31,Minas Gerais,3122108,Divino das Laranjeiras,312210805,Divino das Laranjeiras,2196
3,Sudeste,31,Minas Gerais,3122108,Divino das Laranjeiras,312210810,Central de Santa Helena,666
3,Sudeste,31,Minas Gerais,3122108,Divino das Laranjeiras,312210815,Linópolis,868
3,Sudeste,31,Minas Gerais,3122108,Divino das Laranjeiras,312210820,Macedônia das Laranjeiras,448
3,Sudeste,31,Minas Gerais,3122207,Divinolândia de Minas,312220705,Divinolândia de Minas,6516
3,Sudeste,31,Minas Gerais,3122306,Divinópolis,312230605,Divinópolis,223684
3,Sudeste,31,Minas Gerais,3122306,Divinópolis,312230610,Santo Antônio dos Campos,7407
3,Sudeste,31,Minas Gerais,3122355,Divisa Alegre,312235505,Divisa Alegre,6321
3,Sudeste,31,Minas Gerais,3122405,Divisa Nova,312240505,Divisa Nova,5851
3,Sudeste,31,Minas Gerais,3122454,Divisópolis,312245405,Divisópolis,10213
3,Sudeste,31,Minas Gerais,3122470,Dom Bosco,312247005,Dom Bosco,2763
3,Sudeste,31,Minas Gerais,3122470,Dom Bosco,312247010,Santo Antônio do Rio Preto,934
3,Sudeste,31,Minas Gerais,3122504,Dom Cavati,312250405,Dom Cavati,4904
3,Sudeste,31,Minas Gerais,3122603,Dom Joaquim,312260305,Dom Joaquim,3963
3,Sudeste,31,Minas Gerais,3122603,Dom Joaquim,312260310,Gororós,642
3,Sudeste,31,Minas Gerais,3122603,Dom Joaquim,312260315,São José da Ilha,294
3,Sudeste,31,Minas Gerais,3122702,Dom Silvério,312270205,Dom Silvério,5228
3,Sudeste,31,Minas Gerais,3122801,Dom Viçoso,312280105,Dom Viçoso,3095
3,Sudeste,31,Minas Gerais,3122900,Dona Euzébia,312290005,Dona Euzébia,4601
3,Sudeste,31,Minas Gerais,3122900,Dona Euzébia,312290030,São Manoel do Guaiaçu,1492
3,Sudeste,31,Minas Gerais,3123007,Dores de Campos,312300705,Dores de Campos,10007
3,Sudeste,31,Minas Gerais,3123106,Dores de Guanhães,312310605,Dores de Guanhães,4347
3,Sudeste,31,Minas Gerais,3123106,Dores de Guanhães,312310610,Vila Esperança,682
3,Sudeste,31,Minas Gerais,3123205,Dores do Indaiá,312320505,Dores do Indaiá,12630
3,Sudeste,31,Minas Gerais,3123304,Dores do Turvo,312330405,Dores do Turvo,4987
3,Sudeste,31,Minas Gerais,3123403,Doresópolis,312340305,Doresópolis,1461
3,Sudeste,31,Minas Gerais,3123502,Douradoquara,312350205,Douradoquara,1829
3,Sudeste,31,Minas Gerais,3123528,Durandé,312352805,Durandé,4918
3,Sudeste,31,Minas Gerais,3123528,Durandé,312352815,São João da Figueira,2019
3,Sudeste,31,Minas Gerais,3123528,Durandé,312352820,São José da Figueira,880
3,Sudeste,31,Minas Gerais,3123601,Elói Mendes,312360105,Elói Mendes,26336
3,Sudeste,31,Minas Gerais,3123700,Engenheiro Caldas,312370005,Engenheiro Caldas,10192
3,Sudeste,31,Minas Gerais,3123700,Engenheiro Caldas,312370006,Divino do Traíra,1155
3,Sudeste,31,Minas Gerais,3123700,Engenheiro Caldas,312370010,São José do Acácio,2275
3,Sudeste,31,Minas Gerais,3123809,Engenheiro Navarro,312380905,Engenheiro Navarro,5357
3,Sudeste,31,Minas Gerais,3123809,Engenheiro Navarro,312380915,São Norberto,997
3,Sudeste,31,Minas Gerais,3123858,Entre Folhas,312385805,Entre Folhas,5179
3,Sudeste,31,Minas Gerais,3123908,Entre Rios de Minas,312390805,Entre Rios de Minas,13503
3,Sudeste,31,Minas Gerais,3123908,Entre Rios de Minas,312390810,Serra do Camapuã,1243
3,Sudeste,31,Minas Gerais,3124005,Ervália,312400505,Ervália,20255
3,Sudeste,31,Minas Gerais,3124104,Esmeraldas,312410405,Esmeraldas,67863
3,Sudeste,31,Minas Gerais,3124104,Esmeraldas,312410410,Andiroba,2042
3,Sudeste,31,Minas Gerais,3124104,Esmeraldas,312410415,Melo Viana,15693
3,Sudeste,31,Minas Gerais,3124203,Espera Feliz,312420305,Espera Feliz,22346
3,Sudeste,31,Minas Gerais,3124203,Espera Feliz,312420310,São José da Pedra Menina,1756
3,Sudeste,31,Minas Gerais,3124302,Espinosa,312430205,Espinosa,26704
3,Sudeste,31,Minas Gerais,3124302,Espinosa,312430210,Itamirim,3739
3,Sudeste,31,Minas Gerais,3124401,Espírito Santo do Dourado,312440105,Espírito Santo do Dourado,6611
3,Sudeste,31,Minas Gerais,3124500,Estiva,312450005,Estiva,9950
3,Sudeste,31,Minas Gerais,3124500,Estiva,312450010,Pântano,1552
3,Sudeste,31,Minas Gerais,3124609,Estrela Dalva,312460905,Estrela Dalva,1985
3,Sudeste,31,Minas Gerais,3124609,Estrela Dalva,312460910,Água Viva,201
3,Sudeste,31,Minas Gerais,3124708,Estrela do Indaiá,312470805,Estrela do Indaiá,2538
3,Sudeste,31,Minas Gerais,3124708,Estrela do Indaiá,312470810,Baú,234
3,Sudeste,31,Minas Gerais,3124807,Estrela do Sul,312480705,Estrela do Sul,2539
3,Sudeste,31,Minas Gerais,3124807,Estrela do Sul,312480710,Chapada de Minas,279
3,Sudeste,31,Minas Gerais,3124807,Estrela do Sul,312480712,Dolearina,2047
3,Sudeste,31,Minas Gerais,3124807,Estrela do Sul,312480715,Santa Rita da Estrela,1341
3,Sudeste,31,Minas Gerais,3124807,Estrela do Sul,312480720,São Félix de Estrela,634
3,Sudeste,31,Minas Gerais,3124906,Eugenópolis,312490605,Eugenópolis,8796
3,Sudeste,31,Minas Gerais,3124906,Eugenópolis,312490610,Gavião,494
3,Sudeste,31,Minas Gerais,3124906,Eugenópolis,312490615,Pinhotiba,705
3,Sudeste,31,Minas Gerais,3124906,Eugenópolis,312490620,Queirozes,806
3,Sudeste,31,Minas Gerais,3125002,Ewbank da Câmara,312500205,Ewbank da Câmara,3875
3,Sudeste,31,Minas Gerais,3125101,Extrema,312510105,Extrema,50632
3,Sudeste,31,Minas Gerais,3125101,Extrema,312510110,Juncal,2850
3,Sudeste,31,Minas Gerais,3125200,Fama,312520005,Fama,2578
3,Sudeste,31,Minas Gerais,3125309,Faria Lemos,312530905,Faria Lemos,3188
3,Sudeste,31,Minas Gerais,3125408,Felício dos Santos,312540805,Felício dos Santos,5133
3,Sudeste,31,Minas Gerais,3125507,São Gonçalo do Rio Preto,312550705,São Gonçalo do Rio Preto,3032
3,Sudeste,31,Minas Gerais,3125606,Felisburgo,312560605,Felisburgo,6489
3,Sudeste,31,Minas Gerais,3125705,Felixlândia,312570505,Felixlândia,11403
3,Sudeste,31,Minas Gerais,3125705,Felixlândia,312570508,São Geraldo do Salto,808
3,Sudeste,31,Minas Gerais,3125705,Felixlândia,312570510,São José do Buriti,1767
3,Sudeste,31,Minas Gerais,3125804,Fernandes Tourinho,312580405,Fernandes Tourinho,2288
3,Sudeste,31,Minas Gerais,3125804,Fernandes Tourinho,312580410,Senhora da Penha,501
3,Sudeste,31,Minas Gerais,3125903,Ferros,312590305,Ferros,4819
3,Sudeste,31,Minas Gerais,3125903,Ferros,312590310,Borba Gato,600
3,Sudeste,31,Minas Gerais,3125903,Ferros,312590315,Cubas,1189
3,Sudeste,31,Minas Gerais,3125903,Ferros,312590320,Esmeraldas de Ferros,878
3,Sudeste,31,Minas Gerais,3125903,Ferros,312590325,Santa Rita do Rio do Peixe,1040
3,Sudeste,31,Minas Gerais,3125903,Ferros,312590330,Santo Antônio da Fortaleza,540
3,Sudeste,31,Minas Gerais,3125903,Ferros,312590335,Sete Cachoeiras,524
3,Sudeste,31,Minas Gerais,3125952,Fervedouro,312595205,Fervedouro,7153
3,Sudeste,31,Minas Gerais,3125952,Fervedouro,312595210,Bom Jesus do Madeira,939
3,Sudeste,31,Minas Gerais,3125952,Fervedouro,312595220,São Pedro do Glória,1382
3,Sudeste,31,Minas Gerais,3125952,Fervedouro,312595225,Samambaia da Paz,971
3,Sudeste,31,Minas Gerais,3126000,Florestal,312600005,Florestal,8045
3,Sudeste,31,Minas Gerais,3126109,Formiga,312610905,Formiga,64462
3,Sudeste,31,Minas Gerais,3126109,Formiga,312610910,Albertos,833
3,Sudeste,31,Minas Gerais,3126109,Formiga,312610915,Baiões,919
3,Sudeste,31,Minas Gerais,3126109,Formiga,312610925,Pontevila,2034
3,Sudeste,31,Minas Gerais,3126208,Formoso,312620805,Formoso,6898
3,Sudeste,31,Minas Gerais,3126208,Formoso,312620815,Goiasminas,1051
3,Sudeste,31,Minas Gerais,3126307,Fortaleza de Minas,312630705,Fortaleza de Minas,3477
3,Sudeste,31,Minas Gerais,3126406,Fortuna de Minas,312640605,Fortuna de Minas,3093
3,Sudeste,31,Minas Gerais,3126505,Francisco Badaró,312650505,Francisco Badaró,6383
3,Sudeste,31,Minas Gerais,3126505,Francisco Badaró,312650530,Tocoiós de Minas,983
3,Sudeste,31,Minas Gerais,3126604,Francisco Dumont,312660405,Francisco Dumont,3968
3,Sudeste,31,Minas Gerais,3126604,Francisco Dumont,312660410,Covancas,535
3,Sudeste,31,Minas Gerais,3126703,Francisco Sá,312670305,Francisco Sá,17139
3,Sudeste,31,Minas Gerais,3126703,Francisco Sá,312670310,Canabrava,3936
3,Sudeste,31,Minas Gerais,3126703,Francisco Sá,312670315,Catuni,2401
3,Sudeste,31,Minas Gerais,3126752,Franciscópolis,312675205,Franciscópolis,3897
3,Sudeste,31,Minas Gerais,3126752,Franciscópolis,312675210,Antônio Ferreira,1137
3,Sudeste,31,Minas Gerais,3126802,Frei Gaspar,312680205,Frei Gaspar,5640
3,Sudeste,31,Minas Gerais,3126901,Frei Inocêncio,312690105,Frei Inocêncio,8226
3,Sudeste,31,Minas Gerais,3126950,Frei Lagonegro,312695005,Frei Lagonegro,3391
3,Sudeste,31,Minas Gerais,3127008,Fronteira,312700805,Fronteira,13890
3,Sudeste,31,Minas Gerais,3127008,Fronteira,312700820,Santo Antônio do Rio Grande,650
3,Sudeste,31,Minas Gerais,3127057,Fronteira dos Vales,312705705,Fronteira dos Vales,4345
3,Sudeste,31,Minas Gerais,3127073,Fruta de Leite,312707305,Fruta de Leite,4647
3,Sudeste,31,Minas Gerais,3127107,Frutal,312710705,Frutal,56539
3,Sudeste,31,Minas Gerais,3127107,Frutal,312710710,Aparecida de Minas,2049
3,Sudeste,31,Minas Gerais,3127206,Funilândia,312720605,Funilândia,3358
3,Sudeste,31,Minas Gerais,3127206,Funilândia,312720610,Núcleo João Pinheiro,1328
3,Sudeste,31,Minas Gerais,3127305,Galiléia,312730505,Galiléia,4983
3,Sudeste,31,Minas Gerais,3127305,Galiléia,312730508,Santa Cruz de Galiléia,563
3,Sudeste,31,Minas Gerais,3127305,Galiléia,312730515,Sapucaia do Norte,676
3,Sudeste,31,Minas Gerais,3127339,Gameleiras,312733905,Gameleiras,3386
3,Sudeste,31,Minas Gerais,3127339,Gameleiras,312733915,Jacu das Piranhas,1407
3,Sudeste,31,Minas Gerais,3127354,Glaucilândia,312735405,Glaucilândia,2928
3,Sudeste,31,Minas Gerais,3127370,Goiabeira,312737005,Goiabeira,2830
3,Sudeste,31,Minas Gerais,3127388,Goianá,312738805,Goianá,4053
3,Sudeste,31,Minas Gerais,3127404,Gonçalves,312740405,Gonçalves,4727
3,Sudeste,31,Minas Gerais,3127503,Gonzaga,312750305,Gonzaga,4436
3,Sudeste,31,Minas Gerais,3127503,Gonzaga,312750310,Conceição da Brejaúba,794
3,Sudeste,31,Minas Gerais,3127602,Gouveia,312760205,Gouveia,10111
3,Sudeste,31,Minas Gerais,3127602,Gouveia,312760210,Vila Alexandre Mascarenhas,1220
3,Sudeste,31,Minas Gerais,3127701,Governador Valadares,312770105,Governador Valadares,243291
3,Sudeste,31,Minas Gerais,3127701,Governador Valadares,312770110,Alto de Santa Helena,225
3,Sudeste,31,Minas Gerais,3127701,Governador Valadares,312770115,Baguari,1641
3,Sudeste,31,Minas Gerais,3127701,Governador Valadares,312770120,Brejaubinha,579
3,Sudeste,31,Minas Gerais,3127701,Governador Valadares,312770125,Xonin,1417
3,Sudeste,31,Minas Gerais,3127701,Governador Valadares,312770128,Chonin de Baixo,1129
3,Sudeste,31,Minas Gerais,3127701,Governador Valadares,312770130,Derribadinha,192
3,Sudeste,31,Minas Gerais,3127701,Governador Valadares,312770135,Penha do Cassiano,830
3,Sudeste,31,Minas Gerais,3127701,Governador Valadares,312770137,Santo Antônio do Pontal,1649
3,Sudeste,31,Minas Gerais,3127701,Governador Valadares,312770140,Goiabal,1005
3,Sudeste,31,Minas Gerais,3127701,Governador Valadares,312770142,São José do Itapinoã,285
3,Sudeste,31,Minas Gerais,3127701,Governador Valadares,312770145,São Vítor,912
3,Sudeste,31,Minas Gerais,3127701,Governador Valadares,312770155,Vila Nova Floresta,2077
3,Sudeste,31,Minas Gerais,3127701,Governador Valadares,312770160,Córrego dos Melquíades,518
3,Sudeste,31,Minas Gerais,3127701,Governador Valadares,312770165,Córregos do Bernardo,666
3,Sudeste,31,Minas Gerais,3127701,Governador Valadares,312770170,Porto das Cachoeiras,394
3,Sudeste,31,Minas Gerais,3127701,Governador Valadares,312770175,Vila Nova Brasília,361
3,Sudeste,31,Minas Gerais,3127800,Grão Mogol,312780005,Grão Mogol,10122
3,Sudeste,31,Minas Gerais,3127800,Grão Mogol,312780010,Barrocão,1249
3,Sudeste,31,Minas Gerais,3127800,Grão Mogol,312780030,Vale das Cancelas,1676
3,Sudeste,31,Minas Gerais,3127800,Grão Mogol,312780035,Vila Sítio,854
3,Sudeste,31,Minas Gerais,3127909,Grupiara,312790905,Grupiara,1392
3,Sudeste,31,Minas Gerais,3128006,Guanhães,312800605,Guanhães,27347
3,Sudeste,31,Minas Gerais,3128006,Guanhães,312800610,Correntinho,1963
3,Sudeste,31,Minas Gerais,3128006,Guanhães,312800615,Farias,1065
3,Sudeste,31,Minas Gerais,3128006,Guanhães,312800620,Sapucaia de Guanhães,776
3,Sudeste,31,Minas Gerais,3128006,Guanhães,312800625,Taquaral de Guanhães,1093
3,Sudeste,31,Minas Gerais,3128105,Guapé,312810505,Guapé,13121
3,Sudeste,31,Minas Gerais,3128105,Guapé,312810510,Araúna,651
3,Sudeste,31,Minas Gerais,3128204,Guaraciaba,312820405,Guaraciaba,9753
3,Sudeste,31,Minas Gerais,3128253,Guaraciama,312825305,Guaraciama,5051
3,Sudeste,31,Minas Gerais,3128303,Guaranésia,312830305,Guaranésia,17244
3,Sudeste,31,Minas Gerais,3128303,Guaranésia,312830310,Santa Cruz do Prata,1906
3,Sudeste,31,Minas Gerais,3128402,Guarani,312840205,Guarani,7714
3,Sudeste,31,Minas Gerais,3128501,Guarará,312850105,Guarará,3149
3,Sudeste,31,Minas Gerais,3128600,Guarda-Mor,312860005,Guarda-Mor,6539
3,Sudeste,31,Minas Gerais,3128709,Guaxupé,312870905,Guaxupé,50911
3,Sudeste,31,Minas Gerais,3128808,Guidoval,312880805,Guidoval,7131
3,Sudeste,31,Minas Gerais,3128907,Guimarânia,312890705,Guimarânia,8478
3,Sudeste,31,Minas Gerais,3129004,Guiricema,312900405,Guiricema,5377
3,Sudeste,31,Minas Gerais,3129004,Guiricema,312900410,Tuiutinga,1422
3,Sudeste,31,Minas Gerais,3129004,Guiricema,312900415,Vilas Boas,979
3,Sudeste,31,Minas Gerais,3129103,Gurinhatã,312910305,Gurinhatã,3734
3,Sudeste,31,Minas Gerais,3129103,Gurinhatã,312910310,Flor de Minas,1458
3,Sudeste,31,Minas Gerais,3129202,Heliodora,312920205,Heliodora,6134
3,Sudeste,31,Minas Gerais,3129301,Iapu,312930105,Iapu,10791
3,Sudeste,31,Minas Gerais,3129301,Iapu,312930115,São Sebastião da Barra,1239
3,Sudeste,31,Minas Gerais,3129400,Ibertioga,312940005,Ibertioga,5198
3,Sudeste,31,Minas Gerais,3129509,Ibiá,312950905,Ibiá,20119
3,Sudeste,31,Minas Gerais,3129509,Ibiá,312950910,Argenita,847
3,Sudeste,31,Minas Gerais,3129509,Ibiá,312950915,Tobati,1263
3,Sudeste,31,Minas Gerais,3129608,Ibiaí,312960805,Ibiaí,5822
3,Sudeste,31,Minas Gerais,3129608,Ibiaí,312960815,Bom Jesus da Vereda,464
3,Sudeste,31,Minas Gerais,3129657,Ibiracatu,312965705,Ibiracatu,2737
3,Sudeste,31,Minas Gerais,3129657,Ibiracatu,312965710,Bonança,1282
3,Sudeste,31,Minas Gerais,3129657,Ibiracatu,312965715,Campo Alegre de Minas,1062
3,Sudeste,31,Minas Gerais,3129707,Ibiraci,312970705,Ibiraci,10948
3,Sudeste,31,Minas Gerais,3129806,Ibirité,312980605,Ibirité,90749
3,Sudeste,31,Minas Gerais,3129806,Ibirité,312980610,Parque Durval de Barros,79788
3,Sudeste,31,Minas Gerais,3129905,Ibitiúra de Minas,312990505,Ibitiúra de Minas,3365
3,Sudeste,31,Minas Gerais,3130002,Ibituruna,313000205,Ibituruna,2698
3,Sudeste,31,Minas Gerais,3130051,Icaraí de Minas,313005105,Icaraí de Minas,10677
3,Sudeste,31,Minas Gerais,3130101,Igarapé,313010105,Igarapé,45847
3,Sudeste,31,Minas Gerais,3130200,Igaratinga,313020005,Igaratinga,7341
3,Sudeste,31,Minas Gerais,3130200,Igaratinga,313020010,Antunes,3489
3,Sudeste,31,Minas Gerais,3130309,Iguatama,313030905,Iguatama,6563
3,Sudeste,31,Minas Gerais,3130309,Iguatama,313030915,Corguinhos,263
3,Sudeste,31,Minas Gerais,3130408,Ijaci,313040805,Ijaci,7003
3,Sudeste,31,Minas Gerais,3130507,Ilicínea,313050705,Ilicínea,12741
3,Sudeste,31,Minas Gerais,3130556,Imbé de Minas,313055605,Imbé de Minas,5197
3,Sudeste,31,Minas Gerais,3130556,Imbé de Minas,313055610,Manducas,830
3,Sudeste,31,Minas Gerais,3130556,Imbé de Minas,313055615,Graçópolis,959
3,Sudeste,31,Minas Gerais,3130606,Inconfidentes,313060605,Inconfidentes,7301
3,Sudeste,31,Minas Gerais,3130655,Indaiabira,313065505,Indaiabira,4084
3,Sudeste,31,Minas Gerais,3130655,Indaiabira,313065510,Barra de Alegria,2262
3,Sudeste,31,Minas Gerais,3130705,Indianópolis,313070505,Indianópolis,6171
3,Sudeste,31,Minas Gerais,3130804,Ingaí,313080405,Ingaí,2580
3,Sudeste,31,Minas Gerais,3130903,Inhapim,313090305,Inhapim,14635
3,Sudeste,31,Minas Gerais,3130903,Inhapim,313090307,Bom Jesus do Rio Preto,747
3,Sudeste,31,Minas Gerais,3130903,Inhapim,313090310,Itajutiba,404
3,Sudeste,31,Minas Gerais,3130903,Inhapim,313090313,Jerusalém,434
3,Sudeste,31,Minas Gerais,3130903,Inhapim,313090316,Macadame,641
3,Sudeste,31,Minas Gerais,3130903,Inhapim,313090319,Novo Horizonte de Inhapim,447
3,Sudeste,31,Minas Gerais,3130903,Inhapim,313090321,Santo Antônio do Alegre,1288
3,Sudeste,31,Minas Gerais,3130903,Inhapim,313090323,São Tomé de Minas,539
3,Sudeste,31,Minas Gerais,3130903,Inhapim,313090325,Tabajara,1104
3,Sudeste,31,Minas Gerais,3130903,Inhapim,313090330,Córrego Januário,1115
3,Sudeste,31,Minas Gerais,3130903,Inhapim,313090335,São José do Peixe de Inhapim,339
3,Sudeste,31,Minas Gerais,3130903,Inhapim,313090340,São José do Taquaral,999
3,Sudeste,31,Minas Gerais,3131000,Inhaúma,313100005,Inhaúma,6239
3,Sudeste,31,Minas Gerais,3131109,Inimutaba,313110905,Inimutaba,7371
3,Sudeste,31,Minas Gerais,3131158,Ipaba,313115805,Ipaba,14909
3,Sudeste,31,Minas Gerais,3131158,Ipaba,313115815,Vale Verde de Minas,2227
3,Sudeste,31,Minas Gerais,3131208,Ipanema,313120805,Ipanema,19522
3,Sudeste,31,Minas Gerais,3131307,Ipatinga,313130705,Ipatinga,140197
3,Sudeste,31,Minas Gerais,3131307,Ipatinga,313130710,Barra Alegre,87534
3,Sudeste,31,Minas Gerais,3131406,Ipiaçu,313140605,Ipiaçu,3775
3,Sudeste,31,Minas Gerais,3131505,Ipuiúna,313150505,Ipuiúna,9135
3,Sudeste,31,Minas Gerais,3131604,Iraí de Minas,313160405,Iraí de Minas,7180
3,Sudeste,31,Minas Gerais,3131703,Itabira,313170305,Itabira,108076
3,Sudeste,31,Minas Gerais,3131703,Itabira,313170310,Ipoema,2517
3,Sudeste,31,Minas Gerais,3131703,Itabira,313170315,Senhora do Carmo,2750
3,Sudeste,31,Minas Gerais,3131802,Itabirinha,313180205,Itabirinha,7761
3,Sudeste,31,Minas Gerais,3131802,Itabirinha,313180210,Boa União de Itabirinha,1414
3,Sudeste,31,Minas Gerais,3131802,Itabirinha,313180215,São Sebastião do Itabira,1187
3,Sudeste,31,Minas Gerais,3131901,Itabirito,313190105,Itabirito,50998
3,Sudeste,31,Minas Gerais,3131901,Itabirito,313190110,Acuruí,467
3,Sudeste,31,Minas Gerais,3131901,Itabirito,313190115,Bação,1236
3,Sudeste,31,Minas Gerais,3131901,Itabirito,313190120,São Gonçalo do Monte,664
3,Sudeste,31,Minas Gerais,3132008,Itacambira,313200805,Itacambira,3426
3,Sudeste,31,Minas Gerais,3132008,Itacambira,313200810,São José do Rio Preto de Minas,826
3,Sudeste,31,Minas Gerais,3132107,Itacarambi,313210705,Itacarambi,17208
3,Sudeste,31,Minas Gerais,3132206,Itaguara,313220605,Itaguara,13846
3,Sudeste,31,Minas Gerais,3132305,Itaipé,313230505,Itaipé,10463
3,Sudeste,31,Minas Gerais,3132404,Itajubá,313240405,Itajubá,91521
3,Sudeste,31,Minas Gerais,3132404,Itajubá,313240460,Lourenço Velho,1552
3,Sudeste,31,Minas Gerais,3132503,Itamarandiba,313250305,Itamarandiba,23691
3,Sudeste,31,Minas Gerais,3132503,Itamarandiba,313250313,Contrato,2210
3,Sudeste,31,Minas Gerais,3132503,Itamarandiba,313250314,Dom Serafim,612
3,Sudeste,31,Minas Gerais,3132503,Itamarandiba,313250315,Padre João Afonso,1928
3,Sudeste,31,Minas Gerais,3132503,Itamarandiba,313250320,Penha de França,1729
3,Sudeste,31,Minas Gerais,3132503,Itamarandiba,313250325,Santa Joana,1209
3,Sudeste,31,Minas Gerais,3132503,Itamarandiba,313250330,Santa Luzia de Minas,847
3,Sudeste,31,Minas Gerais,3132503,Itamarandiba,313250335,Várzea de Santo Antônio,722
3,Sudeste,31,Minas Gerais,3132602,Itamarati de Minas,313260205,Itamarati de Minas,3690
3,Sudeste,31,Minas Gerais,3132701,Itambacuri,313270105,Itambacuri,18670
3,Sudeste,31,Minas Gerais,3132701,Itambacuri,313270110,Frei Serafim,1688
3,Sudeste,31,Minas Gerais,3132701,Itambacuri,313270115,Guarataia,684
3,Sudeste,31,Minas Gerais,3132800,Itambé do Mato Dentro,313280005,Itambé do Mato Dentro,2142
3,Sudeste,31,Minas Gerais,3132909,Itamogi,313290905,Itamogi,10770
3,Sudeste,31,Minas Gerais,3133006,Itamonte,313300605,Itamonte,14786
3,Sudeste,31,Minas Gerais,3133105,Itanhandu,313310505,Itanhandu,15236
3,Sudeste,31,Minas Gerais,3133204,Itanhomi,313320405,Itanhomi,9053
3,Sudeste,31,Minas Gerais,3133204,Itanhomi,313320415,Edgard Melo,619
3,Sudeste,31,Minas Gerais,3133204,Itanhomi,313320420,Santa Luzia do Carneiro,445
3,Sudeste,31,Minas Gerais,3133204,Itanhomi,313320425,São Francisco do Jataí,1011
3,Sudeste,31,Minas Gerais,3133303,Itaobim,313330305,Itaobim,19151
3,Sudeste,31,Minas Gerais,3133402,Itapagipe,313340205,Itapagipe,13690
3,Sudeste,31,Minas Gerais,3133501,Itapecerica,313350105,Itapecerica,16352
3,Sudeste,31,Minas Gerais,3133501,Itapecerica,313350110,Lamounier,1768
3,Sudeste,31,Minas Gerais,3133501,Itapecerica,313350115,Marilândia,1877
3,Sudeste,31,Minas Gerais,3133501,Itapecerica,313350120,Neolândia,1049
3,Sudeste,31,Minas Gerais,3133600,Itapeva,313360005,Itapeva,11158
3,Sudeste,31,Minas Gerais,3133600,Itapeva,313360010,Areias de Itapeva,895
3,Sudeste,31,Minas Gerais,3133600,Itapeva,313360035,Tropical Flores,639
3,Sudeste,31,Minas Gerais,3133709,Itatiaiuçu,313370905,Itatiaiuçu,9243
3,Sudeste,31,Minas Gerais,3133709,Itatiaiuçu,313370910,Santa Terezinha de Minas,3723
3,Sudeste,31,Minas Gerais,3133758,Itaú de Minas,313375805,Itaú de Minas,14406
3,Sudeste,31,Minas Gerais,3133808,Itaúna,313380805,Itaúna,97669
3,Sudeste,31,Minas Gerais,3133907,Itaverava,313390705,Itaverava,3612
3,Sudeste,31,Minas Gerais,3133907,Itaverava,313390710,Monsenhor Isidro,2030
3,Sudeste,31,Minas Gerais,3134004,Itinga,313400405,Itinga,10127
3,Sudeste,31,Minas Gerais,3134004,Itinga,313400410,Jacaré,841
3,Sudeste,31,Minas Gerais,3134004,Itinga,313400420,Taquaral de Minas,2777
3,Sudeste,31,Minas Gerais,3134103,Itueta,313410305,Itueta,3444
3,Sudeste,31,Minas Gerais,3134103,Itueta,313410310,Quatituba,2611
3,Sudeste,31,Minas Gerais,3134202,Ituiutaba,313420205,Ituiutaba,102217
3,Sudeste,31,Minas Gerais,3134301,Itumirim,313430105,Itumirim,3425
3,Sudeste,31,Minas Gerais,3134301,Itumirim,313430110,Macuco de Minas,2423
3,Sudeste,31,Minas Gerais,3134301,Itumirim,313430120,Rosário do Rio Grande,790
3,Sudeste,31,Minas Gerais,3134400,Iturama,313440005,Iturama,36487
3,Sudeste,31,Minas Gerais,3134400,Iturama,313440010,Alexandrita,1808
3,Sudeste,31,Minas Gerais,3134509,Itutinga,313450905,Itutinga,4217
3,Sudeste,31,Minas Gerais,3134608,Jaboticatubas,313460805,Jaboticatubas,12239
3,Sudeste,31,Minas Gerais,3134608,Jaboticatubas,313460810,Almeida,8167
3,Sudeste,31,Minas Gerais,3134707,Jacinto,313470705,Jacinto,7782
3,Sudeste,31,Minas Gerais,3134707,Jacinto,313470707,Avaí do Jacinto,1595
3,Sudeste,31,Minas Gerais,3134707,Jacinto,313470710,Jaguarão,1665
3,Sudeste,31,Minas Gerais,3134806,Jacuí,313480605,Jacuí,7495
3,Sudeste,31,Minas Gerais,3134905,Jacutinga,313490505,Jacutinga,22973
3,Sudeste,31,Minas Gerais,3134905,Jacutinga,313490510,São Sebastião dos Robertos,1010
3,Sudeste,31,Minas Gerais,3134905,Jacutinga,313490515,Sapucaí,835
3,Sudeste,31,Minas Gerais,3134905,Jacutinga,313490520,São Luiz Gonzaga,707
3,Sudeste,31,Minas Gerais,3135001,Jaguaraçu,313500105,Jaguaraçu,1610
3,Sudeste,31,Minas Gerais,3135001,Jaguaraçu,313500116,Lagoa de Pau,1037
3,Sudeste,31,Minas Gerais,3135001,Jaguaraçu,313500120,Lavrinha de Jaguaraçu,445
3,Sudeste,31,Minas Gerais,3135050,Jaíba,313505005,Jaíba,37660
3,Sudeste,31,Minas Gerais,3135076,Jampruca,313507605,Jampruca,3283
3,Sudeste,31,Minas Gerais,3135076,Jampruca,313507615,São Sebastião do Barroso,1013
3,Sudeste,31,Minas Gerais,3135100,Janaúba,313510005,Janaúba,64879
3,Sudeste,31,Minas Gerais,3135100,Janaúba,313510010,Barreiro da Raiz,1436
3,Sudeste,31,Minas Gerais,3135100,Janaúba,313510015,Quem-Quem,1882
3,Sudeste,31,Minas Gerais,3135100,Janaúba,313510020,Vila Nova dos Poções,2502
3,Sudeste,31,Minas Gerais,3135209,Januária,313520905,Januária,40757
3,Sudeste,31,Minas Gerais,3135209,Januária,313520915,Brejo do Amparo,2926
3,Sudeste,31,Minas Gerais,3135209,Januária,313520925,Levinópolis,2813
3,Sudeste,31,Minas Gerais,3135209,Januária,313520933,Pandeiros,3170
3,Sudeste,31,Minas Gerais,3135209,Januária,313520935,Riacho da Cruz,5212
3,Sudeste,31,Minas Gerais,3135209,Januária,313520940,São Joaquim,3276
3,Sudeste,31,Minas Gerais,3135209,Januária,313520945,Tejuco,3903
3,Sudeste,31,Minas Gerais,3135209,Januária,313520950,Várzea Bonita,3093
3,Sudeste,31,Minas Gerais,3135308,Japaraíba,313530805,Japaraíba,4506
3,Sudeste,31,Minas Gerais,3135357,Japonvar,313535705,Japonvar,5962
3,Sudeste,31,Minas Gerais,3135357,Japonvar,313535720,Nova Minda,2165
3,Sudeste,31,Minas Gerais,3135407,Jeceaba,313540705,Jeceaba,3971
3,Sudeste,31,Minas Gerais,3135407,Jeceaba,313540710,Bituri,577
3,Sudeste,31,Minas Gerais,3135407,Jeceaba,313540715,Caetano Lopes,277
3,Sudeste,31,Minas Gerais,3135407,Jeceaba,313540720,Machados de Minas,1372
3,Sudeste,31,Minas Gerais,3135456,Jenipapo de Minas,313545605,Jenipapo de Minas,6100
3,Sudeste,31,Minas Gerais,3135506,Jequeri,313550605,Jequeri,6289
3,Sudeste,31,Minas Gerais,3135506,Jequeri,313550610,Grota,1556
3,Sudeste,31,Minas Gerais,3135506,Jequeri,313550615,Piscamba,1849
3,Sudeste,31,Minas Gerais,3135506,Jequeri,313550617,Pouso Alegre da Mata,890
3,Sudeste,31,Minas Gerais,3135506,Jequeri,313550620,São Vicente do Grama,1835
3,Sudeste,31,Minas Gerais,3135605,Jequitaí,313560505,Jequitaí,6484
3,Sudeste,31,Minas Gerais,3135704,Jequitibá,313570405,Jequitibá,5377
3,Sudeste,31,Minas Gerais,3135704,Jequitibá,313570410,Doutor Campolina,506
3,Sudeste,31,Minas Gerais,3135803,Jequitinhonha,313580305,Jequitinhonha,20481
3,Sudeste,31,Minas Gerais,3135803,Jequitinhonha,313580310,Guaranilândia,794
3,Sudeste,31,Minas Gerais,3135803,Jequitinhonha,313580315,São Pedro do Jequitinhonha,2732
3,Sudeste,31,Minas Gerais,3135902,Jesuânia,313590205,Jesuânia,5138
3,Sudeste,31,Minas Gerais,3136009,Joaíma,313600905,Joaíma,11151
3,Sudeste,31,Minas Gerais,3136009,Joaíma,313600907,Giru,2737
3,Sudeste,31,Minas Gerais,3136108,Joanésia,313610805,Joanésia,4329
3,Sudeste,31,Minas Gerais,3136207,João Monlevade,313620705,João Monlevade,80187
3,Sudeste,31,Minas Gerais,3136306,João Pinheiro,313630605,João Pinheiro,39987
3,Sudeste,31,Minas Gerais,3136306,João Pinheiro,313630610,Caatinga,514
3,Sudeste,31,Minas Gerais,3136306,João Pinheiro,313630615,Canabrava,2768
3,Sudeste,31,Minas Gerais,3136306,João Pinheiro,313630617,Luizlândia do Oeste,1560
3,Sudeste,31,Minas Gerais,3136306,João Pinheiro,313630620,Olhos d'Água do Oeste,768
3,Sudeste,31,Minas Gerais,3136306,João Pinheiro,313630623,Santa Luzia da Serra,446
3,Sudeste,31,Minas Gerais,3136306,João Pinheiro,313630625,Veredas,758
3,Sudeste,31,Minas Gerais,3136405,Joaquim Felício,313640505,Joaquim Felício,3854
3,Sudeste,31,Minas Gerais,3136504,Jordânia,313650405,Jordânia,7991
3,Sudeste,31,Minas Gerais,3136504,Jordânia,313650410,Estrela de Jordânia,2313
3,Sudeste,31,Minas Gerais,3136520,José Gonçalves de Minas,313652005,José Gonçalves de Minas,3969
3,Sudeste,31,Minas Gerais,3136553,José Raydan,313655305,José Raydan,4268
3,Sudeste,31,Minas Gerais,3136579,Josenópolis,313657905,Josenópolis,3630
3,Sudeste,31,Minas Gerais,3136603,Nova União,313660305,Nova União,5909
3,Sudeste,31,Minas Gerais,3136652,Juatuba,313665205,Juatuba,22920
3,Sudeste,31,Minas Gerais,3136652,Juatuba,313665210,Boa Vista da Serra,2129
3,Sudeste,31,Minas Gerais,3136652,Juatuba,313665215,Francelinos,5667
3,Sudeste,31,Minas Gerais,3136702,Juiz de Fora,313670205,Juiz de Fora,533220
3,Sudeste,31,Minas Gerais,3136702,Juiz de Fora,313670260,Rosário de Minas,939
3,Sudeste,31,Minas Gerais,3136702,Juiz de Fora,313670270,Sarandira,311
3,Sudeste,31,Minas Gerais,3136702,Juiz de Fora,313670280,Torreões,1386
3,Sudeste,31,Minas Gerais,3136702,Juiz de Fora,313670282,Caetés de Minas,857
3,Sudeste,31,Minas Gerais,3136702,Juiz de Fora,313670284,Humaitá de Minas,1129
3,Sudeste,31,Minas Gerais,3136702,Juiz de Fora,313670286,Monte Verde de Minas,1141
3,Sudeste,31,Minas Gerais,3136702,Juiz de Fora,313670288,Penido,488
3,Sudeste,31,Minas Gerais,3136702,Juiz de Fora,313670290,Valadares,1285
3,Sudeste,31,Minas Gerais,3136801,Juramento,313680105,Juramento,3768
3,Sudeste,31,Minas Gerais,3136900,Juruaia,313690005,Juruaia,10118
3,Sudeste,31,Minas Gerais,3136900,Juruaia,313690010,Mata do Sino,966
3,Sudeste,31,Minas Gerais,3136959,Juvenília,313695905,Juvenília,3409
3,Sudeste,31,Minas Gerais,3136959,Juvenília,313695915,Monte Rei,1063
3,Sudeste,31,Minas Gerais,3136959,Juvenília,313695920,Porto Agrário,1317
3,Sudeste,31,Minas Gerais,3137007,Ladainha,313700705,Ladainha,9967
3,Sudeste,31,Minas Gerais,3137007,Ladainha,313700710,Concórdia do Mucuri,4416
3,Sudeste,31,Minas Gerais,3137106,Lagamar,313710605,Lagamar,4984
3,Sudeste,31,Minas Gerais,3137106,Lagamar,313710620,São Brás de Minas,1647
3,Sudeste,31,Minas Gerais,3137205,Lagoa da Prata,313720505,Lagoa da Prata,50998
3,Sudeste,31,Minas Gerais,3137205,Lagoa da Prata,313720515,Martins Guimarães,414
3,Sudeste,31,Minas Gerais,3137304,Lagoa dos Patos,313730405,Lagoa dos Patos,3313
3,Sudeste,31,Minas Gerais,3137403,Lagoa Dourada,313740305,Lagoa Dourada,12769
3,Sudeste,31,Minas Gerais,3137502,Lagoa Formosa,313750205,Lagoa Formosa,17525
3,Sudeste,31,Minas Gerais,3137502,Lagoa Formosa,313750207,Limeira de Minas,337
3,Sudeste,31,Minas Gerais,3137502,Lagoa Formosa,313750210,Monjolinho de Minas,1042
3,Sudeste,31,Minas Gerais,3137536,Lagoa Grande,313753605,Lagoa Grande,8969
3,Sudeste,31,Minas Gerais,3137601,Lagoa Santa,313760105,Lagoa Santa,67818
3,Sudeste,31,Minas Gerais,3137601,Lagoa Santa,313760114,Lagoinha de Fora,780
3,Sudeste,31,Minas Gerais,3137601,Lagoa Santa,313760115,Lapinha,6547
3,Sudeste,31,Minas Gerais,3137700,Lajinha,313770005,Lajinha,16336
3,Sudeste,31,Minas Gerais,3137700,Lajinha,313770020,Prata de Lajinha,4499
3,Sudeste,31,Minas Gerais,3137809,Lambari,313780905,Lambari,20414
3,Sudeste,31,Minas Gerais,3137908,Lamim,313790805,Lamim,3184
3,Sudeste,31,Minas Gerais,3138005,Laranjal,313800505,Laranjal,5485
3,Sudeste,31,Minas Gerais,3138005,Laranjal,313800510,São João da Sapucaia,478
3,Sudeste,31,Minas Gerais,3138104,Lassance,313810405,Lassance,7124
3,Sudeste,31,Minas Gerais,3138203,Lavras,313820305,Lavras,104761
3,Sudeste,31,Minas Gerais,3138302,Leandro Ferreira,313830205,Leandro Ferreira,3199
3,Sudeste,31,Minas Gerais,3138351,Leme do Prado,313835105,Leme do Prado,2831
3,Sudeste,31,Minas Gerais,3138351,Leme do Prado,313835110,Acauã de Minas,945
3,Sudeste,31,Minas Gerais,3138351,Leme do Prado,313835120,Posses,565
3,Sudeste,31,Minas Gerais,3138401,Leopoldina,313840105,Leopoldina,45440
3,Sudeste,31,Minas Gerais,3138401,Leopoldina,313840110,Abaíba,319
3,Sudeste,31,Minas Gerais,3138401,Leopoldina,313840115,Piacatuba,1381
3,Sudeste,31,Minas Gerais,3138401,Leopoldina,313840120,Providência,974
3,Sudeste,31,Minas Gerais,3138401,Leopoldina,313840125,Ribeiro Junqueira,1474
3,Sudeste,31,Minas Gerais,3138401,Leopoldina,313840130,Tebas,1557
3,Sudeste,31,Minas Gerais,3138500,Liberdade,313850005,Liberdade,4737
3,Sudeste,31,Minas Gerais,3138609,Lima Duarte,313860905,Lima Duarte,15015
3,Sudeste,31,Minas Gerais,3138609,Lima Duarte,313860910,Conceição da Ibitipoca,1195
3,Sudeste,31,Minas Gerais,3138609,Lima Duarte,313860915,São Domingos da Bocaina,500
3,Sudeste,31,Minas Gerais,3138609,Lima Duarte,313860920,São José dos Lopes,511
3,Sudeste,31,Minas Gerais,3138625,Limeira do Oeste,313862505,Limeira do Oeste,8687
3,Sudeste,31,Minas Gerais,3138658,Lontra,313865805,Lontra,7199
3,Sudeste,31,Minas Gerais,3138658,Lontra,313865815,Umbuzeiro,1591
3,Sudeste,31,Minas Gerais,3138674,Luisburgo,313867405,Luisburgo,6956
3,Sudeste,31,Minas Gerais,3138682,Luislândia,313868205,Luislândia,4979
3,Sudeste,31,Minas Gerais,3138682,Luislândia,313868225,São Judas Tadeu de Minas,1231
3,Sudeste,31,Minas Gerais,3138708,Luminárias,313870805,Luminárias,5586
3,Sudeste,31,Minas Gerais,3138807,Luz,313880705,Luz,17080
3,Sudeste,31,Minas Gerais,3138807,Luz,313880710,Esteios,795
3,Sudeste,31,Minas Gerais,3138906,Machacalis,313890605,Machacalis,6487
3,Sudeste,31,Minas Gerais,3139003,Machado,313900305,Machado,36061
3,Sudeste,31,Minas Gerais,3139003,Machado,313900310,Douradinho,1623
3,Sudeste,31,Minas Gerais,3139102,Madre de Deus de Minas,313910205,Madre de Deus de Minas,5191
3,Sudeste,31,Minas Gerais,3139201,Malacacheta,313920105,Malacacheta,13554
3,Sudeste,31,Minas Gerais,3139201,Malacacheta,313920120,Jaguaritira,1592
3,Sudeste,31,Minas Gerais,3139201,Malacacheta,313920125,Junco de Minas,1130
3,Sudeste,31,Minas Gerais,3139201,Malacacheta,313920130,Santo Antônio do Mucuri,1240
3,Sudeste,31,Minas Gerais,3139250,Mamonas,313925005,Mamonas,5700
3,Sudeste,31,Minas Gerais,3139250,Mamonas,313925010,Barrinha,297
3,Sudeste,31,Minas Gerais,3139300,Manga,313930005,Manga,16488
3,Sudeste,31,Minas Gerais,3139300,Manga,313930020,Nhandutiba,2398
3,Sudeste,31,Minas Gerais,3139409,Manhuaçu,313940905,Manhuaçu,65274
3,Sudeste,31,Minas Gerais,3139409,Manhuaçu,313940907,Dom Corrêa,3261
3,Sudeste,31,Minas Gerais,3139409,Manhuaçu,313940911,Ponte do Silva,2765
3,Sudeste,31,Minas Gerais,3139409,Manhuaçu,313940913,Palmeiras do Manhuaçu,2061
3,Sudeste,31,Minas Gerais,3139409,Manhuaçu,313940914,Realeza,1412
3,Sudeste,31,Minas Gerais,3139409,Manhuaçu,313940925,São Pedro do Avaí,3841
3,Sudeste,31,Minas Gerais,3139409,Manhuaçu,313940930,São Sebastião do Sacramento,4150
3,Sudeste,31,Minas Gerais,3139409,Manhuaçu,313940940,Vilanova,5657
3,Sudeste,31,Minas Gerais,3139409,Manhuaçu,313940945,Santo Amaro de Minas,3465
3,Sudeste,31,Minas Gerais,3139508,Manhumirim,313950805,Manhumirim,20613
3,Sudeste,31,Minas Gerais,3139607,Mantena,313960705,Mantena,23137
3,Sudeste,31,Minas Gerais,3139607,Mantena,313960710,Barra do Ariranha,2396
3,Sudeste,31,Minas Gerais,3139607,Mantena,313960715,Limeira de Mantena,1002
3,Sudeste,31,Minas Gerais,3139706,Maravilhas,313970605,Maravilhas,7333
3,Sudeste,31,Minas Gerais,3139805,Mar de Espanha,313980505,Mar de Espanha,12125
3,Sudeste,31,Minas Gerais,3139805,Mar de Espanha,313980510,Engenho Novo,332
3,Sudeste,31,Minas Gerais,3139805,Mar de Espanha,313980515,Saudade,264
3,Sudeste,31,Minas Gerais,3139904,Maria da Fé,313990405,Maria da Fé,10650
3,Sudeste,31,Minas Gerais,3139904,Maria da Fé,313990410,Pintos Negreiros,1038
3,Sudeste,31,Minas Gerais,3139904,Maria da Fé,313990415,São João de Maria da Fé,746
3,Sudeste,31,Minas Gerais,3139904,Maria da Fé,313990420,Posses de Maria da Fé,928
3,Sudeste,31,Minas Gerais,3139904,Maria da Fé,313990425,Mata do Isidoro,885
3,Sudeste,31,Minas Gerais,3140001,Mariana,314000105,Mariana,45648
3,Sudeste,31,Minas Gerais,3140001,Mariana,314000110,Bandeirantes,1148
3,Sudeste,31,Minas Gerais,3140001,Mariana,314000115,Cachoeira do Brumado,2703
3,Sudeste,31,Minas Gerais,3140001,Mariana,314000120,Camargos,130
3,Sudeste,31,Minas Gerais,3140001,Mariana,314000125,Cláudio Manuel,1006
3,Sudeste,31,Minas Gerais,3140001,Mariana,314000130,Furquim,1546
3,Sudeste,31,Minas Gerais,3140001,Mariana,314000135,Monsenhor Horta,1766
3,Sudeste,31,Minas Gerais,3140001,Mariana,314000140,Padre Viegas,2241
3,Sudeste,31,Minas Gerais,3140001,Mariana,314000145,Passagem de Mariana,3798
3,Sudeste,31,Minas Gerais,3140001,Mariana,314000150,Santa Rita Durão,1401
3,Sudeste,31,Minas Gerais,3140100,Marilac,314010005,Marilac,4224
3,Sudeste,31,Minas Gerais,3140159,Mário Campos,314015905,Mário Campos,15900
3,Sudeste,31,Minas Gerais,3140209,Maripá de Minas,314020905,Maripá de Minas,3387
3,Sudeste,31,Minas Gerais,3140308,Marliéria,314030805,Marliéria,1645
3,Sudeste,31,Minas Gerais,3140308,Marliéria,314030815,Cava Grande,2947
3,Sudeste,31,Minas Gerais,3140407,Marmelópolis,314040705,Marmelópolis,3200
3,Sudeste,31,Minas Gerais,3140506,Martinho Campos,314050605,Martinho Campos,9370
3,Sudeste,31,Minas Gerais,3140506,Martinho Campos,314050610,Alberto Isaacson,1525
3,Sudeste,31,Minas Gerais,3140506,Martinho Campos,314050615,Ibitira,2603
3,Sudeste,31,Minas Gerais,3140506,Martinho Campos,314050620,Buriti Grande,505
3,Sudeste,31,Minas Gerais,3140530,Martins Soares,314053005,Martins Soares,6631
3,Sudeste,31,Minas Gerais,3140530,Martins Soares,314053020,Pinheiro de Minas,1765
3,Sudeste,31,Minas Gerais,3140555,Mata Verde,314055505,Mata Verde,9112
3,Sudeste,31,Minas Gerais,3140605,Materlândia,314060505,Materlândia,3963
3,Sudeste,31,Minas Gerais,3140704,Mateus Leme,314070405,Mateus Leme,30711
3,Sudeste,31,Minas Gerais,3140704,Mateus Leme,314070410,Azurita,3307
3,Sudeste,31,Minas Gerais,3140704,Mateus Leme,314070420,Serra Azul,3823
3,Sudeste,31,Minas Gerais,3140803,Matias Barbosa,314080305,Matias Barbosa,14121
3,Sudeste,31,Minas Gerais,3140852,Matias Cardoso,314085205,Matias Cardoso,7443
3,Sudeste,31,Minas Gerais,3140852,Matias Cardoso,314085235,Rio Verde de Minas,1452
3,Sudeste,31,Minas Gerais,3140902,Matipó,314090205,Matipó,16063
3,Sudeste,31,Minas Gerais,3140902,Matipó,314090210,Padre Fialho,2489
3,Sudeste,31,Minas Gerais,3141009,Mato Verde,314100905,Mato Verde,11423
3,Sudeste,31,Minas Gerais,3141009,Mato Verde,314100910,São João do Bonito,615
3,Sudeste,31,Minas Gerais,3141108,Matozinhos,314110805,Matozinhos,34838
3,Sudeste,31,Minas Gerais,3141108,Matozinhos,314110810,Mocambeiro,2780
3,Sudeste,31,Minas Gerais,3141207,Matutina,314120705,Matutina,3814
3,Sudeste,31,Minas Gerais,3141306,Medeiros,314130605,Medeiros,3900
3,Sudeste,31,Minas Gerais,3141405,Medina,314140505,Medina,19301
3,Sudeste,31,Minas Gerais,3141405,Medina,314140510,Tuparecê,855
3,Sudeste,31,Minas Gerais,3141504,Mendes Pimentel,314150405,Mendes Pimentel,5606
3,Sudeste,31,Minas Gerais,3141603,Mercês,314160305,Mercês,10373
3,Sudeste,31,Minas Gerais,3141702,Mesquita,314170205,Mesquita,4103
3,Sudeste,31,Minas Gerais,3141702,Mesquita,314170211,Barra Grande de Mesquita,937
3,Sudeste,31,Minas Gerais,3141801,Minas Novas,314180105,Minas Novas,12087
3,Sudeste,31,Minas Gerais,3141801,Minas Novas,314180106,Baixa Quente,2589
3,Sudeste,31,Minas Gerais,3141801,Minas Novas,314180115,Cruzinha,3591
3,Sudeste,31,Minas Gerais,3141801,Minas Novas,314180120,Lagoa Grande de Minas Novas,3486
3,Sudeste,31,Minas Gerais,3141801,Minas Novas,314180125,Ribeirão da Folha,2652
3,Sudeste,31,Minas Gerais,3141900,Minduri,314190005,Minduri,3741
3,Sudeste,31,Minas Gerais,3142007,Mirabela,314200705,Mirabela,11746
3,Sudeste,31,Minas Gerais,3142007,Mirabela,314200710,Muquém,1044
3,Sudeste,31,Minas Gerais,3142007,Mirabela,314200720,São Bento de Mirabela,861
3,Sudeste,31,Minas Gerais,3142106,Miradouro,314210605,Miradouro,6335
3,Sudeste,31,Minas Gerais,3142106,Miradouro,314210610,Serrania do Brigadeiro,515
3,Sudeste,31,Minas Gerais,3142106,Miradouro,314210615,Varginha de Miradouro,598
3,Sudeste,31,Minas Gerais,3142106,Miradouro,314210620,Santa Cruz do Monte Alverne,994
3,Sudeste,31,Minas Gerais,3142106,Miradouro,314210625,Santa Bárbara de Miradouro,526
3,Sudeste,31,Minas Gerais,3142205,Miraí,314220505,Miraí,11384
3,Sudeste,31,Minas Gerais,3142205,Miraí,314220510,Dores da Vitória,1037
3,Sudeste,31,Minas Gerais,3142205,Miraí,314220520,São José do Alegre de Miraí,480
3,Sudeste,31,Minas Gerais,3142205,Miraí,314220525,Santo Antônio do Rio Preto,732
3,Sudeste,31,Minas Gerais,3142254,Miravânia,314225405,Miravânia,1786
3,Sudeste,31,Minas Gerais,3142254,Miravânia,314225410,Brejão de Miravânia,1067
3,Sudeste,31,Minas Gerais,3142254,Miravânia,314225415,Panelinhas,543
3,Sudeste,31,Minas Gerais,3142254,Miravânia,314225420,Virgínio,589
3,Sudeste,31,Minas Gerais,3142304,Moeda,314230405,Moeda,4480
3,Sudeste,31,Minas Gerais,3142304,Moeda,314230410,Coco,645
3,Sudeste,31,Minas Gerais,3142403,Moema,314240305,Moema,7548
3,Sudeste,31,Minas Gerais,3142502,Monjolos,314250205,Monjolos,1442
3,Sudeste,31,Minas Gerais,3142502,Monjolos,314250210,Rodeador,727
3,Sudeste,31,Minas Gerais,3142601,Monsenhor Paulo,314260105,Monsenhor Paulo,8340
3,Sudeste,31,Minas Gerais,3142700,Montalvânia,314270005,Montalvânia,8520
3,Sudeste,31,Minas Gerais,3142700,Montalvânia,314270020,Pitarana,1028
3,Sudeste,31,Minas Gerais,3142700,Montalvânia,314270025,São Sebastião dos Poções,1462
3,Sudeste,31,Minas Gerais,3142700,Montalvânia,314270030,Capitania,3050
3,Sudeste,31,Minas Gerais,3142809,Monte Alegre de Minas,314280905,Monte Alegre de Minas,20170
3,Sudeste,31,Minas Gerais,3142908,Monte Azul,314290805,Monte Azul,20328
3,Sudeste,31,Minas Gerais,3143005,Monte Belo,314300505,Monte Belo,10464
3,Sudeste,31,Minas Gerais,3143005,Monte Belo,314300510,Juréia,1532
3,Sudeste,31,Minas Gerais,3143005,Monte Belo,314300515,Santa Cruz da Aparecida,1050
3,Sudeste,31,Minas Gerais,3143104,Monte Carmelo,314310405,Monte Carmelo,45050
3,Sudeste,31,Minas Gerais,3143104,Monte Carmelo,314310410,Celso Bueno,2642
3,Sudeste,31,Minas Gerais,3143153,Monte Formoso,314315305,Monte Formoso,4381
3,Sudeste,31,Minas Gerais,3143203,Monte Santo de Minas,314320305,Monte Santo de Minas,19132
3,Sudeste,31,Minas Gerais,3143203,Monte Santo de Minas,314320310,Milagre,1758
3,Sudeste,31,Minas Gerais,3143302,Montes Claros,314330205,Montes Claros,401766
3,Sudeste,31,Minas Gerais,3143302,Montes Claros,314330208,Aparecida do Mundo Novo,815
3,Sudeste,31,Minas Gerais,3143302,Montes Claros,314330210,Ermidinha,1135
3,Sudeste,31,Minas Gerais,3143302,Montes Claros,314330215,Miralta,650
3,Sudeste,31,Minas Gerais,3143302,Montes Claros,314330220,Nova Esperança,3968
3,Sudeste,31,Minas Gerais,3143302,Montes Claros,314330222,Panorâmica,153
3,Sudeste,31,Minas Gerais,3143302,Montes Claros,314330225,Santa Rosa de Lima,2270
3,Sudeste,31,Minas Gerais,3143302,Montes Claros,314330230,São João da Vereda,1387
3,Sudeste,31,Minas Gerais,3143302,Montes Claros,314330235,São Pedro da Garça,849
3,Sudeste,31,Minas Gerais,3143302,Montes Claros,314330240,Vila Nova de Minas,1247
3,Sudeste,31,Minas Gerais,3143401,Monte Sião,314340105,Monte Sião,24089
3,Sudeste,31,Minas Gerais,3143450,Montezuma,314345005,Montezuma,6888
3,Sudeste,31,Minas Gerais,3143500,Morada Nova de Minas,314350005,Morada Nova de Minas,7931
3,Sudeste,31,Minas Gerais,3143500,Morada Nova de Minas,314350010,Frei Orlando,1136
3,Sudeste,31,Minas Gerais,3143609,Morro da Garça,314360905,Morro da Garça,2411
3,Sudeste,31,Minas Gerais,3143708,Morro do Pilar,314370805,Morro do Pilar,3133
3,Sudeste,31,Minas Gerais,3143807,Munhoz,314380705,Munhoz,7451
3,Sudeste,31,Minas Gerais,3143906,Muriaé,314390605,Muriaé,92278
3,Sudeste,31,Minas Gerais,3143906,Muriaé,314390610,Belisário,1989
3,Sudeste,31,Minas Gerais,3143906,Muriaé,314390615,Boa Família,2057
3,Sudeste,31,Minas Gerais,3143906,Muriaé,314390620,Bom Jesus da Cachoeira,1161
3,Sudeste,31,Minas Gerais,3143906,Muriaé,314390625,Itamuri,1413
3,Sudeste,31,Minas Gerais,3143906,Muriaé,314390630,Pirapanema,1190
3,Sudeste,31,Minas Gerais,3143906,Muriaé,314390640,Vermelho,4020
3,Sudeste,31,Minas Gerais,3144003,Mutum,314400305,Mutum,14818
3,Sudeste,31,Minas Gerais,3144003,Mutum,314400310,Centenário,1186
3,Sudeste,31,Minas Gerais,3144003,Mutum,314400312,Imbiruçu,3761
3,Sudeste,31,Minas Gerais,3144003,Mutum,314400315,Ocidente,2947
3,Sudeste,31,Minas Gerais,3144003,Mutum,314400320,Roseiral,2128
3,Sudeste,31,Minas Gerais,3144003,Mutum,314400325,São Francisco do Humaitá,1327
3,Sudeste,31,Minas Gerais,3144003,Mutum,314400330,Santa Rita do Mutum,1468
3,Sudeste,31,Minas Gerais,3144102,Muzambinho,314410205,Muzambinho,21255
3,Sudeste,31,Minas Gerais,3144102,Muzambinho,314410210,Moçambo,636
3,Sudeste,31,Minas Gerais,3144201,Nacip Raydan,314420105,Nacip Raydan,2459
3,Sudeste,31,Minas Gerais,3144300,Nanuque,314430005,Nanuque,32399
3,Sudeste,31,Minas Gerais,3144300,Nanuque,314430010,Vila Pereira,1200
3,Sudeste,31,Minas Gerais,3144300,Nanuque,314430015,Vila Gabriel Passos,1439
3,Sudeste,31,Minas Gerais,3144359,Naque,314435905,Naque,6303
3,Sudeste,31,Minas Gerais,3144375,Natalândia,314437505,Natalândia,3520
3,Sudeste,31,Minas Gerais,3144409,Natércia,314440905,Natércia,4691
3,Sudeste,31,Minas Gerais,3144508,Nazareno,314450805,Nazareno,8179
3,Sudeste,31,Minas Gerais,3144607,Nepomuceno,314460705,Nepomuceno,23264
3,Sudeste,31,Minas Gerais,3144607,Nepomuceno,314460720,Nazaré de Minas,683
3,Sudeste,31,Minas Gerais,3144607,Nepomuceno,314460725,Santo Antônio do Cruzeiro,1071
3,Sudeste,31,Minas Gerais,3144656,Ninheira,314465605,Ninheira,10588
3,Sudeste,31,Minas Gerais,3144672,Nova Belém,314467205,Nova Belém,2481
3,Sudeste,31,Minas Gerais,3144672,Nova Belém,314467220,Santo Antônio de Nova Belém,670
3,Sudeste,31,Minas Gerais,3144706,Nova Era,314470605,Nova Era,17438
3,Sudeste,31,Minas Gerais,3144805,Nova Lima,314480505,Nova Lima,111697
3,Sudeste,31,Minas Gerais,3144904,Nova Módica,314490405,Nova Módica,3663
3,Sudeste,31,Minas Gerais,3145000,Nova Ponte,314500005,Nova Ponte,14598
3,Sudeste,31,Minas Gerais,3145059,Nova Porteirinha,314505905,Nova Porteirinha,6706
3,Sudeste,31,Minas Gerais,3145109,Nova Resende,314510905,Nova Resende,14414
3,Sudeste,31,Minas Gerais,3145109,Nova Resende,314510910,Petúnia,1973
3,Sudeste,31,Minas Gerais,3145208,Nova Serrana,314520805,Nova Serrana,101473
3,Sudeste,31,Minas Gerais,3145208,Nova Serrana,314520810,Boa Vista de Minas,4079
3,Sudeste,31,Minas Gerais,3145307,Novo Cruzeiro,314530705,Novo Cruzeiro,15328
3,Sudeste,31,Minas Gerais,3145307,Novo Cruzeiro,314530710,Lufa,2599
3,Sudeste,31,Minas Gerais,3145307,Novo Cruzeiro,314530715,Novilhona,7389
3,Sudeste,31,Minas Gerais,3145307,Novo Cruzeiro,314530720,Queixada,1659
3,Sudeste,31,Minas Gerais,3145356,Novo Oriente de Minas,314535605,Novo Oriente de Minas,10275
3,Sudeste,31,Minas Gerais,3145372,Novorizonte,314537205,Novorizonte,3683
3,Sudeste,31,Minas Gerais,3145372,Novorizonte,314537210,Campo Verde de Minas,888
3,Sudeste,31,Minas Gerais,3145406,Olaria,314540605,Olaria,1566
3,Sudeste,31,Minas Gerais,3145406,Olaria,314540610,São Sebastião da Vista Alegre,379
3,Sudeste,31,Minas Gerais,3145455,Olhos-d'Água,314545505,Olhos-d'Água,4214
3,Sudeste,31,Minas Gerais,3145455,Olhos-d'Água,314545510,Ribeirão de Santo Agostinho,480
3,Sudeste,31,Minas Gerais,3145455,Olhos-d'Água,314545515,Três Dias,508
3,Sudeste,31,Minas Gerais,3145455,Olhos-d'Água,314545520,Pimenta de São Serafim,183
3,Sudeste,31,Minas Gerais,3145505,Olímpio Noronha,314550505,Olímpio Noronha,2555
3,Sudeste,31,Minas Gerais,3145604,Oliveira,314560405,Oliveira,37172
3,Sudeste,31,Minas Gerais,3145604,Oliveira,314560410,Morro do Ferro,2090
3,Sudeste,31,Minas Gerais,3145703,Oliveira Fortes,314570305,Oliveira Fortes,2027
3,Sudeste,31,Minas Gerais,3145802,Onça de Pitangui,314580205,Onça de Pitangui,1652
3,Sudeste,31,Minas Gerais,3145802,Onça de Pitangui,314580210,Capoeira Grande,791
3,Sudeste,31,Minas Gerais,3145802,Onça de Pitangui,314580215,Jaguara de Minas,526
3,Sudeste,31,Minas Gerais,3145851,Oratórios,314585105,Oratórios,4917
3,Sudeste,31,Minas Gerais,3145877,Orizânia,314587705,Orizânia,8437
3,Sudeste,31,Minas Gerais,3145901,Ouro Branco,314590105,Ouro Branco,38724
3,Sudeste,31,Minas Gerais,3146008,Ouro Fino,314600805,Ouro Fino,29004
3,Sudeste,31,Minas Gerais,3146008,Ouro Fino,314600810,Crisólia,1724
3,Sudeste,31,Minas Gerais,3146008,Ouro Fino,314600815,São José do Mato Dentro,1366
3,Sudeste,31,Minas Gerais,3146107,Ouro Preto,314610705,Ouro Preto,41656
3,Sudeste,31,Minas Gerais,3146107,Ouro Preto,314610710,Amarantina,4874
3,Sudeste,31,Minas Gerais,3146107,Ouro Preto,314610715,Antônio Pereira,4710
3,Sudeste,31,Minas Gerais,3146107,Ouro Preto,314610720,Cachoeira do Campo,12035
3,Sudeste,31,Minas Gerais,3146107,Ouro Preto,314610725,Engenheiro Correia,306
3,Sudeste,31,Minas Gerais,3146107,Ouro Preto,314610730,Glaura,1515
3,Sudeste,31,Minas Gerais,3146107,Ouro Preto,314610734,Lavras Novas,1002
3,Sudeste,31,Minas Gerais,3146107,Ouro Preto,314610735,Miguel Burnier,643
3,Sudeste,31,Minas Gerais,3146107,Ouro Preto,314610740,Rodrigo Silva,1082
3,Sudeste,31,Minas Gerais,3146107,Ouro Preto,314610745,Santa Rita de Ouro Preto,3511
3,Sudeste,31,Minas Gerais,3146107,Ouro Preto,314610750,Santo Antônio do Leite,1817
3,Sudeste,31,Minas Gerais,3146107,Ouro Preto,314610752,Santo Antônio do Salto,916
3,Sudeste,31,Minas Gerais,3146107,Ouro Preto,314610755,São Bartolomeu,754
3,Sudeste,31,Minas Gerais,3146206,Ouro Verde de Minas,314620605,Ouro Verde de Minas,5757
3,Sudeste,31,Minas Gerais,3146255,Padre Carvalho,314625505,Padre Carvalho,5058
3,Sudeste,31,Minas Gerais,3146305,Padre Paraíso,314630505,Padre Paraíso,17334
3,Sudeste,31,Minas Gerais,3146404,Paineiras,314640405,Paineiras,3971
3,Sudeste,31,Minas Gerais,3146404,Paineiras,314640410,Poções de Paineiras,253
3,Sudeste,31,Minas Gerais,3146503,Pains,314650305,Pains,7395
3,Sudeste,31,Minas Gerais,3146503,Pains,314650310,Vila Costina,747
3,Sudeste,31,Minas Gerais,3146552,Pai Pedro,314655205,Pai Pedro,4537
3,Sudeste,31,Minas Gerais,3146552,Pai Pedro,314655225,Vila Sudário,1014
3,Sudeste,31,Minas Gerais,3146602,Paiva,314660205,Paiva,1474
3,Sudeste,31,Minas Gerais,3146701,Palma,314670105,Palma,4444
3,Sudeste,31,Minas Gerais,3146701,Palma,314670110,Cisneiros,599
3,Sudeste,31,Minas Gerais,3146701,Palma,314670115,Itapiruçu,664
3,Sudeste,31,Minas Gerais,3146750,Palmópolis,314675005,Palmópolis,4942
3,Sudeste,31,Minas Gerais,3146750,Palmópolis,314675010,Dois de Abril,1359
3,Sudeste,31,Minas Gerais,3146909,Papagaios,314690905,Papagaios,13920
3,Sudeste,31,Minas Gerais,3147006,Paracatu,314700605,Paracatu,94023
3,Sudeste,31,Minas Gerais,3147105,Pará de Minas,314710505,Pará de Minas,89645
3,Sudeste,31,Minas Gerais,3147105,Pará de Minas,314710510,Ascensão,2586
3,Sudeste,31,Minas Gerais,3147105,Pará de Minas,314710515,Carioca,784
3,Sudeste,31,Minas Gerais,3147105,Pará de Minas,314710520,Córrego do Barro,506
3,Sudeste,31,Minas Gerais,3147105,Pará de Minas,314710522,Tavares de Minas,1506
3,Sudeste,31,Minas Gerais,3147105,Pará de Minas,314710525,Torneiros,2112
3,Sudeste,31,Minas Gerais,3147204,Paraguaçu,314720405,Paraguaçu,20935
3,Sudeste,31,Minas Gerais,3147204,Paraguaçu,314720410,Guaipava,788
3,Sudeste,31,Minas Gerais,3147303,Paraisópolis,314730305,Paraisópolis,19264
3,Sudeste,31,Minas Gerais,3147303,Paraisópolis,314730310,Costas,1181
3,Sudeste,31,Minas Gerais,3147402,Paraopeba,314740205,Paraopeba,24107
3,Sudeste,31,Minas Gerais,3147501,Passabém,314750105,Passabém,1600
3,Sudeste,31,Minas Gerais,3147600,Passa Quatro,314760005,Passa Quatro,11695
3,Sudeste,31,Minas Gerais,3147600,Passa Quatro,314760010,Pé do Morro,1561
3,Sudeste,31,Minas Gerais,3147600,Passa Quatro,314760015,Pinheirinhos,2259
3,Sudeste,31,Minas Gerais,3147709,Passa Tempo,314770905,Passa Tempo,8473
3,Sudeste,31,Minas Gerais,3147808,Passa Vinte,314780805,Passa Vinte,2233
3,Sudeste,31,Minas Gerais,3147907,Passos,314790705,Passos,111939
3,Sudeste,31,Minas Gerais,3147956,Patis,314795605,Patis,4837
3,Sudeste,31,Minas Gerais,3148004,Patos de Minas,314800405,Patos de Minas,150484
3,Sudeste,31,Minas Gerais,3148004,Patos de Minas,314800410,Bom Sucesso de Patos,369
3,Sudeste,31,Minas Gerais,3148004,Patos de Minas,314800415,Chumbo,869
3,Sudeste,31,Minas Gerais,3148004,Patos de Minas,314800420,Major Porto,1072
3,Sudeste,31,Minas Gerais,3148004,Patos de Minas,314800425,Pindaíbas,1333
3,Sudeste,31,Minas Gerais,3148004,Patos de Minas,314800427,Pilar,1224
3,Sudeste,31,Minas Gerais,3148004,Patos de Minas,314800430,Santana de Patos,2972
3,Sudeste,31,Minas Gerais,3148004,Patos de Minas,314800435,Alagoas,912
3,Sudeste,31,Minas Gerais,3148103,Patrocínio,314810305,Patrocínio,80482
3,Sudeste,31,Minas Gerais,3148103,Patrocínio,314810310,Salitre de Minas,1186
3,Sudeste,31,Minas Gerais,3148103,Patrocínio,314810313,Santa Luzia dos Barros,1292
3,Sudeste,31,Minas Gerais,3148103,Patrocínio,314810315,São João da Serra Negra,2965
3,Sudeste,31,Minas Gerais,3148103,Patrocínio,314810320,Silvano,3901
3,Sudeste,31,Minas Gerais,3148202,Patrocínio do Muriaé,314820205,Patrocínio do Muriaé,5576
3,Sudeste,31,Minas Gerais,3148301,Paula Cândido,314830105,Paula Cândido,7724
3,Sudeste,31,Minas Gerais,3148301,Paula Cândido,314830110,Airões,935
3,Sudeste,31,Minas Gerais,3148400,Paulistas,314840005,Paulistas,4389
3,Sudeste,31,Minas Gerais,3148509,Pavão,314850905,Pavão,5539
3,Sudeste,31,Minas Gerais,3148509,Pavão,314850910,Nova Limeira,2508
3,Sudeste,31,Minas Gerais,3148608,Peçanha,314860805,Peçanha,16638
3,Sudeste,31,Minas Gerais,3148608,Peçanha,314860815,Santa Teresa do Bonito,808
3,Sudeste,31,Minas Gerais,3148707,Pedra Azul,314870705,Pedra Azul,22589
3,Sudeste,31,Minas Gerais,3148707,Pedra Azul,314870710,Araçaji de Minas,1821
3,Sudeste,31,Minas Gerais,3148756,Pedra Bonita,314875605,Pedra Bonita,7320
3,Sudeste,31,Minas Gerais,3148806,Pedra do Anta,314880605,Pedra do Anta,3311
3,Sudeste,31,Minas Gerais,3148905,Pedra do Indaiá,314890505,Pedra do Indaiá,4112
3,Sudeste,31,Minas Gerais,3149002,Pedra Dourada,314900205,Pedra Dourada,2757
3,Sudeste,31,Minas Gerais,3149101,Pedralva,314910105,Pedralva,10760
3,Sudeste,31,Minas Gerais,3149150,Pedras de Maria da Cruz,314915005,Pedras de Maria da Cruz,6585
3,Sudeste,31,Minas Gerais,3149150,Pedras de Maria da Cruz,314915010,São Pedro das Tabocas,3848
3,Sudeste,31,Minas Gerais,3149200,Pedrinópolis,314920005,Pedrinópolis,3344
3,Sudeste,31,Minas Gerais,3149309,Pedro Leopoldo,314930905,Pedro Leopoldo,24795
3,Sudeste,31,Minas Gerais,3149309,Pedro Leopoldo,314930910,Doutor Lund,5702
3,Sudeste,31,Minas Gerais,3149309,Pedro Leopoldo,314930915,Fidalgo,2651
3,Sudeste,31,Minas Gerais,3149309,Pedro Leopoldo,314930917,Lagoa de Santo Antônio,25101
3,Sudeste,31,Minas Gerais,3149309,Pedro Leopoldo,314930920,Vera Cruz de Minas,4331
3,Sudeste,31,Minas Gerais,3149408,Pedro Teixeira,314940805,Pedro Teixeira,1810
3,Sudeste,31,Minas Gerais,3149507,Pequeri,314950705,Pequeri,3351
3,Sudeste,31,Minas Gerais,3149606,Pequi,314960605,Pequi,4155
3,Sudeste,31,Minas Gerais,3149705,Perdigão,314970505,Perdigão,12268
3,Sudeste,31,Minas Gerais,3149804,Perdizes,314980405,Perdizes,17151
3,Sudeste,31,Minas Gerais,3149903,Perdões,314990305,Perdões,21384
3,Sudeste,31,Minas Gerais,3149952,Periquito,314995205,Periquito,3343
3,Sudeste,31,Minas Gerais,3149952,Periquito,314995215,Pedra Corrida,2375
3,Sudeste,31,Minas Gerais,3149952,Periquito,314995220,São Sebastião do Baixio,835
3,Sudeste,31,Minas Gerais,3150000,Pescador,315000005,Pescador,3570
3,Sudeste,31,Minas Gerais,3150109,Piau,315010905,Piau,2796
3,Sudeste,31,Minas Gerais,3150158,Piedade de Caratinga,315015805,Piedade de Caratinga,8529
3,Sudeste,31,Minas Gerais,3150208,Piedade de Ponte Nova,315020805,Piedade de Ponte Nova,3976
3,Sudeste,31,Minas Gerais,3150307,Piedade do Rio Grande,315030705,Piedade do Rio Grande,3964
3,Sudeste,31,Minas Gerais,3150307,Piedade do Rio Grande,315030720,Paraíso da Piedade,285
3,Sudeste,31,Minas Gerais,3150307,Piedade do Rio Grande,315030725,Santo Antônio do Porto,355
3,Sudeste,31,Minas Gerais,3150406,Piedade dos Gerais,315040605,Piedade dos Gerais,4311
3,Sudeste,31,Minas Gerais,3150406,Piedade dos Gerais,315040610,Medeiros dos Gerais,708
3,Sudeste,31,Minas Gerais,3150505,Pimenta,315050505,Pimenta,8234
3,Sudeste,31,Minas Gerais,3150505,Pimenta,315050510,Santo Hilário,329
3,Sudeste,31,Minas Gerais,3150539,Pingo-d'Água,315053905,Pingo-d'Água,4706
3,Sudeste,31,Minas Gerais,3150570,Pintópolis,315057005,Pintópolis,6152
3,Sudeste,31,Minas Gerais,3150570,Pintópolis,315057035,Vila Acari,932
3,Sudeste,31,Minas Gerais,3150604,Piracema,315060405,Piracema,6700
3,Sudeste,31,Minas Gerais,3150703,Pirajuba,315070305,Pirajuba,5537
3,Sudeste,31,Minas Gerais,3150802,Piranga,315080205,Piranga,11334
3,Sudeste,31,Minas Gerais,3150802,Piranga,315080210,Pinheiros Altos,2263
3,Sudeste,31,Minas Gerais,3150802,Piranga,315080215,Santo Antônio do Pirapetinga,2062
3,Sudeste,31,Minas Gerais,3150802,Piranga,315080220,Santo Antônio dos Quilombolas,1359
3,Sudeste,31,Minas Gerais,3150901,Piranguçu,315090105,Piranguçu,6041
3,Sudeste,31,Minas Gerais,3151008,Piranguinho,315100805,Piranguinho,5751
3,Sudeste,31,Minas Gerais,3151008,Piranguinho,315100810,Olegário Maciel,1291
3,Sudeste,31,Minas Gerais,3151008,Piranguinho,315100820,Santa Bárbara do Sapucaí,2078
3,Sudeste,31,Minas Gerais,3151107,Pirapetinga,315110705,Pirapetinga,9752
3,Sudeste,31,Minas Gerais,3151107,Pirapetinga,315110710,Caiapó,345
3,Sudeste,31,Minas Gerais,3151107,Pirapetinga,315110720,Valão Quente,980
3,Sudeste,31,Minas Gerais,3151206,Pirapora,315120605,Pirapora,55606
3,Sudeste,31,Minas Gerais,3151305,Piraúba,315130505,Piraúba,11610
3,Sudeste,31,Minas Gerais,3151404,Pitangui,315140405,Pitangui,26685
3,Sudeste,31,Minas Gerais,3151503,Piumhi,315150305,Piumhi,36062
3,Sudeste,31,Minas Gerais,3151602,Planura,315160205,Planura,11145
3,Sudeste,31,Minas Gerais,3151701,Poço Fundo,315170105,Poço Fundo,15052
3,Sudeste,31,Minas Gerais,3151701,Poço Fundo,315170110,Paiolinho,1338
3,Sudeste,31,Minas Gerais,3151800,Poços de Caldas,315180005,Poços de Caldas,163742
3,Sudeste,31,Minas Gerais,3151909,Pocrane,315190905,Pocrane,5316
3,Sudeste,31,Minas Gerais,3151909,Pocrane,315190910,Assaraí,1408
3,Sudeste,31,Minas Gerais,3151909,Pocrane,315190915,Barra da Figueira,1626
3,Sudeste,31,Minas Gerais,3152006,Pompéu,315200605,Pompéu,30072
3,Sudeste,31,Minas Gerais,3152006,Pompéu,315200610,Silva Campos,975
3,Sudeste,31,Minas Gerais,3152105,Ponte Nova,315210505,Ponte Nova,54511
3,Sudeste,31,Minas Gerais,3152105,Ponte Nova,315210513,Rosário do Pontal,1368
3,Sudeste,31,Minas Gerais,3152105,Ponte Nova,315210515,Vau-Açu,1897
3,Sudeste,31,Minas Gerais,3152131,Ponto Chique,315213105,Ponto Chique,3747
3,Sudeste,31,Minas Gerais,3152170,Ponto dos Volantes,315217005,Ponto dos Volantes,5567
3,Sudeste,31,Minas Gerais,3152170,Ponto dos Volantes,315217020,Santana do Araçuaí,5316
3,Sudeste,31,Minas Gerais,3152204,Porteirinha,315220405,Porteirinha,21404
3,Sudeste,31,Minas Gerais,3152204,Porteirinha,315220410,Gorutuba,3266
3,Sudeste,31,Minas Gerais,3152204,Porteirinha,315220412,Mocambinho,646
3,Sudeste,31,Minas Gerais,3152204,Porteirinha,315220414,Paciência,967
3,Sudeste,31,Minas Gerais,3152204,Porteirinha,315220416,Mulungu de Minas,2138
3,Sudeste,31,Minas Gerais,3152204,Porteirinha,315220422,Serra Branca de Minas,3733
3,Sudeste,31,Minas Gerais,3152204,Porteirinha,315220423,Tanque de Porteirinha,3039
3,Sudeste,31,Minas Gerais,3152204,Porteirinha,315220425,Tocandira,2245
3,Sudeste,31,Minas Gerais,3152303,Porto Firme,315230305,Porto Firme,10569
3,Sudeste,31,Minas Gerais,3152402,Poté,315240205,Poté,9924
3,Sudeste,31,Minas Gerais,3152402,Poté,315240207,Sucanga,1913
3,Sudeste,31,Minas Gerais,3152402,Poté,315240210,Valão,1829
3,Sudeste,31,Minas Gerais,3152501,Pouso Alegre,315250105,Pouso Alegre,148704
3,Sudeste,31,Minas Gerais,3152501,Pouso Alegre,315250110,Sao José do Pântano,3513
3,Sudeste,31,Minas Gerais,3152600,Pouso Alto,315260005,Pouso Alto,4825
3,Sudeste,31,Minas Gerais,3152600,Pouso Alto,315260010,Santana do Capivari,1741
3,Sudeste,31,Minas Gerais,3152709,Prados,315270905,Prados,9048
3,Sudeste,31,Minas Gerais,3152808,Prata,315280805,Prata,26890
3,Sudeste,31,Minas Gerais,3152808,Prata,315280810,Jardinésia,941
3,Sudeste,31,Minas Gerais,3152808,Prata,315280815,Patrimônio,511
3,Sudeste,31,Minas Gerais,3152907,Pratápolis,315290705,Pratápolis,8406
3,Sudeste,31,Minas Gerais,3153004,Pratinha,315300405,Pratinha,3559
3,Sudeste,31,Minas Gerais,3153103,Presidente Bernardes,315310305,Presidente Bernardes,4850
3,Sudeste,31,Minas Gerais,3153202,Presidente Juscelino,315320205,Presidente Juscelino,3465
3,Sudeste,31,Minas Gerais,3153301,Presidente Kubitschek,315330105,Presidente Kubitschek,3071
3,Sudeste,31,Minas Gerais,3153400,Presidente Olegário,315340005,Presidente Olegário,14536
3,Sudeste,31,Minas Gerais,3153400,Presidente Olegário,315340010,Galena,1910
3,Sudeste,31,Minas Gerais,3153400,Presidente Olegário,315340020,Ponte Firme,1607
3,Sudeste,31,Minas Gerais,3153400,Presidente Olegário,315340030,Santiago de Minas,712
3,Sudeste,31,Minas Gerais,3153509,Alto Jequitibá,315350905,Alto Jequitibá,7233
3,Sudeste,31,Minas Gerais,3153509,Alto Jequitibá,315350925,Padre Júlio Maria,1164
3,Sudeste,31,Minas Gerais,3153608,Prudente de Morais,315360805,Prudente de Morais,11466
3,Sudeste,31,Minas Gerais,3153707,Quartel Geral,315370705,Quartel Geral,3111
3,Sudeste,31,Minas Gerais,3153707,Quartel Geral,315370710,Quartel de São João,68
3,Sudeste,31,Minas Gerais,3153806,Queluzito,315380605,Queluzito,1770
3,Sudeste,31,Minas Gerais,3153905,Raposos,315390505,Raposos,16279
3,Sudeste,31,Minas Gerais,3154002,Raul Soares,315400205,Raul Soares,15650
3,Sudeste,31,Minas Gerais,3154002,Raul Soares,315400210,Bicuíba,1490
3,Sudeste,31,Minas Gerais,3154002,Raul Soares,315400215,Santana do Tabuleiro,2454
3,Sudeste,31,Minas Gerais,3154002,Raul Soares,315400220,São Sebastião do Óculo,530
3,Sudeste,31,Minas Gerais,3154002,Raul Soares,315400225,São Vicente da Estrela,1050
3,Sudeste,31,Minas Gerais,3154002,Raul Soares,315400235,Vermelho Velho,2249
3,Sudeste,31,Minas Gerais,3154101,Recreio,315410105,Recreio,9253
3,Sudeste,31,Minas Gerais,3154101,Recreio,315410110,Angaturama,452
3,Sudeste,31,Minas Gerais,3154101,Recreio,315410115,Conceição da Boa Vista,1302
3,Sudeste,31,Minas Gerais,3154150,Reduto,315415005,Reduto,7011
3,Sudeste,31,Minas Gerais,3154150,Reduto,315415020,Jaguaraí,837
3,Sudeste,31,Minas Gerais,3154200,Resende Costa,315420005,Resende Costa,10611
3,Sudeste,31,Minas Gerais,3154200,Resende Costa,315420010,Jacarandira,619
3,Sudeste,31,Minas Gerais,3154309,Resplendor,315430905,Resplendor,12194
3,Sudeste,31,Minas Gerais,3154309,Resplendor,315430910,Bom Pastor,380
3,Sudeste,31,Minas Gerais,3154309,Resplendor,315430915,Calixto,1604
3,Sudeste,31,Minas Gerais,3154309,Resplendor,315430920,Campo Alegre de Minas,670
3,Sudeste,31,Minas Gerais,3154309,Resplendor,315430925,Independência,1626
3,Sudeste,31,Minas Gerais,3154309,Resplendor,315430930,Nicolândia,752
3,Sudeste,31,Minas Gerais,3154408,Ressaquinha,315440805,Ressaquinha,3055
3,Sudeste,31,Minas Gerais,3154408,Ressaquinha,315440807,Canjamba,267
3,Sudeste,31,Minas Gerais,3154408,Ressaquinha,315440830,Simão Tamm,438
3,Sudeste,31,Minas Gerais,3154408,Ressaquinha,315440835,Vargem do Amargoso,285
3,Sudeste,31,Minas Gerais,3154408,Ressaquinha,315440840,Peixoto,503
3,Sudeste,31,Minas Gerais,3154457,Riachinho,315445705,Riachinho,6863
3,Sudeste,31,Minas Gerais,3154507,Riacho dos Machados,315450705,Riacho dos Machados,7481
3,Sudeste,31,Minas Gerais,3154507,Riacho dos Machados,315450710,Bem-Querer,1275
3,Sudeste,31,Minas Gerais,3154606,Ribeirão das Neves,315460605,Ribeirão das Neves,156358
3,Sudeste,31,Minas Gerais,3154606,Ribeirão das Neves,315460610,Justinópolis,173436
3,Sudeste,31,Minas Gerais,3154705,Ribeirão Vermelho,315470505,Ribeirão Vermelho,4080
3,Sudeste,31,Minas Gerais,3154804,Rio Acima,315480405,Rio Acima,10261
3,Sudeste,31,Minas Gerais,3154903,Rio Casca,315490305,Rio Casca,11093
3,Sudeste,31,Minas Gerais,3154903,Rio Casca,315490310,Jurumirim,1696
3,Sudeste,31,Minas Gerais,3155009,Rio Doce,315500905,Rio Doce,2484
3,Sudeste,31,Minas Gerais,3155108,Rio do Prado,315510805,Rio do Prado,3121
3,Sudeste,31,Minas Gerais,3155108,Rio do Prado,315510820,Vila Formosa de Minas,1518
3,Sudeste,31,Minas Gerais,3155207,Rio Espera,315520705,Rio Espera,4131
3,Sudeste,31,Minas Gerais,3155207,Rio Espera,315520710,Piranguita,678
3,Sudeste,31,Minas Gerais,3155207,Rio Espera,315520715,Rio Melo,620
3,Sudeste,31,Minas Gerais,3155306,Rio Manso,315530605,Rio Manso,2346
3,Sudeste,31,Minas Gerais,3155306,Rio Manso,315530607,Bernardas,1180
3,Sudeste,31,Minas Gerais,3155306,Rio Manso,315530610,Souza,2042
3,Sudeste,31,Minas Gerais,3155405,Rio Novo,315540505,Rio Novo,8518
3,Sudeste,31,Minas Gerais,3155504,Rio Paranaíba,315550405,Rio Paranaíba,13070
3,Sudeste,31,Minas Gerais,3155504,Rio Paranaíba,315550410,Abaeté dos Mendes,1462
3,Sudeste,31,Minas Gerais,3155603,Rio Pardo de Minas,315560305,Rio Pardo de Minas,23680
3,Sudeste,31,Minas Gerais,3155603,Rio Pardo de Minas,315560325,Serra Nova,4591
3,Sudeste,31,Minas Gerais,3155702,Rio Piracicaba,315570205,Rio Piracicaba,11820
3,Sudeste,31,Minas Gerais,3155702,Rio Piracicaba,315570210,Conceição de Piracicaba,1374
3,Sudeste,31,Minas Gerais,3155702,Rio Piracicaba,315570215,Padre Pinto,1437
3,Sudeste,31,Minas Gerais,3155801,Rio Pomba,315580105,Rio Pomba,17443
3,Sudeste,31,Minas Gerais,3155900,Rio Preto,315590005,Rio Preto,5141
3,Sudeste,31,Minas Gerais,3156007,Rio Vermelho,315600705,Rio Vermelho,9304
3,Sudeste,31,Minas Gerais,3156007,Rio Vermelho,315600710,Pedra Menina,3337
3,Sudeste,31,Minas Gerais,3156106,Ritápolis,315610605,Ritápolis,4994
3,Sudeste,31,Minas Gerais,3156205,Rochedo de Minas,315620505,Rochedo de Minas,2291
3,Sudeste,31,Minas Gerais,3156304,Rodeiro,315630405,Rodeiro,8664
3,Sudeste,31,Minas Gerais,3156403,Romaria,315640305,Romaria,3386
3,Sudeste,31,Minas Gerais,3156452,Rosário da Limeira,315645205,Rosário da Limeira,4734
3,Sudeste,31,Minas Gerais,3156502,Rubelita,315650205,Rubelita,4059
3,Sudeste,31,Minas Gerais,3156502,Rubelita,315650210,Amparo do Sítio,475
3,Sudeste,31,Minas Gerais,3156502,Rubelita,315650215,Lagoa de Baixo,1145
3,Sudeste,31,Minas Gerais,3156601,Rubim,315660105,Rubim,8509
3,Sudeste,31,Minas Gerais,3156601,Rubim,315660110,Itapiru,1789
3,Sudeste,31,Minas Gerais,3156700,Sabará,315670005,Sabará,46898
3,Sudeste,31,Minas Gerais,3156700,Sabará,315670010,Carvalho de Brito,76228
3,Sudeste,31,Minas Gerais,3156700,Sabará,315670015,Mestre Caetano,592
3,Sudeste,31,Minas Gerais,3156700,Sabará,315670020,Ravena,5662
3,Sudeste,31,Minas Gerais,3156809,Sabinópolis,315680905,Sabinópolis,11454
3,Sudeste,31,Minas Gerais,3156809,Sabinópolis,315680910,Euxenita,1869
3,Sudeste,31,Minas Gerais,3156809,Sabinópolis,315680915,Quilombo,917
3,Sudeste,31,Minas Gerais,3156908,Sacramento,315690805,Sacramento,24868
3,Sudeste,31,Minas Gerais,3156908,Sacramento,315690810,Desemboque,1802
3,Sudeste,31,Minas Gerais,3157005,Salinas,315700505,Salinas,34245
3,Sudeste,31,Minas Gerais,3157005,Salinas,315700510,Ferreirópolis,1082
3,Sudeste,31,Minas Gerais,3157005,Salinas,315700525,Nova Matrona,2819
3,Sudeste,31,Minas Gerais,3157005,Salinas,315700535,Nova Fátima de Salinas,2032
3,Sudeste,31,Minas Gerais,3157104,Salto da Divisa,315710405,Salto da Divisa,6110
3,Sudeste,31,Minas Gerais,3157203,Santa Bárbara,315720305,Santa Bárbara,26016
3,Sudeste,31,Minas Gerais,3157203,Santa Bárbara,315720310,Barra Feliz,1949
3,Sudeste,31,Minas Gerais,3157203,Santa Bárbara,315720315,Brumal,1413
3,Sudeste,31,Minas Gerais,3157203,Santa Bárbara,315720325,Conceição do Rio Acima,295
3,Sudeste,31,Minas Gerais,3157203,Santa Bárbara,315720330,Florália,793
3,Sudeste,31,Minas Gerais,3157252,Santa Bárbara do Leste,315725205,Santa Bárbara do Leste,8458
3,Sudeste,31,Minas Gerais,3157278,Santa Bárbara do Monte Verde,315727805,Santa Bárbara do Monte Verde,2731
3,Sudeste,31,Minas Gerais,3157278,Santa Bárbara do Monte Verde,315727820,São Sebastião do Barreado,364
3,Sudeste,31,Minas Gerais,3157302,Santa Bárbara do Tugúrio,315730205,Santa Bárbara do Tugúrio,3397
3,Sudeste,31,Minas Gerais,3157302,Santa Bárbara do Tugúrio,315730210,Bom Retiro,811
3,Sudeste,31,Minas Gerais,3157336,Santa Cruz de Minas,315733605,Santa Cruz de Minas,8109
3,Sudeste,31,Minas Gerais,3157377,Santa Cruz de Salinas,315737705,Santa Cruz de Salinas,2338
3,Sudeste,31,Minas Gerais,3157377,Santa Cruz de Salinas,315737710,Água Boa de Santa Cruz,945
3,Sudeste,31,Minas Gerais,3157377,Santa Cruz de Salinas,315737725,Santo Antônio da Itinga,627
3,Sudeste,31,Minas Gerais,3157401,Santa Cruz do Escalvado,315740105,Santa Cruz do Escalvado,2613
3,Sudeste,31,Minas Gerais,3157401,Santa Cruz do Escalvado,315740110,São Sebastião do Soberbo,1556
3,Sudeste,31,Minas Gerais,3157401,Santa Cruz do Escalvado,315740115,Zito Soares,504
3,Sudeste,31,Minas Gerais,3157500,Santa Efigênia de Minas,315750005,Santa Efigênia de Minas,4039
3,Sudeste,31,Minas Gerais,3157609,Santa Fé de Minas,315760905,Santa Fé de Minas,3522
3,Sudeste,31,Minas Gerais,3157658,Santa Helena de Minas,315765805,Santa Helena de Minas,5360
3,Sudeste,31,Minas Gerais,3157658,Santa Helena de Minas,315765810,Bom Jesus da Vitória,578
3,Sudeste,31,Minas Gerais,3157708,Santa Juliana,315770805,Santa Juliana,15264
3,Sudeste,31,Minas Gerais,3157708,Santa Juliana,315770810,Zelândia,470
3,Sudeste,31,Minas Gerais,3157807,Santa Luzia,315780705,Santa Luzia,79315
3,Sudeste,31,Minas Gerais,3157807,Santa Luzia,315780710,São Benedito,139817
3,Sudeste,31,Minas Gerais,3157906,Santa Margarida,315790605,Santa Margarida,10759
3,Sudeste,31,Minas Gerais,3157906,Santa Margarida,315790610,Ribeirão de São Domingos,5636
3,Sudeste,31,Minas Gerais,3158003,Santa Maria de Itabira,315800305,Santa Maria de Itabira,9700
3,Sudeste,31,Minas Gerais,3158003,Santa Maria de Itabira,315800310,Itauninha,785
3,Sudeste,31,Minas Gerais,3158102,Santa Maria do Salto,315810205,Santa Maria do Salto,4755
3,Sudeste,31,Minas Gerais,3158201,Santa Maria do Suaçuí,315820105,Santa Maria do Suaçuí,10033
3,Sudeste,31,Minas Gerais,3158201,Santa Maria do Suaçuí,315820107,Brejo de Minas,270
3,Sudeste,31,Minas Gerais,3158201,Santa Maria do Suaçuí,315820110,Glucínio,1354
3,Sudeste,31,Minas Gerais,3158201,Santa Maria do Suaçuí,315820120,Poaia,1131
3,Sudeste,31,Minas Gerais,3158300,Santana da Vargem,315830005,Santana da Vargem,6691
3,Sudeste,31,Minas Gerais,3158409,Santana de Cataguases,315840905,Santana de Cataguases,3489
3,Sudeste,31,Minas Gerais,3158508,Santana de Pirapama,315850805,Santana de Pirapama,6081
3,Sudeste,31,Minas Gerais,3158508,Santana de Pirapama,315850810,Fechados,949
3,Sudeste,31,Minas Gerais,3158607,Santana do Deserto,315860705,Santana do Deserto,3747
3,Sudeste,31,Minas Gerais,3158706,Santana do Garambéu,315870605,Santana do Garambéu,2137
3,Sudeste,31,Minas Gerais,3158805,Santana do Jacaré,315880505,Santana do Jacaré,4214
3,Sudeste,31,Minas Gerais,3158904,Santana do Manhuaçu,315890405,Santana do Manhuaçu,7171
3,Sudeste,31,Minas Gerais,3158904,Santana do Manhuaçu,315890410,Santa Filomena,1816
3,Sudeste,31,Minas Gerais,3158953,Santana do Paraíso,315895305,Santana do Paraíso,44800
3,Sudeste,31,Minas Gerais,3159001,Santana do Riacho,315900105,Santana do Riacho,2627
3,Sudeste,31,Minas Gerais,3159001,Santana do Riacho,315900110,Serra do Cipó,2686
3,Sudeste,31,Minas Gerais,3159100,Santana dos Montes,315910005,Santana dos Montes,2443
3,Sudeste,31,Minas Gerais,3159100,Santana dos Montes,315910010,Joselândia,1026
3,Sudeste,31,Minas Gerais,3159209,Santa Rita de Caldas,315920905,Santa Rita de Caldas,6920
3,Sudeste,31,Minas Gerais,3159209,Santa Rita de Caldas,315920907,Pião,569
3,Sudeste,31,Minas Gerais,3159209,Santa Rita de Caldas,315920910,São Bento de Caldas,971
3,Sudeste,31,Minas Gerais,3159308,Santa Rita de Jacutinga,315930805,Santa Rita de Jacutinga,4465
3,Sudeste,31,Minas Gerais,3159308,Santa Rita de Jacutinga,315930810,Itaboca,290
3,Sudeste,31,Minas Gerais,3159357,Santa Rita de Minas,315935705,Santa Rita de Minas,6773
3,Sudeste,31,Minas Gerais,3159407,Santa Rita de Ibitipoca,315940705,Santa Rita de Ibitipoca,2354
3,Sudeste,31,Minas Gerais,3159407,Santa Rita de Ibitipoca,315940710,Bom Jesus do Vermelho,361
3,Sudeste,31,Minas Gerais,3159407,Santa Rita de Ibitipoca,315940715,Paraíso Garcia,586
3,Sudeste,31,Minas Gerais,3159506,Santa Rita do Itueto,315950605,Santa Rita do Itueto,3085
3,Sudeste,31,Minas Gerais,3159506,Santa Rita do Itueto,315950607,Alto Pião,612
3,Sudeste,31,Minas Gerais,3159506,Santa Rita do Itueto,315950610,São José do Itueto,2129
3,Sudeste,31,Minas Gerais,3159605,Santa Rita do Sapucaí,315960505,Santa Rita do Sapucaí,40635
3,Sudeste,31,Minas Gerais,3159704,Santa Rosa da Serra,315970405,Santa Rosa da Serra,2737
3,Sudeste,31,Minas Gerais,3159704,Santa Rosa da Serra,315970410,Campo Alegre da Serra,645
3,Sudeste,31,Minas Gerais,3159803,Santa Vitória,315980305,Santa Vitória,18315
3,Sudeste,31,Minas Gerais,3159803,Santa Vitória,315980310,Chaveslândia,2350
3,Sudeste,31,Minas Gerais,3159803,Santa Vitória,315980315,Perdilândia,308
3,Sudeste,31,Minas Gerais,3159902,Santo Antônio do Amparo,315990205,Santo Antônio do Amparo,15298
3,Sudeste,31,Minas Gerais,3159902,Santo Antônio do Amparo,315990230,São Sebastião da Estrela,1987
3,Sudeste,31,Minas Gerais,3160009,Santo Antônio do Aventureiro,316000905,Santo Antônio do Aventureiro,2620
3,Sudeste,31,Minas Gerais,3160009,Santo Antônio do Aventureiro,316000910,São Domingos,1149
3,Sudeste,31,Minas Gerais,3160108,Santo Antônio do Grama,316010805,Santo Antônio do Grama,4229
3,Sudeste,31,Minas Gerais,3160207,Santo Antônio do Itambé,316020705,Santo Antônio do Itambé,3915
3,Sudeste,31,Minas Gerais,3160306,Santo Antônio do Jacinto,316030605,Santo Antônio do Jacinto,7906
3,Sudeste,31,Minas Gerais,3160306,Santo Antônio do Jacinto,316030610,Catajás,2421
3,Sudeste,31,Minas Gerais,3160405,Santo Antônio do Monte,316040505,Santo Antônio do Monte,26877
3,Sudeste,31,Minas Gerais,3160405,Santo Antônio do Monte,316040525,São José das Rosas,418
3,Sudeste,31,Minas Gerais,3160454,Santo Antônio do Retiro,316045405,Santo Antônio do Retiro,6629
3,Sudeste,31,Minas Gerais,3160504,Santo Antônio do Rio Abaixo,316050405,Santo Antônio do Rio Abaixo,1808
3,Sudeste,31,Minas Gerais,3160603,Santo Hipólito,316060305,Santo Hipólito,1960
3,Sudeste,31,Minas Gerais,3160603,Santo Hipólito,316060310,Senhora da Glória,621
3,Sudeste,31,Minas Gerais,3160603,Santo Hipólito,316060320,Valo Fundo,136
3,Sudeste,31,Minas Gerais,3160702,Santos Dumont,316070205,Santos Dumont,39523
3,Sudeste,31,Minas Gerais,3160702,Santos Dumont,316070210,Conceição do Formoso,643
3,Sudeste,31,Minas Gerais,3160702,Santos Dumont,316070215,Dores do Paraibuna,875
3,Sudeste,31,Minas Gerais,3160702,Santos Dumont,316070217,Mantiqueira,722
3,Sudeste,31,Minas Gerais,3160702,Santos Dumont,316070220,São João da Serra,643
3,Sudeste,31,Minas Gerais,3160801,São Bento Abade,316080105,São Bento Abade,4713
3,Sudeste,31,Minas Gerais,3160900,São Brás do Suaçuí,316090005,São Brás do Suaçuí,3989
3,Sudeste,31,Minas Gerais,3160959,São Domingos das Dores,316095905,São Domingos das Dores,5626
3,Sudeste,31,Minas Gerais,3161007,São Domingos do Prata,316100705,São Domingos do Prata,13203
3,Sudeste,31,Minas Gerais,3161007,São Domingos do Prata,316100710,Cônego João Pio,829
3,Sudeste,31,Minas Gerais,3161007,São Domingos do Prata,316100715,Ilhéus do Prata,455
3,Sudeste,31,Minas Gerais,3161007,São Domingos do Prata,316100720,Juiraçu,435
3,Sudeste,31,Minas Gerais,3161007,São Domingos do Prata,316100725,Santana do Alfié,1057
3,Sudeste,31,Minas Gerais,3161007,São Domingos do Prata,316100730,Vargem Linda,1413
3,Sudeste,31,Minas Gerais,3161056,São Félix de Minas,316105605,São Félix de Minas,3200
3,Sudeste,31,Minas Gerais,3161106,São Francisco,316110605,São Francisco,36774
3,Sudeste,31,Minas Gerais,3161106,São Francisco,316110612,Lapa do Espírito Santo,1334
3,Sudeste,31,Minas Gerais,3161106,São Francisco,316110615,Morro,3039
3,Sudeste,31,Minas Gerais,3161106,São Francisco,316110618,Retiro,3995
3,Sudeste,31,Minas Gerais,3161106,São Francisco,316110630,Santa Isabel de Minas,3384
3,Sudeste,31,Minas Gerais,3161106,São Francisco,316110635,Santana de São Francisco,3004
3,Sudeste,31,Minas Gerais,3161106,São Francisco,316110640,Travessão de Minas,1232
3,Sudeste,31,Minas Gerais,3161205,São Francisco de Paula,316120505,São Francisco de Paula,6187
3,Sudeste,31,Minas Gerais,3161304,São Francisco de Sales,316130405,São Francisco de Sales,5732
3,Sudeste,31,Minas Gerais,3161403,São Francisco do Glória,316140305,São Francisco do Glória,4800
3,Sudeste,31,Minas Gerais,3161502,São Geraldo,316150205,São Geraldo,8983
3,Sudeste,31,Minas Gerais,3161502,São Geraldo,316150210,Monte Celeste,1299
3,Sudeste,31,Minas Gerais,3161601,São Geraldo da Piedade,316160105,São Geraldo da Piedade,2483
3,Sudeste,31,Minas Gerais,3161601,São Geraldo da Piedade,316160110,Vinhático,822
3,Sudeste,31,Minas Gerais,3161650,São Geraldo do Baixio,316165005,São Geraldo do Baixio,2828
3,Sudeste,31,Minas Gerais,3161650,São Geraldo do Baixio,316165015,Conceição das Laranjeiras,315
3,Sudeste,31,Minas Gerais,3161700,São Gonçalo do Abaeté,316170005,São Gonçalo do Abaeté,4221
3,Sudeste,31,Minas Gerais,3161700,São Gonçalo do Abaeté,316170010,Canoeiros,2132
3,Sudeste,31,Minas Gerais,3161700,São Gonçalo do Abaeté,316170020,Beira Rio,1022
3,Sudeste,31,Minas Gerais,3161809,São Gonçalo do Pará,316180905,São Gonçalo do Pará,11770
3,Sudeste,31,Minas Gerais,3161908,São Gonçalo do Rio Abaixo,316190805,São Gonçalo do Rio Abaixo,11850
3,Sudeste,31,Minas Gerais,3162005,São Gonçalo do Sapucaí,316200505,São Gonçalo do Sapucaí,21928
3,Sudeste,31,Minas Gerais,3162005,São Gonçalo do Sapucaí,316200510,Ferreiras,855
3,Sudeste,31,Minas Gerais,3162005,São Gonçalo do Sapucaí,316200515,Ribeiros,1176
3,Sudeste,31,Minas Gerais,3162104,São Gotardo,316210405,São Gotardo,32715
3,Sudeste,31,Minas Gerais,3162104,São Gotardo,316210407,Abaeté dos Venâncios,635
3,Sudeste,31,Minas Gerais,3162104,São Gotardo,316210410,Funchal,280
3,Sudeste,31,Minas Gerais,3162104,São Gotardo,316210415,Guarda dos Ferreiros,7053
3,Sudeste,31,Minas Gerais,3162104,São Gotardo,316210420,São José da Bela Vista,227
3,Sudeste,31,Minas Gerais,3162203,São João Batista do Glória,316220305,São João Batista do Glória,7652
3,Sudeste,31,Minas Gerais,3162252,São João da Lagoa,316225205,São João da Lagoa,3777
3,Sudeste,31,Minas Gerais,3162252,São João da Lagoa,316225220,São Roberto de Minas,1045
3,Sudeste,31,Minas Gerais,3162302,São João da Mata,316230205,São João da Mata,2914
3,Sudeste,31,Minas Gerais,3162401,São João da Ponte,316240105,São João da Ponte,15843
3,Sudeste,31,Minas Gerais,3162401,São João da Ponte,316240110,Condado do Norte,1491
3,Sudeste,31,Minas Gerais,3162401,São João da Ponte,316240120,Olímpio Campos,2409
3,Sudeste,31,Minas Gerais,3162401,São João da Ponte,316240125,Santo Antônio da Boa Vista,2288
3,Sudeste,31,Minas Gerais,3162401,São João da Ponte,316240130,Simão Campos,1899
3,Sudeste,31,Minas Gerais,3162450,São João das Missões,316245005,São João das Missões,4303
3,Sudeste,31,Minas Gerais,3162450,São João das Missões,316245010,Rancharia e Tenda,1317
3,Sudeste,31,Minas Gerais,3162450,São João das Missões,316245015,Brejo Mata Fome,4847
3,Sudeste,31,Minas Gerais,3162450,São João das Missões,316245020,Sumaré I,2557
3,Sudeste,31,Minas Gerais,3162500,São João del Rei,316250005,São João del Rei,82841
3,Sudeste,31,Minas Gerais,3162500,São João del Rei,316250010,Arcângelo,1039
3,Sudeste,31,Minas Gerais,3162500,São João del Rei,316250015,São Gonçalo do Amarante,671
3,Sudeste,31,Minas Gerais,3162500,São João del Rei,316250020,Emboabas,612
3,Sudeste,31,Minas Gerais,3162500,São João del Rei,316250025,Rio das Mortes,2663
3,Sudeste,31,Minas Gerais,3162500,São João del Rei,316250030,São Sebastião da Vitória,2399
3,Sudeste,31,Minas Gerais,3162559,São João do Manhuaçu,316255905,São João do Manhuaçu,10543
3,Sudeste,31,Minas Gerais,3162559,São João do Manhuaçu,316255910,Pontões do São João do Manhuaçu,703
3,Sudeste,31,Minas Gerais,3162575,São João do Manteninha,316257505,São João do Manteninha,2758
3,Sudeste,31,Minas Gerais,3162575,São João do Manteninha,316257510,Divino das Palmeiras,837
3,Sudeste,31,Minas Gerais,3162575,São João do Manteninha,316257515,Vargem Grande de Minas,1736
3,Sudeste,31,Minas Gerais,3162609,São João do Oriente,316260905,São João do Oriente,5862
3,Sudeste,31,Minas Gerais,3162609,São João do Oriente,316260930,Santa Maria do Baixio,1208
3,Sudeste,31,Minas Gerais,3162658,São João do Pacuí,316265805,São João do Pacuí,3289
3,Sudeste,31,Minas Gerais,3162658,São João do Pacuí,316265820,Santa da Pedra,683
3,Sudeste,31,Minas Gerais,3162708,São João do Paraíso,316270805,São João do Paraíso,18714
3,Sudeste,31,Minas Gerais,3162708,São João do Paraíso,316270820,Boa Sorte do Paraíso,2331
3,Sudeste,31,Minas Gerais,3162708,São João do Paraíso,316270825,Mandacaru do Paraíso,1459
3,Sudeste,31,Minas Gerais,3162708,São João do Paraíso,316270830,Barrinha do Paraíso,1406
3,Sudeste,31,Minas Gerais,3162807,São João Evangelista,316280705,São João Evangelista,12062
3,Sudeste,31,Minas Gerais,3162807,São João Evangelista,316280707,Bom Jesus da Canabrava,982
3,Sudeste,31,Minas Gerais,3162807,São João Evangelista,316280710,Nelson de Sena,1205
3,Sudeste,31,Minas Gerais,3162807,São João Evangelista,316280715,São Geraldo do Baguari,1066
3,Sudeste,31,Minas Gerais,3162906,São João Nepomuceno,316290605,São João Nepomuceno,23656
3,Sudeste,31,Minas Gerais,3162906,São João Nepomuceno,316290610,Carlos Alves,445
3,Sudeste,31,Minas Gerais,3162906,São João Nepomuceno,316290615,Ituí,279
3,Sudeste,31,Minas Gerais,3162906,São João Nepomuceno,316290620,Roça Grande,648
3,Sudeste,31,Minas Gerais,3162906,São João Nepomuceno,316290625,Taruaçu,537
3,Sudeste,31,Minas Gerais,3162922,São Joaquim de Bicas,316292205,São Joaquim de Bicas,34348
3,Sudeste,31,Minas Gerais,3162948,São José da Barra,316294805,São José da Barra,7793
3,Sudeste,31,Minas Gerais,3162955,São José da Lapa,316295505,São José da Lapa,26090
3,Sudeste,31,Minas Gerais,3163003,São José da Safira,316300305,São José da Safira,3806
3,Sudeste,31,Minas Gerais,3163102,São José da Varginha,316310205,São José da Varginha,4536
3,Sudeste,31,Minas Gerais,3163201,São José do Alegre,316320105,São José do Alegre,4133
3,Sudeste,31,Minas Gerais,3163300,São José do Divino,316330005,São José do Divino,3464
3,Sudeste,31,Minas Gerais,3163409,São José do Goiabal,316340905,São José do Goiabal,5396
3,Sudeste,31,Minas Gerais,3163508,São José do Jacuri,316350805,São José do Jacuri,6197
3,Sudeste,31,Minas Gerais,3163607,São José do Mantimento,316360705,São José do Mantimento,2753
3,Sudeste,31,Minas Gerais,3163706,São Lourenço,316370605,São Lourenço,44798
3,Sudeste,31,Minas Gerais,3163805,São Miguel do Anta,316380505,São Miguel do Anta,6334
3,Sudeste,31,Minas Gerais,3163904,São Pedro da União,316390405,São Pedro da União,4016
3,Sudeste,31,Minas Gerais,3163904,São Pedro da União,316390410,Biguatinga,869
3,Sudeste,31,Minas Gerais,3164001,São Pedro dos Ferros,316400105,São Pedro dos Ferros,6256
3,Sudeste,31,Minas Gerais,3164001,São Pedro dos Ferros,316400110,Águas Férreas,910
3,Sudeste,31,Minas Gerais,3164100,São Pedro do Suaçuí,316410005,São Pedro do Suaçuí,3927
3,Sudeste,31,Minas Gerais,3164100,São Pedro do Suaçuí,316410010,Córrego Dantas do Suaçuí,1176
3,Sudeste,31,Minas Gerais,3164209,São Romão,316420905,São Romão,9787
3,Sudeste,31,Minas Gerais,3164209,São Romão,316420915,Ribanceira,528
3,Sudeste,31,Minas Gerais,3164308,São Roque de Minas,316430805,São Roque de Minas,6007
3,Sudeste,31,Minas Gerais,3164308,São Roque de Minas,316430810,São José do Barreiro,377
3,Sudeste,31,Minas Gerais,3164308,São Roque de Minas,316430815,Serra da Canastra,745
3,Sudeste,31,Minas Gerais,3164407,São Sebastião da Bela Vista,316440705,São Sebastião da Bela Vista,6387
3,Sudeste,31,Minas Gerais,3164431,São Sebastião da Vargem Alegre,316443105,São Sebastião da Vargem Alegre,3113
3,Sudeste,31,Minas Gerais,3164472,São Sebastião do Anta,316447205,São Sebastião do Anta,6194
3,Sudeste,31,Minas Gerais,3164506,São Sebastião do Maranhão,316450605,São Sebastião do Maranhão,6288
3,Sudeste,31,Minas Gerais,3164506,São Sebastião do Maranhão,316450610,Mãe dos Homens,1822
3,Sudeste,31,Minas Gerais,3164506,São Sebastião do Maranhão,316450615,Santo Antônio dos Araújos,1969
3,Sudeste,31,Minas Gerais,3164605,São Sebastião do Oeste,316460505,São Sebastião do Oeste,8815
3,Sudeste,31,Minas Gerais,3164704,São Sebastião do Paraíso,316470405,São Sebastião do Paraíso,70198
3,Sudeste,31,Minas Gerais,3164704,São Sebastião do Paraíso,316470410,Guardinha,1598
3,Sudeste,31,Minas Gerais,3164803,São Sebastião do Rio Preto,316480305,São Sebastião do Rio Preto,1259
3,Sudeste,31,Minas Gerais,3164902,São Sebastião do Rio Verde,316490205,São Sebastião do Rio Verde,2300
3,Sudeste,31,Minas Gerais,3165008,São Tiago,316500805,São Tiago,9133
3,Sudeste,31,Minas Gerais,3165008,São Tiago,316500810,Mercês de Água Limpa,2059
3,Sudeste,31,Minas Gerais,3165107,São Tomás de Aquino,316510705,São Tomás de Aquino,6740
3,Sudeste,31,Minas Gerais,3165206,São Tomé das Letras,316520605,São Tomé das Letras,6145
3,Sudeste,31,Minas Gerais,3165206,São Tomé das Letras,316520610,Sobradinho de Minas,759
3,Sudeste,31,Minas Gerais,3165305,São Vicente de Minas,316530505,São Vicente de Minas,6804
3,Sudeste,31,Minas Gerais,3165404,Sapucaí-Mirim,316540405,Sapucaí-Mirim,6311
3,Sudeste,31,Minas Gerais,3165503,Sardoá,316550305,Sardoá,5104
3,Sudeste,31,Minas Gerais,3165537,Sarzedo,316553705,Sarzedo,36844
3,Sudeste,31,Minas Gerais,3165552,Setubinha,316555205,Setubinha,6664
3,Sudeste,31,Minas Gerais,3165552,Setubinha,316555220,Palmeiras do Vale,3253
3,Sudeste,31,Minas Gerais,3165560,Sem-Peixe,316556005,Sem-Peixe,1992
3,Sudeste,31,Minas Gerais,3165560,Sem-Peixe,316556030,São Bartolomeu de Sem Peixe,441
3,Sudeste,31,Minas Gerais,3165578,Senador Amaral,316557805,Senador Amaral,3657
3,Sudeste,31,Minas Gerais,3165578,Senador Amaral,316557815,Ponte Segura,2549
3,Sudeste,31,Minas Gerais,3165602,Senador Cortes,316560205,Senador Cortes,1901
3,Sudeste,31,Minas Gerais,3165602,Senador Cortes,316560220,Pregos,339
3,Sudeste,31,Minas Gerais,3165701,Senador Firmino,316570105,Senador Firmino,7716
3,Sudeste,31,Minas Gerais,3165800,Senador José Bento,316580005,Senador José Bento,2068
3,Sudeste,31,Minas Gerais,3165909,Senador Modestino Gonçalves,316590905,Senador Modestino Gonçalves,4008
3,Sudeste,31,Minas Gerais,3166006,Senhora de Oliveira,316600605,Senhora de Oliveira,4375
3,Sudeste,31,Minas Gerais,3166006,Senhora de Oliveira,316600610,Santana de Piraguara,340
3,Sudeste,31,Minas Gerais,3166006,Senhora de Oliveira,316600615,Prudentes,768
3,Sudeste,31,Minas Gerais,3166105,Senhora do Porto,316610505,Senhora do Porto,2254
3,Sudeste,31,Minas Gerais,3166105,Senhora do Porto,316610530,São José do Jacaré,813
3,Sudeste,31,Minas Gerais,3166204,Senhora dos Remédios,316620405,Senhora dos Remédios,6596
3,Sudeste,31,Minas Gerais,3166204,Senhora dos Remédios,316620408,Japão,975
3,Sudeste,31,Minas Gerais,3166204,Senhora dos Remédios,316620410,Palmital dos Carvalhos,2813
3,Sudeste,31,Minas Gerais,3166303,Sericita,316630305,Sericita,7345
3,Sudeste,31,Minas Gerais,3166402,Seritinga,316640205,Seritinga,1819
3,Sudeste,31,Minas Gerais,3166501,Serra Azul de Minas,316650105,Serra Azul de Minas,3792
3,Sudeste,31,Minas Gerais,3166600,Serra da Saudade,316660005,Serra da Saudade,833
3,Sudeste,31,Minas Gerais,3166709,Serra dos Aimorés,316670905,Serra dos Aimorés,6944
3,Sudeste,31,Minas Gerais,3166808,Serra do Salitre,316680805,Serra do Salitre,9941
3,Sudeste,31,Minas Gerais,3166808,Serra do Salitre,316680810,Catiara,1860
3,Sudeste,31,Minas Gerais,3166907,Serrania,316690705,Serrania,7621
3,Sudeste,31,Minas Gerais,3166956,Serranópolis de Minas,316695605,Serranópolis de Minas,4399
3,Sudeste,31,Minas Gerais,3167004,Serranos,316700405,Serranos,1990
3,Sudeste,31,Minas Gerais,3167103,Serro,316710305,Serro,16265
3,Sudeste,31,Minas Gerais,3167103,Serro,316710310,Deputado Augusto Clementino,866
3,Sudeste,31,Minas Gerais,3167103,Serro,316710315,Milho Verde,1614
3,Sudeste,31,Minas Gerais,3167103,Serro,316710320,Pedro Lessa,1112
3,Sudeste,31,Minas Gerais,3167103,Serro,316710325,São Gonçalo do Rio das Pedras,1664
3,Sudeste,31,Minas Gerais,3167103,Serro,316710330,Três Barras da Estrada Real,431
3,Sudeste,31,Minas Gerais,3167202,Sete Lagoas,316720205,Sete Lagoas,220080
3,Sudeste,31,Minas Gerais,3167202,Sete Lagoas,316720210,Silva Xavier,1798
3,Sudeste,31,Minas Gerais,3167202,Sete Lagoas,316720215,Barreiro de Sete Lagoas,5519
3,Sudeste,31,Minas Gerais,3167301,Silveirânia,316730105,Silveirânia,1962
3,Sudeste,31,Minas Gerais,3167301,Silveirânia,316730110,São José da Soledade,361
3,Sudeste,31,Minas Gerais,3167400,Silvianópolis,316740005,Silvianópolis,6179
3,Sudeste,31,Minas Gerais,3167509,Simão Pereira,316750905,Simão Pereira,2947
3,Sudeste,31,Minas Gerais,3167608,Simonésia,316760805,Simonésia,12815
3,Sudeste,31,Minas Gerais,3167608,Simonésia,316760810,Alegria,2535
3,Sudeste,31,Minas Gerais,3167608,Simonésia,316760820,São Simão do Rio Preto,4400
3,Sudeste,31,Minas Gerais,3167707,Sobrália,316770705,Sobrália,4446
3,Sudeste,31,Minas Gerais,3167707,Sobrália,316770710,Plautino Soares,691
3,Sudeste,31,Minas Gerais,3167806,Soledade de Minas,316780605,Soledade de Minas,5613
3,Sudeste,31,Minas Gerais,3167905,Tabuleiro,316790505,Tabuleiro,3721
3,Sudeste,31,Minas Gerais,3167905,Tabuleiro,316790510,Igrejinha do Acácio,293
3,Sudeste,31,Minas Gerais,3168002,Taiobeiras,316800205,Taiobeiras,30990
3,Sudeste,31,Minas Gerais,3168002,Taiobeiras,316800215,Mirandópolis,2060
3,Sudeste,31,Minas Gerais,3168051,Taparuba,316805105,Taparuba,2756
3,Sudeste,31,Minas Gerais,3168051,Taparuba,316805110,São Sebastião de Três Barras,631
3,Sudeste,31,Minas Gerais,3168101,Tapira,316810105,Tapira,4118
3,Sudeste,31,Minas Gerais,3168200,Tapiraí,316820005,Tapiraí,858
3,Sudeste,31,Minas Gerais,3168200,Tapiraí,316820010,Altolândia,832
3,Sudeste,31,Minas Gerais,3168309,Taquaraçu de Minas,316830905,Taquaraçu de Minas,3521
3,Sudeste,31,Minas Gerais,3168309,Taquaraçu de Minas,316830910,Engenho,703
3,Sudeste,31,Minas Gerais,3168408,Tarumirim,316840805,Tarumirim,7810
3,Sudeste,31,Minas Gerais,3168408,Tarumirim,316840807,Café-Mirim,1200
3,Sudeste,31,Minas Gerais,3168408,Tarumirim,316840810,São Vicente do Rio Doce,1163
3,Sudeste,31,Minas Gerais,3168408,Tarumirim,316840812,Taruaçu de Minas,1411
3,Sudeste,31,Minas Gerais,3168408,Tarumirim,316840815,Vai-Volta,1237
3,Sudeste,31,Minas Gerais,3168408,Tarumirim,316840820,Dom Carloto,540
3,Sudeste,31,Minas Gerais,3168408,Tarumirim,316840825,Bananal de Baixo,742
3,Sudeste,31,Minas Gerais,3168408,Tarumirim,316840830,Bananal de Cima,606
3,Sudeste,31,Minas Gerais,3168507,Teixeiras,316850705,Teixeiras,12255
3,Sudeste,31,Minas Gerais,3168606,Teófilo Otoni,316860605,Teófilo Otoni,124692
3,Sudeste,31,Minas Gerais,3168606,Teófilo Otoni,316860610,Crispim Jacques,1570
3,Sudeste,31,Minas Gerais,3168606,Teófilo Otoni,316860620,Pedro Versiani,3031
3,Sudeste,31,Minas Gerais,3168606,Teófilo Otoni,316860625,Topázio,3732
3,Sudeste,31,Minas Gerais,3168606,Teófilo Otoni,316860630,Mucuri,3213
3,Sudeste,31,Minas Gerais,3168606,Teófilo Otoni,316860635,Rio Pretinho,1180
3,Sudeste,31,Minas Gerais,3168705,Timóteo,316870505,Timóteo,74168
3,Sudeste,31,Minas Gerais,3168705,Timóteo,316870510,Cachoeira do Vale,7411
3,Sudeste,31,Minas Gerais,3168804,Tiradentes,316880405,Tiradentes,7256
3,Sudeste,31,Minas Gerais,3168804,Tiradentes,316880412,Caixa D'Água da Esperança,154
3,Sudeste,31,Minas Gerais,3168804,Tiradentes,316880415,Elvas,334
3,Sudeste,31,Minas Gerais,3168903,Tiros,316890305,Tiros,7810
3,Sudeste,31,Minas Gerais,3168903,Tiros,316890310,Canastrão,73
3,Sudeste,31,Minas Gerais,3169000,Tocantins,316900005,Tocantins,16185
3,Sudeste,31,Minas Gerais,3169059,Tocos do Moji,316905905,Tocos do Moji,3826
3,Sudeste,31,Minas Gerais,3169109,Toledo,316910905,Toledo,7214
3,Sudeste,31,Minas Gerais,3169208,Tombos,316920805,Tombos,7117
3,Sudeste,31,Minas Gerais,3169208,Tombos,316920807,Água Santa de Minas,373
3,Sudeste,31,Minas Gerais,3169208,Tombos,316920810,Catuné,1119
3,Sudeste,31,Minas Gerais,3169307,Três Corações,316930705,Três Corações,75485
3,Sudeste,31,Minas Gerais,3169356,Três Marias,316935605,Três Marias,27213
3,Sudeste,31,Minas Gerais,3169356,Três Marias,316935610,Andrequicé,1682
3,Sudeste,31,Minas Gerais,3169406,Três Pontas,316940605,Três Pontas,53395
3,Sudeste,31,Minas Gerais,3169406,Três Pontas,316940610,Pontalete,472
3,Sudeste,31,Minas Gerais,3169406,Três Pontas,316940615,Quilombo Nossa Senhora do Rosário,1388
3,Sudeste,31,Minas Gerais,3169505,Tumiritinga,316950505,Tumiritinga,4811
3,Sudeste,31,Minas Gerais,3169505,Tumiritinga,316950510,São Geraldo de Tumiritinga,1075
3,Sudeste,31,Minas Gerais,3169604,Tupaciguara,316960405,Tupaciguara,25470
3,Sudeste,31,Minas Gerais,3169703,Turmalina,316970305,Turmalina,17682
3,Sudeste,31,Minas Gerais,3169703,Turmalina,316970310,Caçaratiba,998
3,Sudeste,31,Minas Gerais,3169703,Turmalina,316970320,Campo Buriti,1320
3,Sudeste,31,Minas Gerais,3169802,Turvolândia,316980205,Turvolândia,4935
3,Sudeste,31,Minas Gerais,3169901,Ubá,316990105,Ubá,98645
3,Sudeste,31,Minas Gerais,3169901,Ubá,316990110,Diamante de Ubá,1865
3,Sudeste,31,Minas Gerais,3169901,Ubá,316990112,Miragaia,2124
3,Sudeste,31,Minas Gerais,3169901,Ubá,316990115,Ubari,731
3,Sudeste,31,Minas Gerais,3170008,Ubaí,317000805,Ubaí,8430
3,Sudeste,31,Minas Gerais,3170008,Ubaí,317000810,Bentópolis de Minas,3278
3,Sudeste,31,Minas Gerais,3170057,Ubaporanga,317005705,Ubaporanga,9950
3,Sudeste,31,Minas Gerais,3170057,Ubaporanga,317005735,São José do Batatal,1535
3,Sudeste,31,Minas Gerais,3170057,Ubaporanga,317005740,São Sebastião do Batatal,1532
3,Sudeste,31,Minas Gerais,3170107,Uberaba,317010705,Uberaba,337836
3,Sudeste,31,Minas Gerais,3170206,Uberlândia,317020605,Uberlândia,696832
3,Sudeste,31,Minas Gerais,3170206,Uberlândia,317020610,Cruzeiro dos Peixotos,902
3,Sudeste,31,Minas Gerais,3170206,Uberlândia,317020615,Martinésia,1060
3,Sudeste,31,Minas Gerais,3170206,Uberlândia,317020620,Miraporanga,12923
3,Sudeste,31,Minas Gerais,3170206,Uberlândia,317020625,Tapuirama,1507
3,Sudeste,31,Minas Gerais,3170305,Umburatiba,317030505,Umburatiba,1887
3,Sudeste,31,Minas Gerais,3170305,Umburatiba,317030525,São Pedro do Pampã,797
3,Sudeste,31,Minas Gerais,3170404,Unaí,317040405,Unaí,77809
3,Sudeste,31,Minas Gerais,3170404,Unaí,317040415,Garapuava,1956
3,Sudeste,31,Minas Gerais,3170404,Unaí,317040417,Pedras de Marilândia,666
3,Sudeste,31,Minas Gerais,3170404,Unaí,317040418,Palmeirinha,1294
3,Sudeste,31,Minas Gerais,3170404,Unaí,317040419,Ruralminas,3094
3,Sudeste,31,Minas Gerais,3170404,Unaí,317040420,Santo Antônio do Boqueirão,1192
3,Sudeste,31,Minas Gerais,3170404,Unaí,317040435,Boa Vista de Santa Maria,608
3,Sudeste,31,Minas Gerais,3170438,União de Minas,317043805,União de Minas,3828
3,Sudeste,31,Minas Gerais,3170479,Uruana de Minas,317047905,Uruana de Minas,2940
3,Sudeste,31,Minas Gerais,3170479,Uruana de Minas,317047910,Cercado,342
3,Sudeste,31,Minas Gerais,3170503,Urucânia,317050305,Urucânia,8191
3,Sudeste,31,Minas Gerais,3170503,Urucânia,317050310,Bom Jesus de Cardosos,2409
3,Sudeste,31,Minas Gerais,3170529,Urucuia,317052905,Urucuia,11922
3,Sudeste,31,Minas Gerais,3170529,Urucuia,317052920,Santa Cruz de Urucuia,1138
3,Sudeste,31,Minas Gerais,3170529,Urucuia,317052925,Bonito de Urucuia,1285
3,Sudeste,31,Minas Gerais,3170529,Urucuia,317052930,Vereda Grande,3134
3,Sudeste,31,Minas Gerais,3170578,Vargem Alegre,317057805,Vargem Alegre,5780
3,Sudeste,31,Minas Gerais,3170602,Vargem Bonita,317060205,Vargem Bonita,2158
3,Sudeste,31,Minas Gerais,3170651,Vargem Grande do Rio Pardo,317065105,Vargem Grande do Rio Pardo,4633
3,Sudeste,31,Minas Gerais,3170701,Varginha,317070105,Varginha,136467
3,Sudeste,31,Minas Gerais,3170750,Varjão de Minas,317075005,Varjão de Minas,6969
3,Sudeste,31,Minas Gerais,3170800,Várzea da Palma,317080005,Várzea da Palma,30727
3,Sudeste,31,Minas Gerais,3170800,Várzea da Palma,317080010,Guaicuí,3017
3,Sudeste,31,Minas Gerais,3170909,Varzelândia,317090905,Varzelândia,13074
3,Sudeste,31,Minas Gerais,3170909,Varzelândia,317090912,Brejo do Mutambal,1875
3,Sudeste,31,Minas Gerais,3170909,Varzelândia,317090915,Campo Redondo,3891
3,Sudeste,31,Minas Gerais,3171006,Vazante,317100605,Vazante,18460
3,Sudeste,31,Minas Gerais,3171006,Vazante,317100610,Claro de Minas,1515
3,Sudeste,31,Minas Gerais,3171030,Verdelândia,317103005,Verdelândia,7672
3,Sudeste,31,Minas Gerais,3171071,Veredinha,317107105,Veredinha,3753
3,Sudeste,31,Minas Gerais,3171071,Veredinha,317107115,Mendonça,1428
3,Sudeste,31,Minas Gerais,3171105,Veríssimo,317110505,Veríssimo,3411
3,Sudeste,31,Minas Gerais,3171154,Vermelho Novo,317115405,Vermelho Novo,4899
3,Sudeste,31,Minas Gerais,3171204,Vespasiano,317120405,Vespasiano,129246
3,Sudeste,31,Minas Gerais,3171303,Viçosa,317130305,Viçosa,62454
3,Sudeste,31,Minas Gerais,3171303,Viçosa,317130310,Silvestre,9004
3,Sudeste,31,Minas Gerais,3171303,Viçosa,317130315,Cachoeira de Santa Cruz,1742
3,Sudeste,31,Minas Gerais,3171303,Viçosa,317130325,São José do Triunfo,3230
3,Sudeste,31,Minas Gerais,3171402,Vieiras,317140205,Vieiras,2924
3,Sudeste,31,Minas Gerais,3171402,Vieiras,317140210,Santo Antônio do Glória,776
3,Sudeste,31,Minas Gerais,3171501,Mathias Lobato,317150105,Mathias Lobato,3038
3,Sudeste,31,Minas Gerais,3171600,Virgem da Lapa,317160005,Virgem da Lapa,10745
3,Sudeste,31,Minas Gerais,3171600,Virgem da Lapa,317160020,São João do Vacaria,1059
3,Sudeste,31,Minas Gerais,3171709,Virgínia,317170905,Virgínia,8908
3,Sudeste,31,Minas Gerais,3171808,Virginópolis,317180805,Virginópolis,10314
3,Sudeste,31,Minas Gerais,3171907,Virgolândia,317190705,Virgolândia,4027
3,Sudeste,31,Minas Gerais,3171907,Virgolândia,317190710,Divino de Virgolândia,525
3,Sudeste,31,Minas Gerais,3172004,Visconde do Rio Branco,317200405,Visconde do Rio Branco,39160
3,Sudeste,31,Minas Gerais,3172103,Volta Grande,317210305,Volta Grande,3993
3,Sudeste,31,Minas Gerais,3172103,Volta Grande,317210310,Trimonte,450
3,Sudeste,31,Minas Gerais,3172202,Wenceslau Braz,317220205,Wenceslau Braz,1808
3,Sudeste,31,Minas Gerais,3172202,Wenceslau Braz,317220210,Itererê,548
3,Sudeste,32,Espírito Santo,3200102,Afonso Cláudio,320010205,Afonso Cláudio,16879
3,Sudeste,32,Espírito Santo,3200102,Afonso Cláudio,320010213,Fazenda Guandu,1954
3,Sudeste,32,Espírito Santo,3200102,Afonso Cláudio,320010215,Ibicaba,910
3,Sudeste,32,Espírito Santo,3200102,Afonso Cláudio,320010228,Mata Fria,1650
3,Sudeste,32,Espírito Santo,3200102,Afonso Cláudio,320010230,Piracema,2615
3,Sudeste,32,Espírito Santo,3200102,Afonso Cláudio,320010235,Pontões,1815
3,Sudeste,32,Espírito Santo,3200102,Afonso Cláudio,320010237,São Francisco Xavier do Guandu,685
3,Sudeste,32,Espírito Santo,3200102,Afonso Cláudio,320010239,São Luís de Boa Sorte,1807
3,Sudeste,32,Espírito Santo,3200102,Afonso Cláudio,320010240,Serra Pelada,2369
3,Sudeste,32,Espírito Santo,3200136,Águia Branca,320013605,Águia Branca,8746
3,Sudeste,32,Espírito Santo,3200136,Águia Branca,320013610,Águas Claras,965
3,Sudeste,32,Espírito Santo,3200169,Água Doce do Norte,320016905,Água Doce do Norte,5243
3,Sudeste,32,Espírito Santo,3200169,Água Doce do Norte,320016910,Governador Lacerda de Aguiar,2917
3,Sudeste,32,Espírito Santo,3200169,Água Doce do Norte,320016915,Santa Luzia do Azul,891
3,Sudeste,32,Espírito Santo,3200169,Água Doce do Norte,320016920,Santo Agostinho,1729
3,Sudeste,32,Espírito Santo,3200169,Água Doce do Norte,320016930,Vila Nelita,1262
3,Sudeste,32,Espírito Santo,3200201,Alegre,320020105,Alegre,18752
3,Sudeste,32,Espírito Santo,3200201,Alegre,320020110,Anutiba,1412
3,Sudeste,32,Espírito Santo,3200201,Alegre,320020115,Araraí,862
3,Sudeste,32,Espírito Santo,3200201,Alegre,320020120,Café,1646
3,Sudeste,32,Espírito Santo,3200201,Alegre,320020125,Celina,2651
3,Sudeste,32,Espírito Santo,3200201,Alegre,320020135,Rive,2819
3,Sudeste,32,Espírito Santo,3200201,Alegre,320020140,Santa Angélica,557
3,Sudeste,32,Espírito Santo,3200201,Alegre,320020145,São João do Norte,478
3,Sudeste,32,Espírito Santo,3200300,Alfredo Chaves,320030005,Alfredo Chaves,8011
3,Sudeste,32,Espírito Santo,3200300,Alfredo Chaves,320030010,Crubixá,956
3,Sudeste,32,Espírito Santo,3200300,Alfredo Chaves,320030015,Ibitiruí,611
3,Sudeste,32,Espírito Santo,3200300,Alfredo Chaves,320030020,Matilde,1047
3,Sudeste,32,Espírito Santo,3200300,Alfredo Chaves,320030025,Ribeirão do Cristo,1409
3,Sudeste,32,Espírito Santo,3200300,Alfredo Chaves,320030030,Sagrada Família,626
3,Sudeste,32,Espírito Santo,3200300,Alfredo Chaves,320030035,Urânia,1176
3,Sudeste,32,Espírito Santo,3200359,Alto Rio Novo,320035905,Alto Rio Novo,5133
3,Sudeste,32,Espírito Santo,3200359,Alto Rio Novo,320035915,Monte Carmelo do Rio Novo,1103
3,Sudeste,32,Espírito Santo,3200359,Alto Rio Novo,320035920,Palmerino,1198
3,Sudeste,32,Espírito Santo,3200409,Anchieta,320040905,Anchieta,25684
3,Sudeste,32,Espírito Santo,3200409,Anchieta,320040910,Alto Pongal,2209
3,Sudeste,32,Espírito Santo,3200409,Anchieta,320040915,Jabaquara,2091
3,Sudeste,32,Espírito Santo,3200508,Apiacá,320050805,Apiacá,4926
3,Sudeste,32,Espírito Santo,3200508,Apiacá,320050807,Bonsucesso,804
3,Sudeste,32,Espírito Santo,3200508,Apiacá,320050810,José Carlos,1493
3,Sudeste,32,Espírito Santo,3200607,Aracruz,320060705,Aracruz,57729
3,Sudeste,32,Espírito Santo,3200607,Aracruz,320060710,Guaraná,5430
3,Sudeste,32,Espírito Santo,3200607,Aracruz,320060712,Jacupemba,8322
3,Sudeste,32,Espírito Santo,3200607,Aracruz,320060715,Riacho,5686
3,Sudeste,32,Espírito Santo,3200607,Aracruz,320060720,Santa Cruz,17598
3,Sudeste,32,Espírito Santo,3200706,Atílio Vivácqua,320070605,Atílio Vivácqua,10540
3,Sudeste,32,Espírito Santo,3200805,Baixo Guandu,320080505,Baixo Guandu,25362
3,Sudeste,32,Espírito Santo,3200805,Baixo Guandu,320080510,Alto Mutum Preto,1637
3,Sudeste,32,Espírito Santo,3200805,Baixo Guandu,320080515,Ibituba,1702
3,Sudeste,32,Espírito Santo,3200805,Baixo Guandu,320080520,Quilômetro 14 do Mutum,897
3,Sudeste,32,Espírito Santo,3200805,Baixo Guandu,320080525,Vila Nova de Bananal,1076
3,Sudeste,32,Espírito Santo,3200904,Barra de São Francisco,320090405,Barra de São Francisco,27490
3,Sudeste,32,Espírito Santo,3200904,Barra de São Francisco,320090415,Cachoeirinha de Itaúna,958
3,Sudeste,32,Espírito Santo,3200904,Barra de São Francisco,320090425,Itaperuna,724
3,Sudeste,32,Espírito Santo,3200904,Barra de São Francisco,320090427,Monte Senir,1287
3,Sudeste,32,Espírito Santo,3200904,Barra de São Francisco,320090430,Monte Sinai,3013
3,Sudeste,32,Espírito Santo,3200904,Barra de São Francisco,320090435,Paulista,5523
3,Sudeste,32,Espírito Santo,3200904,Barra de São Francisco,320090440,Poranga,608
3,Sudeste,32,Espírito Santo,3200904,Barra de São Francisco,320090450,Santo Antônio,964
3,Sudeste,32,Espírito Santo,3200904,Barra de São Francisco,320090456,Vargem Alegre,1931
3,Sudeste,32,Espírito Santo,3201001,Boa Esperança,320100105,Boa Esperança,9605
3,Sudeste,32,Espírito Santo,3201001,Boa Esperança,320100140,Santo Antônio do Pousalegre,2214
3,Sudeste,32,Espírito Santo,3201001,Boa Esperança,320100145,São José do Sobradinho,1789
3,Sudeste,32,Espírito Santo,3201100,Bom Jesus do Norte,320110005,Bom Jesus do Norte,10254
3,Sudeste,32,Espírito Santo,3201159,Brejetuba,320115905,Brejetuba,9916
3,Sudeste,32,Espírito Santo,3201159,Brejetuba,320115918,Santa Rita de Brejetuba,1141
3,Sudeste,32,Espírito Santo,3201159,Brejetuba,320115920,São Jorge de Oliveira,1928
3,Sudeste,32,Espírito Santo,3201209,Cachoeiro de Itapemirim,320120905,Cachoeiro de Itapemirim,160558
3,Sudeste,32,Espírito Santo,3201209,Cachoeiro de Itapemirim,320120910,Burarama,1710
3,Sudeste,32,Espírito Santo,3201209,Cachoeiro de Itapemirim,320120915,Conduru,2766
3,Sudeste,32,Espírito Santo,3201209,Cachoeiro de Itapemirim,320120916,Córrego dos Monos,2315
3,Sudeste,32,Espírito Santo,3201209,Cachoeiro de Itapemirim,320120917,Coutinho,1146
3,Sudeste,32,Espírito Santo,3201209,Cachoeiro de Itapemirim,320120918,Gironda,2923
3,Sudeste,32,Espírito Santo,3201209,Cachoeiro de Itapemirim,320120919,Gruta,698
3,Sudeste,32,Espírito Santo,3201209,Cachoeiro de Itapemirim,320120920,Itaoca,5180
3,Sudeste,32,Espírito Santo,3201209,Cachoeiro de Itapemirim,320120930,Pacotuba,2311
3,Sudeste,32,Espírito Santo,3201209,Cachoeiro de Itapemirim,320120936,São Vicente,1583
3,Sudeste,32,Espírito Santo,3201209,Cachoeiro de Itapemirim,320120940,Vargem Grande do Soturno,4596
3,Sudeste,32,Espírito Santo,3201308,Cariacica,320130805,Cariacica,133593
3,Sudeste,32,Espírito Santo,3201308,Cariacica,320130810,Itaquari,219898
3,Sudeste,32,Espírito Santo,3201407,Castelo,320140705,Castelo,30132
3,Sudeste,32,Espírito Santo,3201407,Castelo,320140715,Estrela do Norte,2096
3,Sudeste,32,Espírito Santo,3201407,Castelo,320140723,Limoeiro,2767
3,Sudeste,32,Espírito Santo,3201407,Castelo,320140725,Monte Pio,699
3,Sudeste,32,Espírito Santo,3201407,Castelo,320140730,Patrimônio do Ouro,1236
3,Sudeste,32,Espírito Santo,3201506,Colatina,320150605,Colatina,112705
3,Sudeste,32,Espírito Santo,3201506,Colatina,320150610,Ângelo Frechiani,1084
3,Sudeste,32,Espírito Santo,3201506,Colatina,320150615,Baunilha,1427
3,Sudeste,32,Espírito Santo,3201506,Colatina,320150620,Boapaba,1670
3,Sudeste,32,Espírito Santo,3201506,Colatina,320150630,Graça Aranha,1164
3,Sudeste,32,Espírito Santo,3201506,Colatina,320150635,Itapina,1983
3,Sudeste,32,Espírito Santo,3201605,Conceição da Barra,320160505,Conceição da Barra,13881
3,Sudeste,32,Espírito Santo,3201605,Conceição da Barra,320160507,Braço do Rio,10209
3,Sudeste,32,Espírito Santo,3201605,Conceição da Barra,320160508,Cricaré,1046
3,Sudeste,32,Espírito Santo,3201605,Conceição da Barra,320160510,Itaúnas,2322
3,Sudeste,32,Espírito Santo,3201704,Conceição do Castelo,320170405,Conceição do Castelo,11937
3,Sudeste,32,Espírito Santo,3201803,Divino de São Lourenço,320180305,Divino de São Lourenço,5083
3,Sudeste,32,Espírito Santo,3201902,Domingos Martins,320190205,Domingos Martins,10252
3,Sudeste,32,Espírito Santo,3201902,Domingos Martins,320190210,Aracê,8731
3,Sudeste,32,Espírito Santo,3201902,Domingos Martins,320190213,Biriricas,668
3,Sudeste,32,Espírito Santo,3201902,Domingos Martins,320190220,Isabel,1830
3,Sudeste,32,Espírito Santo,3201902,Domingos Martins,320190230,Melgaço,4877
3,Sudeste,32,Espírito Santo,3201902,Domingos Martins,320190235,Paraju,9058
3,Sudeste,32,Espírito Santo,3202009,Dores do Rio Preto,320200905,Dores do Rio Preto,3676
3,Sudeste,32,Espírito Santo,3202009,Dores do Rio Preto,320200910,Mundo Novo,980
3,Sudeste,32,Espírito Santo,3202009,Dores do Rio Preto,320200915,São Raimundo da Pedra Menina,1940
3,Sudeste,32,Espírito Santo,3202108,Ecoporanga,320210805,Ecoporanga,14608
3,Sudeste,32,Espírito Santo,3202108,Ecoporanga,320210810,Cotaxé,1232
3,Sudeste,32,Espírito Santo,3202108,Ecoporanga,320210815,Imburana,1014
3,Sudeste,32,Espírito Santo,3202108,Ecoporanga,320210820,Joaçuba,1758
3,Sudeste,32,Espírito Santo,3202108,Ecoporanga,320210822,Muritiba,581
3,Sudeste,32,Espírito Santo,3202108,Ecoporanga,320210823,Prata dos Baianos,1171
3,Sudeste,32,Espírito Santo,3202108,Ecoporanga,320210830,Santa Luzia do Norte,624
3,Sudeste,32,Espírito Santo,3202108,Ecoporanga,320210840,Santa Terezinha,1004
3,Sudeste,32,Espírito Santo,3202207,Fundão,320220705,Fundão,8757
3,Sudeste,32,Espírito Santo,3202207,Fundão,320220710,Irundi,476
3,Sudeste,32,Espírito Santo,3202207,Fundão,320220713,Praia Grande,6492
3,Sudeste,32,Espírito Santo,3202207,Fundão,320220715,Timbuí,2289
3,Sudeste,32,Espírito Santo,3202256,Governador Lindenberg,320225605,Governador Lindenberg,4513
3,Sudeste,32,Espírito Santo,3202256,Governador Lindenberg,320225610,Moacyr Ávidos,2641
3,Sudeste,32,Espírito Santo,3202256,Governador Lindenberg,320225613,Morello,1565
3,Sudeste,32,Espírito Santo,3202256,Governador Lindenberg,320225615,Novo Brasil,2290
3,Sudeste,32,Espírito Santo,3202306,Guaçuí,320230605,Guaçuí,24275
3,Sudeste,32,Espírito Santo,3202306,Guaçuí,320230608,São Miguel do Caparaó,1634
3,Sudeste,32,Espírito Santo,3202306,Guaçuí,320230610,São Pedro de Rates,1485
3,Sudeste,32,Espírito Santo,3202306,Guaçuí,320230615,São Tiago,1964
3,Sudeste,32,Espírito Santo,3202405,Guarapari,320240505,Guarapari,122380
3,Sudeste,32,Espírito Santo,3202405,Guarapari,320240510,Rio Calçado,1017
3,Sudeste,32,Espírito Santo,3202405,Guarapari,320240515,Todos os Santos,1259
3,Sudeste,32,Espírito Santo,3202454,Ibatiba,320245405,Ibatiba,25380
3,Sudeste,32,Espírito Santo,3202504,Ibiraçu,320250405,Ibiraçu,10357
3,Sudeste,32,Espírito Santo,3202504,Ibiraçu,320250420,Pendanga,1366
3,Sudeste,32,Espírito Santo,3202553,Ibitirama,320255305,Ibitirama,5748
3,Sudeste,32,Espírito Santo,3202553,Ibitirama,320255310,Santa Marta,3772
3,Sudeste,32,Espírito Santo,3202603,Iconha,320260305,Iconha,10501
3,Sudeste,32,Espírito Santo,3202603,Iconha,320260310,Duas Barras,1825
3,Sudeste,32,Espírito Santo,3202652,Irupi,320265205,Irupi,11710
3,Sudeste,32,Espírito Santo,3202652,Irupi,320265220,Santa Cruz de Irupi,2000
3,Sudeste,32,Espírito Santo,3202702,Itaguaçu,320270205,Itaguaçu,9503
3,Sudeste,32,Espírito Santo,3202702,Itaguaçu,320270210,Itaçu,1716
3,Sudeste,32,Espírito Santo,3202702,Itaguaçu,320270215,Itaimbé,1326
3,Sudeste,32,Espírito Santo,3202702,Itaguaçu,320270225,Palmeira,1044
3,Sudeste,32,Espírito Santo,3202801,Itapemirim,320280105,Itapemirim,13884
3,Sudeste,32,Espírito Santo,3202801,Itapemirim,320280109,Itaipava,16991
3,Sudeste,32,Espírito Santo,3202801,Itapemirim,320280110,Itapecoá,930
3,Sudeste,32,Espírito Santo,3202801,Itapemirim,320280114,Piabanha do Norte,4225
3,Sudeste,32,Espírito Santo,3202801,Itapemirim,320280115,Rio Muqui,3802
3,Sudeste,32,Espírito Santo,3202900,Itarana,320290005,Itarana,10597
3,Sudeste,32,Espírito Santo,3203007,Iúna,320300705,Iúna,18332
3,Sudeste,32,Espírito Santo,3203007,Iúna,320300720,Pequiá,3672
3,Sudeste,32,Espírito Santo,3203007,Iúna,320300723,Nossa Senhora das Graças,2700
3,Sudeste,32,Espírito Santo,3203007,Iúna,320300725,Santíssima Trindade,2424
3,Sudeste,32,Espírito Santo,3203007,Iúna,320300730,São João do Príncipe,1462
3,Sudeste,32,Espírito Santo,3203056,Jaguaré,320305605,Jaguaré,20653
3,Sudeste,32,Espírito Santo,3203056,Jaguaré,320305610,Barra Seca,5817
3,Sudeste,32,Espírito Santo,3203056,Jaguaré,320305620,Nossa Senhora de Fátima,2461
3,Sudeste,32,Espírito Santo,3203106,Jerônimo Monteiro,320310605,Jerônimo Monteiro,11575
3,Sudeste,32,Espírito Santo,3203130,João Neiva,320313005,João Neiva,12403
3,Sudeste,32,Espírito Santo,3203130,João Neiva,320313010,Acioli,1676
3,Sudeste,32,Espírito Santo,3203163,Laranja da Terra,320316305,Laranja da Terra,2831
3,Sudeste,32,Espírito Santo,3203163,Laranja da Terra,320316315,Joatuba,2795
3,Sudeste,32,Espírito Santo,3203163,Laranja da Terra,320316320,São Luiz de Miranda,845
3,Sudeste,32,Espírito Santo,3203163,Laranja da Terra,320316325,Sobreiro,3256
3,Sudeste,32,Espírito Santo,3203163,Laranja da Terra,320316330,Vila de Laranja da Terra,1367
3,Sudeste,32,Espírito Santo,3203205,Linhares,320320505,Linhares,129895
3,Sudeste,32,Espírito Santo,3203205,Linhares,320320507,Bebedouro,11170
3,Sudeste,32,Espírito Santo,3203205,Linhares,320320510,Desengano,620
3,Sudeste,32,Espírito Santo,3203205,Linhares,320320512,Farias,4262
3,Sudeste,32,Espírito Santo,3203205,Linhares,320320513,Pontal do Ipiranga,1816
3,Sudeste,32,Espírito Santo,3203205,Linhares,320320514,Povoação,3274
3,Sudeste,32,Espírito Santo,3203205,Linhares,320320515,Regência,1749
3,Sudeste,32,Espírito Santo,3203205,Linhares,320320523,Rio Quartel,5336
3,Sudeste,32,Espírito Santo,3203205,Linhares,320320525,São Rafael,8664
3,Sudeste,32,Espírito Santo,3203304,Mantenópolis,320330405,Mantenópolis,7098
3,Sudeste,32,Espírito Santo,3203304,Mantenópolis,320330410,Santa Luzia de Mantenópolis,1915
3,Sudeste,32,Espírito Santo,3203304,Mantenópolis,320330415,São Geraldo,1162
3,Sudeste,32,Espírito Santo,3203304,Mantenópolis,320330425,São José de Mantenópolis,2595
3,Sudeste,32,Espírito Santo,3203320,Marataízes,320332005,Marataízes,29556
3,Sudeste,32,Espírito Santo,3203320,Marataízes,320332010,Barra do Itapemirim,12373
3,Sudeste,32,Espírito Santo,3203346,Marechal Floriano,320334605,Marechal Floriano,12678
3,Sudeste,32,Espírito Santo,3203346,Marechal Floriano,320334610,Araguaia,2613
3,Sudeste,32,Espírito Santo,3203346,Marechal Floriano,320334625,Santa Maria de Marechal,2350
3,Sudeste,32,Espírito Santo,3203353,Marilândia,320335305,Marilândia,10121
3,Sudeste,32,Espírito Santo,3203353,Marilândia,320335310,Sapucaia,2266
3,Sudeste,32,Espírito Santo,3203403,Mimoso do Sul,320340305,Mimoso do Sul,15041
3,Sudeste,32,Espírito Santo,3203403,Mimoso do Sul,320340310,Conceição do Muqui,3566
3,Sudeste,32,Espírito Santo,3203403,Mimoso do Sul,320340315,Dona América,495
3,Sudeste,32,Espírito Santo,3203403,Mimoso do Sul,320340320,Ponte de Itabapoana,1130
3,Sudeste,32,Espírito Santo,3203403,Mimoso do Sul,320340325,Santo Antônio do Muqui,1438
3,Sudeste,32,Espírito Santo,3203403,Mimoso do Sul,320340330,São José das Torres,1905
3,Sudeste,32,Espírito Santo,3203403,Mimoso do Sul,320340335,São Pedro de Itabapoana,900
3,Sudeste,32,Espírito Santo,3203502,Montanha,320350205,Montanha,14247
3,Sudeste,32,Espírito Santo,3203502,Montanha,320350210,Vinhático,4653
3,Sudeste,32,Espírito Santo,3203601,Mucurici,320360105,Mucurici,3663
3,Sudeste,32,Espírito Santo,3203601,Mucurici,320360110,Itabaiana,1803
3,Sudeste,32,Espírito Santo,3203700,Muniz Freire,320370005,Muniz Freire,8027
3,Sudeste,32,Espírito Santo,3203700,Muniz Freire,320370008,Alto Norte,1880
3,Sudeste,32,Espírito Santo,3203700,Muniz Freire,320370010,Itaici,814
3,Sudeste,32,Espírito Santo,3203700,Muniz Freire,320370015,Menino Jesus,1573
3,Sudeste,32,Espírito Santo,3203700,Muniz Freire,320370020,Piaçu,4112
3,Sudeste,32,Espírito Santo,3203700,Muniz Freire,320370023,São Pedro,772
3,Sudeste,32,Espírito Santo,3203700,Muniz Freire,320370025,Vieira Machado,975
3,Sudeste,32,Espírito Santo,3203809,Muqui,320380905,Muqui,11929
3,Sudeste,32,Espírito Santo,3203809,Muqui,320380910,Camará,1816
3,Sudeste,32,Espírito Santo,3203908,Nova Venécia,320390805,Nova Venécia,39067
3,Sudeste,32,Espírito Santo,3203908,Nova Venécia,320390815,Guararema,6216
3,Sudeste,32,Espírito Santo,3203908,Nova Venécia,320390830,Santo Antônio do Quinze,3782
3,Sudeste,32,Espírito Santo,3204005,Pancas,320400505,Pancas,9936
3,Sudeste,32,Espírito Santo,3204005,Pancas,320400515,Lajinha,7109
3,Sudeste,32,Espírito Santo,3204005,Pancas,320400525,Vila Verde,1848
3,Sudeste,32,Espírito Santo,3204054,Pedro Canário,320405405,Pedro Canário,18230
3,Sudeste,32,Espírito Santo,3204054,Pedro Canário,320405415,Cristal do Norte,3292
3,Sudeste,32,Espírito Santo,3204104,Pinheiros,320410405,Pinheiros,20849
3,Sudeste,32,Espírito Santo,3204104,Pinheiros,320410410,São João do Sobrado,3066
3,Sudeste,32,Espírito Santo,3204203,Piúma,320420305,Piúma,21418
3,Sudeste,32,Espírito Santo,3204203,Piúma,320420310,Aghá,882
3,Sudeste,32,Espírito Santo,3204252,Ponto Belo,320425205,Ponto Belo,5067
3,Sudeste,32,Espírito Santo,3204252,Ponto Belo,320425215,Itamira,1430
3,Sudeste,32,Espírito Santo,3204302,Presidente Kennedy,320430205,Presidente Kennedy,13696
3,Sudeste,32,Espírito Santo,3204351,Rio Bananal,320435105,Rio Bananal,13072
3,Sudeste,32,Espírito Santo,3204351,Rio Bananal,320435140,São Francisco,2321
3,Sudeste,32,Espírito Santo,3204351,Rio Bananal,320435145,São Jorge de Tiradentes,3881
3,Sudeste,32,Espírito Santo,3204401,Rio Novo do Sul,320440105,Rio Novo do Sul,10184
3,Sudeste,32,Espírito Santo,3204401,Rio Novo do Sul,320440110,Princesa,885
3,Sudeste,32,Espírito Santo,3204500,Santa Leopoldina,320450005,Santa Leopoldina,8266
3,Sudeste,32,Espírito Santo,3204500,Santa Leopoldina,320450010,Djalma Coutinho,1106
3,Sudeste,32,Espírito Santo,3204500,Santa Leopoldina,320450025,Mangaraí,3734
3,Sudeste,32,Espírito Santo,3204559,Santa Maria de Jetibá,320455905,Santa Maria de Jetibá,28819
3,Sudeste,32,Espírito Santo,3204559,Santa Maria de Jetibá,320455915,Garrafão,12817
3,Sudeste,32,Espírito Santo,3204609,Santa Teresa,320460905,Santa Teresa,13610
3,Sudeste,32,Espírito Santo,3204609,Santa Teresa,320460907,Alto Caldeirão,2305
3,Sudeste,32,Espírito Santo,3204609,Santa Teresa,320460910,Alto Santa Maria,2981
3,Sudeste,32,Espírito Santo,3204609,Santa Teresa,320460917,Santo Antônio do Canaã,1780
3,Sudeste,32,Espírito Santo,3204609,Santa Teresa,320460920,São João de Petrópolis,1254
3,Sudeste,32,Espírito Santo,3204609,Santa Teresa,320460925,Vinte e Cinco de Julho,878
3,Sudeste,32,Espírito Santo,3204658,São Domingos do Norte,320465805,São Domingos do Norte,8589
3,Sudeste,32,Espírito Santo,3204658,São Domingos do Norte,320465810,Braço do Sul,
3,Sudeste,32,Espírito Santo,3204708,São Gabriel da Palha,320470805,São Gabriel da Palha,28680
3,Sudeste,32,Espírito Santo,3204708,São Gabriel da Palha,320470815,Fartura,3572
3,Sudeste,32,Espírito Santo,3204807,São José do Calçado,320480705,São José do Calçado,8291
3,Sudeste,32,Espírito Santo,3204807,São José do Calçado,320480710,Airituba,667
3,Sudeste,32,Espírito Santo,3204807,São José do Calçado,320480715,Alto Calçado,1377
3,Sudeste,32,Espírito Santo,3204807,São José do Calçado,320480720,Divino Espírito Santo,543
3,Sudeste,32,Espírito Santo,3204906,São Mateus,320490605,São Mateus,81716
3,Sudeste,32,Espírito Santo,3204906,São Mateus,320490610,Barra Nova,24741
3,Sudeste,32,Espírito Santo,3204906,São Mateus,320490620,Itauninhas,3522
3,Sudeste,32,Espírito Santo,3204906,São Mateus,320490630,Nestor Gomes,12069
3,Sudeste,32,Espírito Santo,3204906,São Mateus,320490635,Nova Verona,1704
3,Sudeste,32,Espírito Santo,3204955,São Roque do Canaã,320495505,São Roque do Canaã,7251
3,Sudeste,32,Espírito Santo,3204955,São Roque do Canaã,320495520,Santa Júlia,2738
3,Sudeste,32,Espírito Santo,3204955,São Roque do Canaã,320495525,São Jacinto,897
3,Sudeste,32,Espírito Santo,3205002,Serra,320500205,Serra,132153
3,Sudeste,32,Espírito Santo,3205002,Serra,320500210,Calogi,2223
3,Sudeste,32,Espírito Santo,3205002,Serra,320500215,Carapina,314388
3,Sudeste,32,Espírito Santo,3205002,Serra,320500220,Nova Almeida,70725
3,Sudeste,32,Espírito Santo,3205002,Serra,320500225,Queimado,1164
3,Sudeste,32,Espírito Santo,3205010,Sooretama,320501005,Sooretama,26502
3,Sudeste,32,Espírito Santo,3205036,Vargem Alta,320503605,Vargem Alta,6466
3,Sudeste,32,Espírito Santo,3205036,Vargem Alta,320503610,Alto Castelinho,2285
3,Sudeste,32,Espírito Santo,3205036,Vargem Alta,320503615,Jaciguá,5228
3,Sudeste,32,Espírito Santo,3205036,Vargem Alta,320503620,Prosperidade,1770
3,Sudeste,32,Espírito Santo,3205036,Vargem Alta,320503625,São José de Fruteiras,3814
3,Sudeste,32,Espírito Santo,3205069,Venda Nova do Imigrante,320506905,Venda Nova do Imigrante,16180
3,Sudeste,32,Espírito Santo,3205069,Venda Nova do Imigrante,320506910,Alto Caxixe,3401
3,Sudeste,32,Espírito Santo,3205069,Venda Nova do Imigrante,320506920,São João de Viçosa,4250
3,Sudeste,32,Espírito Santo,3205101,Viana,320510105,Viana,71672
3,Sudeste,32,Espírito Santo,3205101,Viana,320510110,Araçatiba,1751
3,Sudeste,32,Espírito Santo,3205150,Vila Pavão,320515005,Vila Pavão,8911
3,Sudeste,32,Espírito Santo,3205176,Vila Valério,320517605,Vila Valério,7666
3,Sudeste,32,Espírito Santo,3205176,Vila Valério,320517615,Jurama,3899
3,Sudeste,32,Espírito Santo,3205176,Vila Valério,320517630,São Jorge da Barra Seca,2163
3,Sudeste,32,Espírito Santo,3205200,Vila Velha,320520005,Vila Velha,201127
3,Sudeste,32,Espírito Santo,3205200,Vila Velha,320520010,Argolas,33876
3,Sudeste,32,Espírito Santo,3205200,Vila Velha,320520015,Ibes,125283
3,Sudeste,32,Espírito Santo,3205200,Vila Velha,320520020,Jucu,91239
3,Sudeste,32,Espírito Santo,3205200,Vila Velha,320520025,São Torquato,16197
3,Sudeste,32,Espírito Santo,3205309,Vitória,320530905,Vitória,210066
3,Sudeste,32,Espírito Santo,3205309,Vitória,320530910,Goiabeiras,112803
3,Sudeste,33,Rio de Janeiro,3300100,Angra dos Reis,330010005,Angra dos Reis,59255
3,Sudeste,33,Rio de Janeiro,3300100,Angra dos Reis,330010010,Abraão,5216
3,Sudeste,33,Rio de Janeiro,3300100,Angra dos Reis,330010015,Cunhambebe,77688
3,Sudeste,33,Rio de Janeiro,3300100,Angra dos Reis,330010025,Mambucaba,25275
3,Sudeste,33,Rio de Janeiro,3300159,Aperibé,330015905,Aperibé,11034
3,Sudeste,33,Rio de Janeiro,3300209,Araruama,330020905,Araruama,87838
3,Sudeste,33,Rio de Janeiro,3300209,Araruama,330020908,Iguabinha,15143
3,Sudeste,33,Rio de Janeiro,3300209,Araruama,330020910,Morro Grande,8767
3,Sudeste,33,Rio de Janeiro,3300209,Araruama,330020912,Praia Seca,4887
3,Sudeste,33,Rio de Janeiro,3300209,Araruama,330020915,São Vicente de Paula,13036
3,Sudeste,33,Rio de Janeiro,3300225,Areal,330022505,Areal,11828
3,Sudeste,33,Rio de Janeiro,3300233,Armação dos Búzios,330023305,Armação dos Búzios,40006
3,Sudeste,33,Rio de Janeiro,3300258,Arraial do Cabo,330025805,Arraial do Cabo,30986
3,Sudeste,33,Rio de Janeiro,3300308,Barra do Piraí,330030805,Barra do Piraí,66013
3,Sudeste,33,Rio de Janeiro,3300308,Barra do Piraí,330030807,Califórnia da Barra,14865
3,Sudeste,33,Rio de Janeiro,3300308,Barra do Piraí,330030810,Dorândia,2243
3,Sudeste,33,Rio de Janeiro,3300308,Barra do Piraí,330030815,Ipiabas,4585
3,Sudeste,33,Rio de Janeiro,3300308,Barra do Piraí,330030820,São José do Turvo,751
3,Sudeste,33,Rio de Janeiro,3300308,Barra do Piraí,330030825,Vargem Alegre,4426
3,Sudeste,33,Rio de Janeiro,3300407,Barra Mansa,330040705,Barra Mansa,164056
3,Sudeste,33,Rio de Janeiro,3300407,Barra Mansa,330040709,Antônio Rocha,695
3,Sudeste,33,Rio de Janeiro,3300407,Barra Mansa,330040715,Floriano,1565
3,Sudeste,33,Rio de Janeiro,3300407,Barra Mansa,330040720,Nossa Senhora do Amparo,1449
3,Sudeste,33,Rio de Janeiro,3300407,Barra Mansa,330040730,Rialto,873
3,Sudeste,33,Rio de Janeiro,3300407,Barra Mansa,330040740,Santa Rita de Cássia,1256
3,Sudeste,33,Rio de Janeiro,3300456,Belford Roxo,330045605,Belford Roxo,483087
3,Sudeste,33,Rio de Janeiro,3300506,Bom Jardim,330050605,Bom Jardim,16023
3,Sudeste,33,Rio de Janeiro,3300506,Bom Jardim,330050610,Banquete,3021
3,Sudeste,33,Rio de Janeiro,3300506,Bom Jardim,330050615,Barra Alegre,2829
3,Sudeste,33,Rio de Janeiro,3300506,Bom Jardim,330050620,São José do Ribeirão,6229
3,Sudeste,33,Rio de Janeiro,3300605,Bom Jesus do Itabapoana,330060505,Bom Jesus do Itabapoana,26594
3,Sudeste,33,Rio de Janeiro,3300605,Bom Jesus do Itabapoana,330060510,Calheiros,1367
3,Sudeste,33,Rio de Janeiro,3300605,Bom Jesus do Itabapoana,330060515,Carabuçu,2009
3,Sudeste,33,Rio de Janeiro,3300605,Bom Jesus do Itabapoana,330060520,Pirapetinga de Bom Jesus,702
3,Sudeste,33,Rio de Janeiro,3300605,Bom Jesus do Itabapoana,330060525,Rosal,1415
3,Sudeste,33,Rio de Janeiro,3300605,Bom Jesus do Itabapoana,330060530,Serrinha,512
3,Sudeste,33,Rio de Janeiro,3300605,Bom Jesus do Itabapoana,330060535,Usina Santa Maria,742
3,Sudeste,33,Rio de Janeiro,3300605,Bom Jesus do Itabapoana,330060540,Santa Isabel,1832
3,Sudeste,33,Rio de Janeiro,3300704,Cabo Frio,330070405,Cabo Frio,150140
3,Sudeste,33,Rio de Janeiro,3300704,Cabo Frio,330070420,Tamoios,72021
3,Sudeste,33,Rio de Janeiro,3300803,Cachoeiras de Macacu,330080305,Cachoeiras de Macacu,56943
3,Sudeste,33,Rio de Janeiro,3300902,Cambuci,330090205,Cambuci,6825
3,Sudeste,33,Rio de Janeiro,3300902,Cambuci,330090207,Cruzeiro,634
3,Sudeste,33,Rio de Janeiro,3300902,Cambuci,330090210,Funil,1792
3,Sudeste,33,Rio de Janeiro,3300902,Cambuci,330090215,Monte Verde,405
3,Sudeste,33,Rio de Janeiro,3300902,Cambuci,330090220,São João do Paraíso,3985
3,Sudeste,33,Rio de Janeiro,3300902,Cambuci,330090230,Três Irmãos,975
3,Sudeste,33,Rio de Janeiro,3300936,Carapebus,330093605,Carapebus,13847
3,Sudeste,33,Rio de Janeiro,3300951,Comendador Levy Gasparian,330095105,Comendador Levy Gasparian,7455
3,Sudeste,33,Rio de Janeiro,3300951,Comendador Levy Gasparian,330095110,Afonso Arinos,1286
3,Sudeste,33,Rio de Janeiro,3301009,Campos dos Goytacazes,330100905,Campos dos Goytacazes,379121
3,Sudeste,33,Rio de Janeiro,3301009,Campos dos Goytacazes,330100915,Dores de Macabu,9670
3,Sudeste,33,Rio de Janeiro,3301009,Campos dos Goytacazes,330100920,Ibitioca,3311
3,Sudeste,33,Rio de Janeiro,3301009,Campos dos Goytacazes,330100930,Morangaba,5115
3,Sudeste,33,Rio de Janeiro,3301009,Campos dos Goytacazes,330100935,Morro do Coco,4704
3,Sudeste,33,Rio de Janeiro,3301009,Campos dos Goytacazes,330100940,Mussurepe,12512
3,Sudeste,33,Rio de Janeiro,3301009,Campos dos Goytacazes,330100945,Santa Maria,3667
3,Sudeste,33,Rio de Janeiro,3301009,Campos dos Goytacazes,330100950,Santo Amaro de Campos,7679
3,Sudeste,33,Rio de Janeiro,3301009,Campos dos Goytacazes,330100955,Santo Eduardo,4082
3,Sudeste,33,Rio de Janeiro,3301009,Campos dos Goytacazes,330100965,São Sebastião de Campos,13895
3,Sudeste,33,Rio de Janeiro,3301009,Campos dos Goytacazes,330100970,Serrinha,1315
3,Sudeste,33,Rio de Janeiro,3301009,Campos dos Goytacazes,330100975,Tocos,7446
3,Sudeste,33,Rio de Janeiro,3301009,Campos dos Goytacazes,330100980,Travessão,25477
3,Sudeste,33,Rio de Janeiro,3301009,Campos dos Goytacazes,330100985,Vila Nova de Campos,5546
3,Sudeste,33,Rio de Janeiro,3301108,Cantagalo,330110805,Cantagalo,11765
3,Sudeste,33,Rio de Janeiro,3301108,Cantagalo,330110810,Boa Sorte,1475
3,Sudeste,33,Rio de Janeiro,3301108,Cantagalo,330110815,Euclidelândia,4153
3,Sudeste,33,Rio de Janeiro,3301108,Cantagalo,330110820,Santa Rita da Floresta,1174
3,Sudeste,33,Rio de Janeiro,3301108,Cantagalo,330110825,São Sebastião do Paraíba,823
3,Sudeste,33,Rio de Janeiro,3301157,Cardoso Moreira,330115705,Cardoso Moreira,9580
3,Sudeste,33,Rio de Janeiro,3301157,Cardoso Moreira,330115710,São Joaquim,3378
3,Sudeste,33,Rio de Janeiro,3301207,Carmo,330120705,Carmo,15413
3,Sudeste,33,Rio de Janeiro,3301207,Carmo,330120710,Córrego da Prata,808
3,Sudeste,33,Rio de Janeiro,3301207,Carmo,330120715,Porto Velho do Cunha,977
3,Sudeste,33,Rio de Janeiro,3301306,Casimiro de Abreu,330130605,Casimiro de Abreu,19909
3,Sudeste,33,Rio de Janeiro,3301306,Casimiro de Abreu,330130610,Barra de São João,21841
3,Sudeste,33,Rio de Janeiro,3301306,Casimiro de Abreu,330130618,Professor Souza,2625
3,Sudeste,33,Rio de Janeiro,3301306,Casimiro de Abreu,330130620,Rio Dourado,1735
3,Sudeste,33,Rio de Janeiro,3301405,Conceição de Macabu,330140505,Conceição de Macabu,19988
3,Sudeste,33,Rio de Janeiro,3301405,Conceição de Macabu,330140510,Macabuzinho,1116
3,Sudeste,33,Rio de Janeiro,3301504,Cordeiro,330150405,Cordeiro,20783
3,Sudeste,33,Rio de Janeiro,3301603,Duas Barras,330160305,Duas Barras,6050
3,Sudeste,33,Rio de Janeiro,3301603,Duas Barras,330160310,Monnerat,4930
3,Sudeste,33,Rio de Janeiro,3301702,Duque de Caxias,330170205,Duque de Caxias,298562
3,Sudeste,33,Rio de Janeiro,3301702,Duque de Caxias,330170210,Campos Elyseos,288225
3,Sudeste,33,Rio de Janeiro,3301702,Duque de Caxias,330170215,Imbariê,156438
3,Sudeste,33,Rio de Janeiro,3301702,Duque de Caxias,330170220,Xerém,64936
3,Sudeste,33,Rio de Janeiro,3301801,Engenheiro Paulo de Frontin,330180105,Engenheiro Paulo de Frontin,7461
3,Sudeste,33,Rio de Janeiro,3301801,Engenheiro Paulo de Frontin,330180110,Sacra Família do Tinguá,1702
3,Sudeste,33,Rio de Janeiro,3301801,Engenheiro Paulo de Frontin,330180115,Morro Azul do Tinguá,3079
3,Sudeste,33,Rio de Janeiro,3301850,Guapimirim,330185005,Guapimirim,51696
3,Sudeste,33,Rio de Janeiro,3301876,Iguaba Grande,330187605,Iguaba Grande,27920
3,Sudeste,33,Rio de Janeiro,3301900,Itaboraí,330190005,Itaboraí,119990
3,Sudeste,33,Rio de Janeiro,3301900,Itaboraí,330190010,Cabuçu,6100
3,Sudeste,33,Rio de Janeiro,3301900,Itaboraí,330190015,Itambi,20993
3,Sudeste,33,Rio de Janeiro,3301900,Itaboraí,330190018,Manilha,59922
3,Sudeste,33,Rio de Janeiro,3301900,Itaboraí,330190019,Pachecos,3325
3,Sudeste,33,Rio de Janeiro,3301900,Itaboraí,330190020,Porto das Caixas,2830
3,Sudeste,33,Rio de Janeiro,3301900,Itaboraí,330190025,Sambaetiba,4392
3,Sudeste,33,Rio de Janeiro,3301900,Itaboraí,330190040,Visconde de Itaboraí,6715
3,Sudeste,33,Rio de Janeiro,3302007,Itaguaí,330200705,Itaguaí,116281
3,Sudeste,33,Rio de Janeiro,3302007,Itaguaí,330200715,Ibituporanga,560
3,Sudeste,33,Rio de Janeiro,3302056,Italva,330205605,Italva,14073
3,Sudeste,33,Rio de Janeiro,3302106,Itaocara,330210605,Itaocara,14855
3,Sudeste,33,Rio de Janeiro,3302106,Itaocara,330210607,Batatal,703
3,Sudeste,33,Rio de Janeiro,3302106,Itaocara,330210610,Estrada Nova,528
3,Sudeste,33,Rio de Janeiro,3302106,Itaocara,330210615,Jaguarembé,2445
3,Sudeste,33,Rio de Janeiro,3302106,Itaocara,330210620,Laranjais,2421
3,Sudeste,33,Rio de Janeiro,3302106,Itaocara,330210625,Portela,1967
3,Sudeste,33,Rio de Janeiro,3302205,Itaperuna,330220505,Itaperuna,84800
3,Sudeste,33,Rio de Janeiro,3302205,Itaperuna,330220510,Boaventura,2964
3,Sudeste,33,Rio de Janeiro,3302205,Itaperuna,330220515,Comendador Venâncio,3224
3,Sudeste,33,Rio de Janeiro,3302205,Itaperuna,330220520,Itajara,555
3,Sudeste,33,Rio de Janeiro,3302205,Itaperuna,330220525,Nossa Senhora da Penha,2520
3,Sudeste,33,Rio de Janeiro,3302205,Itaperuna,330220530,Retiro do Muriaé,3364
3,Sudeste,33,Rio de Janeiro,3302205,Itaperuna,330220535,Raposo,3614
3,Sudeste,33,Rio de Janeiro,3302254,Itatiaia,330225405,Itatiaia,30908
3,Sudeste,33,Rio de Janeiro,3302270,Japeri,330227005,Japeri,96289
3,Sudeste,33,Rio de Janeiro,3302304,Laje do Muriaé,330230405,Laje do Muriaé,7336
3,Sudeste,33,Rio de Janeiro,3302403,Macaé,330240305,Macaé,232473
3,Sudeste,33,Rio de Janeiro,3302403,Macaé,330240315,Cachoeiros de Macaé,1750
3,Sudeste,33,Rio de Janeiro,3302403,Macaé,330240325,Córrego do Ouro,4690
3,Sudeste,33,Rio de Janeiro,3302403,Macaé,330240327,Frade,1833
3,Sudeste,33,Rio de Janeiro,3302403,Macaé,330240330,Glicério,3455
3,Sudeste,33,Rio de Janeiro,3302403,Macaé,330240340,Sana,2190
3,Sudeste,33,Rio de Janeiro,3302452,Macuco,330245205,Macuco,5415
3,Sudeste,33,Rio de Janeiro,3302502,Magé,330250205,Magé,49915
3,Sudeste,33,Rio de Janeiro,3302502,Magé,330250215,Guia de Pacobaíba,28247
3,Sudeste,33,Rio de Janeiro,3302502,Magé,330250220,Inhomirim,105943
3,Sudeste,33,Rio de Janeiro,3302502,Magé,330250225,Santo Aleixo,11139
3,Sudeste,33,Rio de Janeiro,3302502,Magé,330250230,Suruí,16453
3,Sudeste,33,Rio de Janeiro,3302502,Magé,330250235,Rio D'Ouro,16430
3,Sudeste,33,Rio de Janeiro,3302601,Mangaratiba,330260105,Mangaratiba,17848
3,Sudeste,33,Rio de Janeiro,3302601,Mangaratiba,330260110,Conceição de Jacareí,4005
3,Sudeste,33,Rio de Janeiro,3302601,Mangaratiba,330260115,Itacurussá,7075
3,Sudeste,33,Rio de Janeiro,3302601,Mangaratiba,330260120,Muriqui,12292
3,Sudeste,33,Rio de Janeiro,3302700,Maricá,330270005,Maricá,79176
3,Sudeste,33,Rio de Janeiro,3302700,Maricá,330270010,Inoã,35709
3,Sudeste,33,Rio de Janeiro,3302700,Maricá,330270015,Ponta Negra,22922
3,Sudeste,33,Rio de Janeiro,3302700,Maricá,330270020,Itaipuaçu,59470
3,Sudeste,33,Rio de Janeiro,3302809,Mendes,330280905,Mendes,17502
3,Sudeste,33,Rio de Janeiro,3302858,Mesquita,330285805,Mesquita,79288
3,Sudeste,33,Rio de Janeiro,3302858,Mesquita,330285810,Vila Emil,36585
3,Sudeste,33,Rio de Janeiro,3302858,Mesquita,330285815,Banco de Areia,51254
3,Sudeste,33,Rio de Janeiro,3302908,Miguel Pereira,330290805,Miguel Pereira,17235
3,Sudeste,33,Rio de Janeiro,3302908,Miguel Pereira,330290807,Conrado,2005
3,Sudeste,33,Rio de Janeiro,3302908,Miguel Pereira,330290810,Governador Portela,7342
3,Sudeste,33,Rio de Janeiro,3303005,Miracema,330300505,Miracema,24326
3,Sudeste,33,Rio de Janeiro,3303005,Miracema,330300510,Paraíso do Tobias,1814
3,Sudeste,33,Rio de Janeiro,3303005,Miracema,330300515,Venda das Flores,741
3,Sudeste,33,Rio de Janeiro,3303104,Natividade,330310405,Natividade,13099
3,Sudeste,33,Rio de Janeiro,3303104,Natividade,330310407,Bom Jesus do Querendo,980
3,Sudeste,33,Rio de Janeiro,3303104,Natividade,330310410,Ourânia,995
3,Sudeste,33,Rio de Janeiro,3303203,Nilópolis,330320305,Nilópolis,93476
3,Sudeste,33,Rio de Janeiro,3303203,Nilópolis,330320310,Olinda,53298
3,Sudeste,33,Rio de Janeiro,3303302,Niterói,330330205,Niterói,481749
3,Sudeste,33,Rio de Janeiro,3303401,Nova Friburgo,330340105,Nova Friburgo,104787
3,Sudeste,33,Rio de Janeiro,3303401,Nova Friburgo,330340110,Amparo,4696
3,Sudeste,33,Rio de Janeiro,3303401,Nova Friburgo,330340115,Campo do Coelho,12681
3,Sudeste,33,Rio de Janeiro,3303401,Nova Friburgo,330340120,Conselheiro Paulino,45010
3,Sudeste,33,Rio de Janeiro,3303401,Nova Friburgo,330340125,Lumiar,6042
3,Sudeste,33,Rio de Janeiro,3303401,Nova Friburgo,330340127,Muri,6712
3,Sudeste,33,Rio de Janeiro,3303401,Nova Friburgo,330340130,Riograndina,6115
3,Sudeste,33,Rio de Janeiro,3303401,Nova Friburgo,330340135,São Pedro da Serra,3896
3,Sudeste,33,Rio de Janeiro,3303500,Nova Iguaçu,330350005,Nova Iguaçu,785867
3,Sudeste,33,Rio de Janeiro,3303609,Paracambi,330360905,Paracambi,41375
3,Sudeste,33,Rio de Janeiro,3303708,Paraíba do Sul,330370805,Paraíba do Sul,18738
3,Sudeste,33,Rio de Janeiro,3303708,Paraíba do Sul,330370810,Inconfidência,1852
3,Sudeste,33,Rio de Janeiro,3303708,Paraíba do Sul,330370815,Salutaris,18118
3,Sudeste,33,Rio de Janeiro,3303708,Paraíba do Sul,330370820,Werneck,3355
3,Sudeste,33,Rio de Janeiro,3303807,Paraty,330380705,Paraty,33709
3,Sudeste,33,Rio de Janeiro,3303807,Paraty,330380710,Paraty-Mirim,6977
3,Sudeste,33,Rio de Janeiro,3303807,Paraty,330380715,Tarituba,4557
3,Sudeste,33,Rio de Janeiro,3303856,Paty do Alferes,330385605,Paty do Alferes,21774
3,Sudeste,33,Rio de Janeiro,3303856,Paty do Alferes,330385610,Avelar,7845
3,Sudeste,33,Rio de Janeiro,3303906,Petrópolis,330390605,Petrópolis,158076
3,Sudeste,33,Rio de Janeiro,3303906,Petrópolis,330390610,Cascatinha,69268
3,Sudeste,33,Rio de Janeiro,3303906,Petrópolis,330390615,Itaipava,23934
3,Sudeste,33,Rio de Janeiro,3303906,Petrópolis,330390620,Pedro do Rio,15864
3,Sudeste,33,Rio de Janeiro,3303906,Petrópolis,330390623,Posse,11739
3,Sudeste,33,Rio de Janeiro,3303955,Pinheiral,330395505,Pinheiral,24298
3,Sudeste,33,Rio de Janeiro,3304003,Piraí,330400305,Piraí,16038
3,Sudeste,33,Rio de Janeiro,3304003,Piraí,330400310,Arrozal,8865
3,Sudeste,33,Rio de Janeiro,3304003,Piraí,330400315,Monumento,1190
3,Sudeste,33,Rio de Janeiro,3304003,Piraí,330400325,Santanésia,1381
3,Sudeste,33,Rio de Janeiro,3304102,Porciúncula,330410205,Porciúncula,12878
3,Sudeste,33,Rio de Janeiro,3304102,Porciúncula,330410210,Purilândia,1056
3,Sudeste,33,Rio de Janeiro,3304102,Porciúncula,330410215,Santa Clara,3354
3,Sudeste,33,Rio de Janeiro,3304110,Porto Real,330411005,Porto Real,20373
3,Sudeste,33,Rio de Janeiro,3304128,Quatis,330412805,Quatis,12977
3,Sudeste,33,Rio de Janeiro,3304128,Quatis,330412810,Falcão,286
3,Sudeste,33,Rio de Janeiro,3304128,Quatis,330412820,Ribeirão de São Joaquim,419
3,Sudeste,33,Rio de Janeiro,3304144,Queimados,330414405,Queimados,140523
3,Sudeste,33,Rio de Janeiro,3304151,Quissamã,330415105,Quissamã,22393
3,Sudeste,33,Rio de Janeiro,3304201,Resende,330420105,Resende,88232
3,Sudeste,33,Rio de Janeiro,3304201,Resende,330420110,Agulhas Negras,34056
3,Sudeste,33,Rio de Janeiro,3304201,Resende,330420115,Engenheiro Passos,3677
3,Sudeste,33,Rio de Janeiro,3304201,Resende,330420120,Fumaça,708
3,Sudeste,33,Rio de Janeiro,3304201,Resende,330420130,Pedra Selada,976
3,Sudeste,33,Rio de Janeiro,3304201,Resende,330420145,Bulhões,340
3,Sudeste,33,Rio de Janeiro,3304201,Resende,330420150,Visconde de Mauá,1623
3,Sudeste,33,Rio de Janeiro,3304300,Rio Bonito,330430005,Rio Bonito,41796
3,Sudeste,33,Rio de Janeiro,3304300,Rio Bonito,330430007,Bazílio,5722
3,Sudeste,33,Rio de Janeiro,3304300,Rio Bonito,330430010,Boa Esperança,8758
3,Sudeste,33,Rio de Janeiro,3304409,Rio Claro,330440905,Rio Claro,6995
3,Sudeste,33,Rio de Janeiro,3304409,Rio Claro,330440910,Getulândia,1166
3,Sudeste,33,Rio de Janeiro,3304409,Rio Claro,330440915,Lídice,5811
3,Sudeste,33,Rio de Janeiro,3304409,Rio Claro,330440920,Passa Três,2841
3,Sudeste,33,Rio de Janeiro,3304409,Rio Claro,330440925,São João Marcos,588
3,Sudeste,33,Rio de Janeiro,3304508,Rio das Flores,330450805,Rio das Flores,4837
3,Sudeste,33,Rio de Janeiro,3304508,Rio das Flores,330450810,Abarracamento,307
3,Sudeste,33,Rio de Janeiro,3304508,Rio das Flores,330450815,Manuel Duarte,1489
3,Sudeste,33,Rio de Janeiro,3304508,Rio das Flores,330450820,Taboas,2321
3,Sudeste,33,Rio de Janeiro,3304524,Rio das Ostras,330452405,Rio das Ostras,156491
3,Sudeste,33,Rio de Janeiro,3304557,Rio de Janeiro,330455705,Rio de Janeiro,6211223
3,Sudeste,33,Rio de Janeiro,3304607,Santa Maria Madalena,330460705,Santa Maria Madalena,6179
3,Sudeste,33,Rio de Janeiro,3304607,Santa Maria Madalena,330460710,Doutor Loréti,1410
3,Sudeste,33,Rio de Janeiro,3304607,Santa Maria Madalena,330460715,Renascença,119
3,Sudeste,33,Rio de Janeiro,3304607,Santa Maria Madalena,330460720,Santo Antônio do Imbé,865
3,Sudeste,33,Rio de Janeiro,3304607,Santa Maria Madalena,330460725,Sossego,192
3,Sudeste,33,Rio de Janeiro,3304607,Santa Maria Madalena,330460730,Triunfo,825
3,Sudeste,33,Rio de Janeiro,3304607,Santa Maria Madalena,330460735,Osório Bersot,642
3,Sudeste,33,Rio de Janeiro,3304706,Santo Antônio de Pádua,330470605,Santo Antônio de Pádua,24464
3,Sudeste,33,Rio de Janeiro,3304706,Santo Antônio de Pádua,330470615,Baltazar,481
3,Sudeste,33,Rio de Janeiro,3304706,Santo Antônio de Pádua,330470617,Campelo,576
3,Sudeste,33,Rio de Janeiro,3304706,Santo Antônio de Pádua,330470620,Ibitiguaçu,565
3,Sudeste,33,Rio de Janeiro,3304706,Santo Antônio de Pádua,330470625,Marangatu,1171
3,Sudeste,33,Rio de Janeiro,3304706,Santo Antônio de Pádua,330470630,Monte Alegre,2059
3,Sudeste,33,Rio de Janeiro,3304706,Santo Antônio de Pádua,330470635,Paraoquena,5155
3,Sudeste,33,Rio de Janeiro,3304706,Santo Antônio de Pádua,330470640,Santa Cruz,1100
3,Sudeste,33,Rio de Janeiro,3304706,Santo Antônio de Pádua,330470650,São Pedro de Alcântara,5754
3,Sudeste,33,Rio de Janeiro,3304755,São Francisco de Itabapoana,330475505,São Francisco de Itabapoana,24070
3,Sudeste,33,Rio de Janeiro,3304755,São Francisco de Itabapoana,330475510,Barra Seca,13689
3,Sudeste,33,Rio de Janeiro,3304755,São Francisco de Itabapoana,330475515,Maniva,7300
3,Sudeste,33,Rio de Janeiro,3304805,São Fidélis,330480505,São Fidélis,24513
3,Sudeste,33,Rio de Janeiro,3304805,São Fidélis,330480510,Cambiasca,1945
3,Sudeste,33,Rio de Janeiro,3304805,São Fidélis,330480515,Colônia,3372
3,Sudeste,33,Rio de Janeiro,3304805,São Fidélis,330480520,Ipuca,6157
3,Sudeste,33,Rio de Janeiro,3304805,São Fidélis,330480525,Pureza,2974
3,Sudeste,33,Rio de Janeiro,3304904,São Gonçalo,330490405,São Gonçalo,285439
3,Sudeste,33,Rio de Janeiro,3304904,São Gonçalo,330490410,Ipiiba,179237
3,Sudeste,33,Rio de Janeiro,3304904,São Gonçalo,330490415,Monjolo,213754
3,Sudeste,33,Rio de Janeiro,3304904,São Gonçalo,330490420,Neves,144205
3,Sudeste,33,Rio de Janeiro,3304904,São Gonçalo,330490425,Sete Pontes,74109
3,Sudeste,33,Rio de Janeiro,3305000,São João da Barra,330500005,São João da Barra,9375
3,Sudeste,33,Rio de Janeiro,3305000,São João da Barra,330500007,Atafona,7718
3,Sudeste,33,Rio de Janeiro,3305000,São João da Barra,330500010,Barcelos,3367
3,Sudeste,33,Rio de Janeiro,3305000,São João da Barra,330500016,Cajueiro,26
3,Sudeste,33,Rio de Janeiro,3305000,São João da Barra,330500018,Grussaí,9279
3,Sudeste,33,Rio de Janeiro,3305000,São João da Barra,330500030,Pipeiras,6808
3,Sudeste,33,Rio de Janeiro,3305109,São João de Meriti,330510905,São João de Meriti,234975
3,Sudeste,33,Rio de Janeiro,3305109,São João de Meriti,330510910,Coelho da Rocha,152873
3,Sudeste,33,Rio de Janeiro,3305109,São João de Meriti,330510915,São Mateus,53114
3,Sudeste,33,Rio de Janeiro,3305133,São José de Ubá,330513305,São José de Ubá,7070
3,Sudeste,33,Rio de Janeiro,3305158,São José do Vale do Rio Preto,330515805,São José do Vale do Rio Preto,22080
3,Sudeste,33,Rio de Janeiro,3305208,São Pedro da Aldeia,330520805,São Pedro da Aldeia,104029
3,Sudeste,33,Rio de Janeiro,3305307,São Sebastião do Alto,330530705,São Sebastião do Alto,2912
3,Sudeste,33,Rio de Janeiro,3305307,São Sebastião do Alto,330530707,Ipituna,1517
3,Sudeste,33,Rio de Janeiro,3305307,São Sebastião do Alto,330530710,Valão do Barro,2595
3,Sudeste,33,Rio de Janeiro,3305307,São Sebastião do Alto,330530715,Ibipeba,726
3,Sudeste,33,Rio de Janeiro,3305406,Sapucaia,330540605,Sapucaia,6137
3,Sudeste,33,Rio de Janeiro,3305406,Sapucaia,330540610,Anta,3757
3,Sudeste,33,Rio de Janeiro,3305406,Sapucaia,330540615,Jamapará,4726
3,Sudeste,33,Rio de Janeiro,3305406,Sapucaia,330540620,Nossa Senhora da Aparecida,1427
3,Sudeste,33,Rio de Janeiro,3305406,Sapucaia,330540625,Pião,1682
3,Sudeste,33,Rio de Janeiro,3305505,Saquarema,330550505,Saquarema,31964
3,Sudeste,33,Rio de Janeiro,3305505,Saquarema,330550510,Bacaxá,41913
3,Sudeste,33,Rio de Janeiro,3305505,Saquarema,330550515,Sampaio Correia,15682
3,Sudeste,33,Rio de Janeiro,3305554,Seropédica,330555405,Seropédica,80596
3,Sudeste,33,Rio de Janeiro,3305604,Silva Jardim,330560405,Silva Jardim,19900
3,Sudeste,33,Rio de Janeiro,3305604,Silva Jardim,330560410,Correntezas,421
3,Sudeste,33,Rio de Janeiro,3305604,Silva Jardim,330560415,Gaviões,282
3,Sudeste,33,Rio de Janeiro,3305604,Silva Jardim,330560420,Aldeia Velha,749
3,Sudeste,33,Rio de Janeiro,3305703,Sumidouro,330570305,Sumidouro,7473
3,Sudeste,33,Rio de Janeiro,3305703,Sumidouro,330570310,Campinas,3260
3,Sudeste,33,Rio de Janeiro,3305703,Sumidouro,330570315,Dona Mariana,1347
3,Sudeste,33,Rio de Janeiro,3305703,Sumidouro,330570325,Soledade,3126
3,Sudeste,33,Rio de Janeiro,3305752,Tanguá,330575205,Tanguá,31086
3,Sudeste,33,Rio de Janeiro,3305802,Teresópolis,330580205,Teresópolis,134955
3,Sudeste,33,Rio de Janeiro,3305802,Teresópolis,330580210,Vale de Bonsucesso,17663
3,Sudeste,33,Rio de Janeiro,3305802,Teresópolis,330580215,Vale do Paquequer,12505
3,Sudeste,33,Rio de Janeiro,3305901,Trajano de Moraes,330590105,Trajano de Moraes,3877
3,Sudeste,33,Rio de Janeiro,3305901,Trajano de Moraes,330590110,Doutor Elias,1229
3,Sudeste,33,Rio de Janeiro,3305901,Trajano de Moraes,330590115,Sodrelândia,675
3,Sudeste,33,Rio de Janeiro,3305901,Trajano de Moraes,330590120,Vila da Grama,2430
3,Sudeste,33,Rio de Janeiro,3305901,Trajano de Moraes,330590125,Visconde de Imbé,2091
3,Sudeste,33,Rio de Janeiro,3306008,Três Rios,330600805,Três Rios,74362
3,Sudeste,33,Rio de Janeiro,3306008,Três Rios,330600820,Bemposta,3984
3,Sudeste,33,Rio de Janeiro,3306107,Valença,330610705,Valença,54065
3,Sudeste,33,Rio de Janeiro,3306107,Valença,330610710,Barão de Juparanã,4279
3,Sudeste,33,Rio de Janeiro,3306107,Valença,330610715,Conservatória,4093
3,Sudeste,33,Rio de Janeiro,3306107,Valença,330610720,Parapeúna,1915
3,Sudeste,33,Rio de Janeiro,3306107,Valença,330610725,Pentagna,1464
3,Sudeste,33,Rio de Janeiro,3306107,Valença,330610730,Santa Isabel do Rio Preto,2272
3,Sudeste,33,Rio de Janeiro,3306156,Varre-Sai,330615605,Varre-Sai,10207
3,Sudeste,33,Rio de Janeiro,3306206,Vassouras,330620605,Vassouras,28856
3,Sudeste,33,Rio de Janeiro,3306206,Vassouras,330620610,Andrade Pinto,1983
3,Sudeste,33,Rio de Janeiro,3306206,Vassouras,330620630,São Sebastião dos Ferreiros,1128
3,Sudeste,33,Rio de Janeiro,3306206,Vassouras,330620635,Sebastião de Lacerda,2009
3,Sudeste,33,Rio de Janeiro,3306305,Volta Redonda,330630505,Volta Redonda,261563
3,Sudeste,35,São Paulo,3500105,Adamantina,350010505,Adamantina,34687
3,Sudeste,35,São Paulo,3500204,Adolfo,350020405,Adolfo,4351
3,Sudeste,35,São Paulo,3500303,Aguaí,350030305,Aguaí,32072
3,Sudeste,35,São Paulo,3500402,Águas da Prata,350040205,Águas da Prata,5739
3,Sudeste,35,São Paulo,3500402,Águas da Prata,350040210,São Roque da Fartura,1630
3,Sudeste,35,São Paulo,3500501,Águas de Lindóia,350050105,Águas de Lindóia,17930
3,Sudeste,35,São Paulo,3500550,Águas de Santa Bárbara,350055005,Águas de Santa Bárbara,7177
3,Sudeste,35,São Paulo,3500600,Águas de São Pedro,350060005,Águas de São Pedro,2780
3,Sudeste,35,São Paulo,3500709,Agudos,350070905,Agudos,36429
3,Sudeste,35,São Paulo,3500709,Agudos,350070910,Domélia,1251
3,Sudeste,35,São Paulo,3500758,Alambari,350075805,Alambari,6141
3,Sudeste,35,São Paulo,3500808,Alfredo Marcondes,350080805,Alfredo Marcondes,4445
3,Sudeste,35,São Paulo,3500907,Altair,350090705,Altair,3039
3,Sudeste,35,São Paulo,3500907,Altair,350090715,Suinana,412
3,Sudeste,35,São Paulo,3501004,Altinópolis,350100405,Altinópolis,16818
3,Sudeste,35,São Paulo,3501103,Alto Alegre,350110305,Alto Alegre,2888
3,Sudeste,35,São Paulo,3501103,Alto Alegre,350110310,Jatobá,664
3,Sudeste,35,São Paulo,3501103,Alto Alegre,350110315,São Martinho d'Oeste,289
3,Sudeste,35,São Paulo,3501152,Alumínio,350115205,Alumínio,17301
3,Sudeste,35,São Paulo,3501202,Álvares Florence,350120205,Álvares Florence,3519
3,Sudeste,35,São Paulo,3501202,Álvares Florence,350120210,Boa Vista dos Andradas,396
3,Sudeste,35,São Paulo,3501301,Álvares Machado,350130105,Álvares Machado,26434
3,Sudeste,35,São Paulo,3501301,Álvares Machado,350130110,Coronel Goulart,821
3,Sudeste,35,São Paulo,3501400,Álvaro de Carvalho,350140005,Álvaro de Carvalho,4808
3,Sudeste,35,São Paulo,3501509,Alvinlândia,350150905,Alvinlândia,2885
3,Sudeste,35,São Paulo,3501608,Americana,350160805,Americana,237240
3,Sudeste,35,São Paulo,3501707,Américo Brasiliense,350170705,Américo Brasiliense,33019
3,Sudeste,35,São Paulo,3501806,Américo de Campos,350180605,Américo de Campos,5870
3,Sudeste,35,São Paulo,3501905,Amparo,350190505,Amparo,54098
3,Sudeste,35,São Paulo,3501905,Amparo,350190510,Arcadas,11877
3,Sudeste,35,São Paulo,3501905,Amparo,350190515,Três Pontes,2033
3,Sudeste,35,São Paulo,3502002,Analândia,350200205,Analândia,4589
3,Sudeste,35,São Paulo,3502101,Andradina,350210105,Andradina,59783
3,Sudeste,35,São Paulo,3502200,Angatuba,350220005,Angatuba,20191
3,Sudeste,35,São Paulo,3502200,Angatuba,350220008,Bom Retiro da Esperança,3831
3,Sudeste,35,São Paulo,3502309,Anhembi,350230905,Anhembi,4177
3,Sudeste,35,São Paulo,3502309,Anhembi,350230910,Pirambóia,1497
3,Sudeste,35,São Paulo,3502408,Anhumas,350240805,Anhumas,4023
3,Sudeste,35,São Paulo,3502507,Aparecida,350250705,Aparecida,32569
3,Sudeste,35,São Paulo,3502606,Aparecida d'Oeste,350260605,Aparecida d'Oeste,4086
3,Sudeste,35,São Paulo,3502705,Apiaí,350270505,Apiaí,18327
3,Sudeste,35,São Paulo,3502705,Apiaí,350270510,Araçaíba,1475
3,Sudeste,35,São Paulo,3502705,Apiaí,350270525,Lageado de Araçaíba,3532
3,Sudeste,35,São Paulo,3502705,Apiaí,350270530,Palmitalzinho,1251
3,Sudeste,35,São Paulo,3502754,Araçariguama,350275405,Araçariguama,21522
3,Sudeste,35,São Paulo,3502804,Araçatuba,350280405,Araçatuba,200124
3,Sudeste,35,São Paulo,3502903,Araçoiaba da Serra,350290305,Araçoiaba da Serra,32443
3,Sudeste,35,São Paulo,3503000,Aramina,350300005,Aramina,5420
3,Sudeste,35,São Paulo,3503109,Arandu,350310905,Arandu,6885
3,Sudeste,35,São Paulo,3503158,Arapeí,350315805,Arapeí,2330
3,Sudeste,35,São Paulo,3503208,Araraquara,350320805,Araraquara,179590
3,Sudeste,35,São Paulo,3503208,Araraquara,350320810,Bueno de Andrada,1628
3,Sudeste,35,São Paulo,3503208,Araraquara,350320825,Vila Xavier,61010
3,Sudeste,35,São Paulo,3503307,Araras,350330705,Araras,130866
3,Sudeste,35,São Paulo,3503356,Arco-Íris,350335605,Arco-Íris,2044
3,Sudeste,35,São Paulo,3503406,Arealva,350340605,Arealva,6607
3,Sudeste,35,São Paulo,3503406,Arealva,350340610,Jacuba,1523
3,Sudeste,35,São Paulo,3503505,Areias,350350505,Areias,3577
3,Sudeste,35,São Paulo,3503604,Areiópolis,350360405,Areiópolis,10130
3,Sudeste,35,São Paulo,3503703,Ariranha,350370305,Ariranha,7602
3,Sudeste,35,São Paulo,3503802,Artur Nogueira,350380205,Artur Nogueira,51456
3,Sudeste,35,São Paulo,3503901,Arujá,350390105,Arujá,86678
3,Sudeste,35,São Paulo,3503950,Aspásia,350395005,Aspásia,1842
3,Sudeste,35,São Paulo,3504008,Assis,350400805,Assis,101409
3,Sudeste,35,São Paulo,3504107,Atibaia,350410705,Atibaia,158647
3,Sudeste,35,São Paulo,3504206,Auriflama,350420605,Auriflama,13692
3,Sudeste,35,São Paulo,3504305,Avaí,350430505,Avaí,4134
3,Sudeste,35,São Paulo,3504305,Avaí,350430510,Nogueira,349
3,Sudeste,35,São Paulo,3504404,Avanhandava,350440405,Avanhandava,11263
3,Sudeste,35,São Paulo,3504503,Avaré,350450305,Avaré,92805
3,Sudeste,35,São Paulo,3504602,Bady Bassitt,350460205,Bady Bassitt,27260
3,Sudeste,35,São Paulo,3504701,Balbinos,350470105,Balbinos,3887
3,Sudeste,35,São Paulo,3504800,Bálsamo,350480005,Bálsamo,9596
3,Sudeste,35,São Paulo,3504909,Bananal,350490905,Bananal,9969
3,Sudeste,35,São Paulo,3505005,Barão de Antonina,350500505,Barão de Antonina,3531
3,Sudeste,35,São Paulo,3505104,Barbosa,350510405,Barbosa,5640
3,Sudeste,35,São Paulo,3505203,Bariri,350520305,Bariri,31595
3,Sudeste,35,São Paulo,3505302,Barra Bonita,350530205,Barra Bonita,34346
3,Sudeste,35,São Paulo,3505351,Barra do Chapéu,350535105,Barra do Chapéu,5179
3,Sudeste,35,São Paulo,3505401,Barra do Turvo,350540105,Barra do Turvo,6876
3,Sudeste,35,São Paulo,3505500,Barretos,350550005,Barretos,120319
3,Sudeste,35,São Paulo,3505500,Barretos,350550010,Alberto Moreira,507
3,Sudeste,35,São Paulo,3505500,Barretos,350550015,Ibitu,1659
3,Sudeste,35,São Paulo,3505609,Barrinha,350560905,Barrinha,32092
3,Sudeste,35,São Paulo,3505708,Barueri,350570805,Barueri,165989
3,Sudeste,35,São Paulo,3505708,Barueri,350570810,Aldeia,56389
3,Sudeste,35,São Paulo,3505708,Barueri,350570815,Jardim Belval,35845
3,Sudeste,35,São Paulo,3505708,Barueri,350570820,Jardim Silveira,58250
3,Sudeste,35,São Paulo,3505807,Bastos,350580705,Bastos,21503
3,Sudeste,35,São Paulo,3505906,Batatais,350590605,Batatais,58402
3,Sudeste,35,São Paulo,3506003,Bauru,350600305,Bauru,377511
3,Sudeste,35,São Paulo,3506003,Bauru,350600310,Tibiriçá,1635
3,Sudeste,35,São Paulo,3506102,Bebedouro,350610205,Bebedouro,74426
3,Sudeste,35,São Paulo,3506102,Bebedouro,350610210,Botafogo,1438
3,Sudeste,35,São Paulo,3506102,Bebedouro,350610215,Turvínia,509
3,Sudeste,35,São Paulo,3506201,Bento de Abreu,350620105,Bento de Abreu,2606
3,Sudeste,35,São Paulo,3506300,Bernardino de Campos,350630005,Bernardino de Campos,11607
3,Sudeste,35,São Paulo,3506359,Bertioga,350635905,Bertioga,64188
3,Sudeste,35,São Paulo,3506409,Bilac,350640905,Bilac,7319
3,Sudeste,35,São Paulo,3506508,Birigui,350650805,Birigui,118979
3,Sudeste,35,São Paulo,3506607,Biritiba Mirim,350660705,Biritiba Mirim,29683
3,Sudeste,35,São Paulo,3506706,Boa Esperança do Sul,350670605,Boa Esperança do Sul,12978
3,Sudeste,35,São Paulo,3506805,Bocaina,350680505,Bocaina,11259
3,Sudeste,35,São Paulo,3506904,Bofete,350690405,Bofete,10050
3,Sudeste,35,São Paulo,3506904,Bofete,350690410,São Roque Novo,410
3,Sudeste,35,São Paulo,3507001,Boituva,350700105,Boituva,61081
3,Sudeste,35,São Paulo,3507100,Bom Jesus dos Perdões,350710005,Bom Jesus dos Perdões,22006
3,Sudeste,35,São Paulo,3507159,Bom Sucesso de Itararé,350715905,Bom Sucesso de Itararé,3555
3,Sudeste,35,São Paulo,3507209,Borá,350720905,Borá,907
3,Sudeste,35,São Paulo,3507308,Boracéia,350730805,Boracéia,4715
3,Sudeste,35,São Paulo,3507407,Borborema,350740705,Borborema,14226
3,Sudeste,35,São Paulo,3507456,Borebi,350745605,Borebi,2713
3,Sudeste,35,São Paulo,3507506,Botucatu,350750605,Botucatu,131137
3,Sudeste,35,São Paulo,3507506,Botucatu,350750610,Rubião Júnior,11204
3,Sudeste,35,São Paulo,3507506,Botucatu,350750615,Vitoriana,2814
3,Sudeste,35,São Paulo,3507605,Bragança Paulista,350760505,Bragança Paulista,176811
3,Sudeste,35,São Paulo,3507704,Braúna,350770405,Braúna,5356
3,Sudeste,35,São Paulo,3507753,Brejo Alegre,350775305,Brejo Alegre,2565
3,Sudeste,35,São Paulo,3507803,Brodowski,350780305,Brodowski,25201
3,Sudeste,35,São Paulo,3507902,Brotas,350790205,Brotas,23023
3,Sudeste,35,São Paulo,3507902,Brotas,350790210,São Sebastião da Serra,875
3,Sudeste,35,São Paulo,3508009,Buri,350800905,Buri,19484
3,Sudeste,35,São Paulo,3508009,Buri,350800910,Aracaçu,766
3,Sudeste,35,São Paulo,3508108,Buritama,350810805,Buritama,17210
3,Sudeste,35,São Paulo,3508207,Buritizal,350820705,Buritizal,4356
3,Sudeste,35,São Paulo,3508306,Cabrália Paulista,350830605,Cabrália Paulista,4299
3,Sudeste,35,São Paulo,3508405,Cabreúva,350840505,Cabreúva,8571
3,Sudeste,35,São Paulo,3508405,Cabreúva,350840510,Bom Fim do Bom Jesus,3966
3,Sudeste,35,São Paulo,3508405,Cabreúva,350840520,Jacaré,34474
3,Sudeste,35,São Paulo,3508504,Caçapava,350850405,Caçapava,96202
3,Sudeste,35,São Paulo,3508603,Cachoeira Paulista,350860305,Cachoeira Paulista,31564
3,Sudeste,35,São Paulo,3508702,Caconde,350870205,Caconde,15373
3,Sudeste,35,São Paulo,3508702,Caconde,350870210,Barrânia,1728
3,Sudeste,35,São Paulo,3508801,Cafelândia,350880105,Cafelândia,14426
3,Sudeste,35,São Paulo,3508801,Cafelândia,350880110,Bacuriti,999
3,Sudeste,35,São Paulo,3508801,Cafelândia,350880115,Cafesópolis,90
3,Sudeste,35,São Paulo,3508801,Cafelândia,350880120,Simões,1139
3,Sudeste,35,São Paulo,3508900,Caiabu,350890005,Caiabu,2850
3,Sudeste,35,São Paulo,3508900,Caiabu,350890010,Boa Esperança d'Oeste,205
3,Sudeste,35,São Paulo,3508900,Caiabu,350890015,Iubatinga,657
3,Sudeste,35,São Paulo,3509007,Caieiras,350900705,Caieiras,95032
3,Sudeste,35,São Paulo,3509106,Caiuá,350910605,Caiuá,5466
3,Sudeste,35,São Paulo,3509205,Cajamar,350920505,Cajamar,17602
3,Sudeste,35,São Paulo,3509205,Cajamar,350920510,Jordanésia,26408
3,Sudeste,35,São Paulo,3509205,Cajamar,350920515,Polvilho,48679
3,Sudeste,35,São Paulo,3509254,Cajati,350925405,Cajati,28515
3,Sudeste,35,São Paulo,3509304,Cajobi,350930405,Cajobi,8143
3,Sudeste,35,São Paulo,3509304,Cajobi,350930415,Monte Verde Paulista,990
3,Sudeste,35,São Paulo,3509403,Cajuru,350940305,Cajuru,23830
3,Sudeste,35,São Paulo,3509452,Campina do Monte Alegre,350945205,Campina do Monte Alegre,5503
3,Sudeste,35,São Paulo,3509452,Campina do Monte Alegre,350945215,Salto,451
3,Sudeste,35,São Paulo,3509502,Campinas,350950205,Campinas,774307
3,Sudeste,35,São Paulo,3509502,Campinas,350950210,Barão Geraldo,58822
3,Sudeste,35,São Paulo,3509502,Campinas,350950215,Joaquim Egídio,1332
3,Sudeste,35,São Paulo,3509502,Campinas,350950220,Nova Aparecida,37384
3,Sudeste,35,São Paulo,3509502,Campinas,350950225,Souzas,17565
3,Sudeste,35,São Paulo,3509502,Campinas,350950230,Ouro Verde,124593
3,Sudeste,35,São Paulo,3509502,Campinas,350950235,Campo Grande,125044
3,Sudeste,35,São Paulo,3509601,Campo Limpo Paulista,350960105,Campo Limpo Paulista,62833
3,Sudeste,35,São Paulo,3509601,Campo Limpo Paulista,350960108,Botujuru,14799
3,Sudeste,35,São Paulo,3509700,Campos do Jordão,350970005,Campos do Jordão,46974
3,Sudeste,35,São Paulo,3509809,Campos Novos Paulista,350980905,Campos Novos Paulista,4888
3,Sudeste,35,São Paulo,3509908,Cananéia,350990805,Cananéia,11667
3,Sudeste,35,São Paulo,3509908,Cananéia,350990810,Ariri,622
3,Sudeste,35,São Paulo,3509957,Canas,350995705,Canas,4931
3,Sudeste,35,São Paulo,3510005,Cândido Mota,351000505,Cândido Mota,26919
3,Sudeste,35,São Paulo,3510005,Cândido Mota,351000510,Frutal do Campo,1286
3,Sudeste,35,São Paulo,3510005,Cândido Mota,351000515,Nova Alexandria,769
3,Sudeste,35,São Paulo,3510005,Cândido Mota,351000520,Santo Antônio do Paranapanema,475
3,Sudeste,35,São Paulo,3510104,Cândido Rodrigues,351010405,Cândido Rodrigues,2889
3,Sudeste,35,São Paulo,3510153,Canitar,351015305,Canitar,6283
3,Sudeste,35,São Paulo,3510203,Capão Bonito,351020305,Capão Bonito,45839
3,Sudeste,35,São Paulo,3510203,Capão Bonito,351020308,Apiaí-Mirim,498
3,Sudeste,35,São Paulo,3510302,Capela do Alto,351030205,Capela do Alto,18349
3,Sudeste,35,São Paulo,3510302,Capela do Alto,351030220,Porto,4517
3,Sudeste,35,São Paulo,3510401,Capivari,351040105,Capivari,50068
3,Sudeste,35,São Paulo,3510500,Caraguatatuba,351050005,Caraguatatuba,66906
3,Sudeste,35,São Paulo,3510500,Caraguatatuba,351050010,Porto Novo,67967
3,Sudeste,35,São Paulo,3510609,Carapicuíba,351060905,Carapicuíba,226937
3,Sudeste,35,São Paulo,3510609,Carapicuíba,351060910,Aldeia de Carapicuíba,40966
3,Sudeste,35,São Paulo,3510609,Carapicuíba,351060930,Vila Dirce,119081
3,Sudeste,35,São Paulo,3510708,Cardoso,351070805,Cardoso,10430
3,Sudeste,35,São Paulo,3510708,Cardoso,351070810,São João do Marinheiro,915
3,Sudeste,35,São Paulo,3510807,Casa Branca,351080705,Casa Branca,25693
3,Sudeste,35,São Paulo,3510807,Casa Branca,351080710,Lagoa Branca,1320
3,Sudeste,35,São Paulo,3510807,Casa Branca,351080715,Venda Branca,1070
3,Sudeste,35,São Paulo,3510906,Cássia dos Coqueiros,351090605,Cássia dos Coqueiros,2799
3,Sudeste,35,São Paulo,3511003,Castilho,351100305,Castilho,19977
3,Sudeste,35,São Paulo,3511102,Catanduva,351110205,Catanduva,115791
3,Sudeste,35,São Paulo,3511201,Catiguá,351120105,Catiguá,7003
3,Sudeste,35,São Paulo,3511300,Cedral,351130005,Cedral,12618
3,Sudeste,35,São Paulo,3511409,Cerqueira César,351140905,Cerqueira César,21469
3,Sudeste,35,São Paulo,3511508,Cerquilho,351150805,Cerquilho,44695
3,Sudeste,35,São Paulo,3511607,Cesário Lange,351160705,Cesário Lange,15959
3,Sudeste,35,São Paulo,3511607,Cesário Lange,351160720,Fazenda Velha,3089
3,Sudeste,35,São Paulo,3511706,Charqueada,351170605,Charqueada,10867
3,Sudeste,35,São Paulo,3511706,Charqueada,351170610,Paraisolândia,4668
3,Sudeste,35,São Paulo,3511904,Clementina,351190405,Clementina,6772
3,Sudeste,35,São Paulo,3511904,Clementina,351190410,Lauro Penteado,210
3,Sudeste,35,São Paulo,3512001,Colina,351200105,Colina,18486
3,Sudeste,35,São Paulo,3512100,Colômbia,351210005,Colômbia,6629
3,Sudeste,35,São Paulo,3512209,Conchal,351220905,Conchal,27088
3,Sudeste,35,São Paulo,3512209,Conchal,351220910,Tujuguaba,1013
3,Sudeste,35,São Paulo,3512308,Conchas,351230805,Conchas,14640
3,Sudeste,35,São Paulo,3512308,Conchas,351230810,Juquiratiba,592
3,Sudeste,35,São Paulo,3512407,Cordeirópolis,351240705,Cordeirópolis,24514
3,Sudeste,35,São Paulo,3512506,Coroados,351250605,Coroados,5400
3,Sudeste,35,São Paulo,3512605,Coronel Macedo,351260505,Coronel Macedo,4280
3,Sudeste,35,São Paulo,3512704,Corumbataí,351270405,Corumbataí,4195
3,Sudeste,35,São Paulo,3512803,Cosmópolis,351280305,Cosmópolis,59773
3,Sudeste,35,São Paulo,3512902,Cosmorama,351290205,Cosmorama,8719
3,Sudeste,35,São Paulo,3513009,Cotia,351300905,Cotia,226319
3,Sudeste,35,São Paulo,3513009,Cotia,351300910,Caucaia do Alto,48094
3,Sudeste,35,São Paulo,3513108,Cravinhos,351310805,Cravinhos,33281
3,Sudeste,35,São Paulo,3513207,Cristais Paulista,351320705,Cristais Paulista,9272
3,Sudeste,35,São Paulo,3513306,Cruzália,351330605,Cruzália,2108
3,Sudeste,35,São Paulo,3513405,Cruzeiro,351340505,Cruzeiro,74961
3,Sudeste,35,São Paulo,3513504,Cubatão,351350405,Cubatão,112476
3,Sudeste,35,São Paulo,3513603,Cunha,351360305,Cunha,18788
3,Sudeste,35,São Paulo,3513603,Cunha,351360310,Campos de Cunha,3322
3,Sudeste,35,São Paulo,3513702,Descalvado,351370205,Descalvado,31756
3,Sudeste,35,São Paulo,3513801,Diadema,351380105,Diadema,393237
3,Sudeste,35,São Paulo,3513850,Dirce Reis,351385005,Dirce Reis,1620
3,Sudeste,35,São Paulo,3513900,Divinolândia,351390005,Divinolândia,9562
3,Sudeste,35,São Paulo,3513900,Divinolândia,351390010,Campestrinho,1596
3,Sudeste,35,São Paulo,3514007,Dobrada,351400705,Dobrada,8759
3,Sudeste,35,São Paulo,3514106,Dois Córregos,351410605,Dois Córregos,23347
3,Sudeste,35,São Paulo,3514106,Dois Córregos,351410610,Guarapuã,1163
3,Sudeste,35,São Paulo,3514205,Dolcinópolis,351420505,Dolcinópolis,2207
3,Sudeste,35,São Paulo,3514304,Dourado,351430405,Dourado,8096
3,Sudeste,35,São Paulo,3514403,Dracena,351440305,Dracena,43023
3,Sudeste,35,São Paulo,3514403,Dracena,351440310,Jaciporã,737
3,Sudeste,35,São Paulo,3514403,Dracena,351440315,Jamaica,1714
3,Sudeste,35,São Paulo,3514502,Duartina,351450205,Duartina,12328
3,Sudeste,35,São Paulo,3514601,Dumont,351460105,Dumont,9471
3,Sudeste,35,São Paulo,3514700,Echaporã,351470005,Echaporã,6205
3,Sudeste,35,São Paulo,3514809,Eldorado,351480905,Eldorado,8804
3,Sudeste,35,São Paulo,3514809,Eldorado,351480910,Braço,1174
3,Sudeste,35,São Paulo,3514809,Eldorado,351480915,Itapeúna,3091
3,Sudeste,35,São Paulo,3514908,Elias Fausto,351490805,Elias Fausto,13849
3,Sudeste,35,São Paulo,3514908,Elias Fausto,351490810,Cardeal,3850
3,Sudeste,35,São Paulo,3514924,Elisiário,351492405,Elisiário,3138
3,Sudeste,35,São Paulo,3514957,Embaúba,351495705,Embaúba,2323
3,Sudeste,35,São Paulo,3515004,Embu das Artes,351500405,Embu das Artes,250691
3,Sudeste,35,São Paulo,3515103,Embu-Guaçu,351510305,Embu-Guaçu,45767
3,Sudeste,35,São Paulo,3515103,Embu-Guaçu,351510310,Cipó-Guaçu,21203
3,Sudeste,35,São Paulo,3515129,Emilianópolis,351512905,Emilianópolis,3014
3,Sudeste,35,São Paulo,3515152,Engenheiro Coelho,351515205,Engenheiro Coelho,19566
3,Sudeste,35,São Paulo,3515186,Espírito Santo do Pinhal,351518605,Espírito Santo do Pinhal,39816
3,Sudeste,35,São Paulo,3515194,Espírito Santo do Turvo,351519405,Espírito Santo do Turvo,4157
3,Sudeste,35,São Paulo,3515202,Estrela d'Oeste,351520205,Estrela d'Oeste,9417
3,Sudeste,35,São Paulo,3515301,Estrela do Norte,351530105,Estrela do Norte,2703
3,Sudeste,35,São Paulo,3515350,Euclides da Cunha Paulista,351535005,Euclides da Cunha Paulista,7924
3,Sudeste,35,São Paulo,3515400,Fartura,351540005,Fartura,16641
3,Sudeste,35,São Paulo,3515509,Fernandópolis,351550905,Fernandópolis,70349
3,Sudeste,35,São Paulo,3515509,Fernandópolis,351550910,Brasitânia,837
3,Sudeste,35,São Paulo,3515608,Fernando Prestes,351560805,Fernando Prestes,4544
3,Sudeste,35,São Paulo,3515608,Fernando Prestes,351560810,Agulha,1398
3,Sudeste,35,São Paulo,3515657,Fernão,351565705,Fernão,1656
3,Sudeste,35,São Paulo,3515707,Ferraz de Vasconcelos,351570705,Ferraz de Vasconcelos,133938
3,Sudeste,35,São Paulo,3515707,Ferraz de Vasconcelos,351570710,Santa Margarida Paulista,26460
3,Sudeste,35,São Paulo,3515707,Ferraz de Vasconcelos,351570715,Santo Antônio Paulista,18800
3,Sudeste,35,São Paulo,3515806,Flora Rica,351580605,Flora Rica,1487
3,Sudeste,35,São Paulo,3515905,Floreal,351590505,Floreal,2733
3,Sudeste,35,São Paulo,3516002,Flórida Paulista,351600205,Flórida Paulista,11685
3,Sudeste,35,São Paulo,3516002,Flórida Paulista,351600210,Atlântida,423
3,Sudeste,35,São Paulo,3516002,Flórida Paulista,351600215,Indaiá do Aguapeí,850
3,Sudeste,35,São Paulo,3516101,Florínea,351610105,Florínea,3851
3,Sudeste,35,São Paulo,3516200,Franca,351620005,Franca,352536
3,Sudeste,35,São Paulo,3516309,Francisco Morato,351630905,Francisco Morato,165139
3,Sudeste,35,São Paulo,3516408,Franco da Rocha,351640805,Franco da Rocha,144849
3,Sudeste,35,São Paulo,3516507,Gabriel Monteiro,351650705,Gabriel Monteiro,2763
3,Sudeste,35,São Paulo,3516606,Gália,351660605,Gália,6380
3,Sudeste,35,São Paulo,3516705,Garça,351670505,Garça,40205
3,Sudeste,35,São Paulo,3516705,Garça,351670510,Jafa,1905
3,Sudeste,35,São Paulo,3516804,Gastão Vidigal,351680405,Gastão Vidigal,3252
3,Sudeste,35,São Paulo,3516853,Gavião Peixoto,351685305,Gavião Peixoto,4702
3,Sudeste,35,São Paulo,3516903,General Salgado,351690305,General Salgado,9686
3,Sudeste,35,São Paulo,3516903,General Salgado,351690313,Prudêncio e Moraes,626
3,Sudeste,35,São Paulo,3517000,Getulina,351700005,Getulina,9119
3,Sudeste,35,São Paulo,3517000,Getulina,351700010,Macucos,988
3,Sudeste,35,São Paulo,3517000,Getulina,351700015,Santa América,125
3,Sudeste,35,São Paulo,3517109,Glicério,351710905,Glicério,3251
3,Sudeste,35,São Paulo,3517109,Glicério,351710910,Juritis,887
3,Sudeste,35,São Paulo,3517208,Guaiçara,351720805,Guaiçara,11239
3,Sudeste,35,São Paulo,3517307,Guaimbê,351730705,Guaimbê,5381
3,Sudeste,35,São Paulo,3517307,Guaimbê,351730710,Fátima,131
3,Sudeste,35,São Paulo,3517406,Guaíra,351740605,Guaíra,39279
3,Sudeste,35,São Paulo,3517505,Guapiaçu,351750505,Guapiaçu,21711
3,Sudeste,35,São Paulo,3517604,Guapiara,351760405,Guapiara,17071
3,Sudeste,35,São Paulo,3517703,Guará,351770305,Guará,18038
3,Sudeste,35,São Paulo,3517703,Guará,351770310,Pioneiros,568
3,Sudeste,35,São Paulo,3517802,Guaraçaí,351780205,Guaraçaí,7441
3,Sudeste,35,São Paulo,3517901,Guaraci,351790105,Guaraci,10350
3,Sudeste,35,São Paulo,3518008,Guarani d'Oeste,351800805,Guarani d'Oeste,1968
3,Sudeste,35,São Paulo,3518107,Guarantã,351810705,Guarantã,6427
3,Sudeste,35,São Paulo,3518206,Guararapes,351820605,Guararapes,30953
3,Sudeste,35,São Paulo,3518206,Guararapes,351820610,Ribeiro do Vale,90
3,Sudeste,35,São Paulo,3518305,Guararema,351830505,Guararema,31236
3,Sudeste,35,São Paulo,3518404,Guaratinguetá,351840405,Guaratinguetá,118044
3,Sudeste,35,São Paulo,3518503,Guareí,351850305,Guareí,15013
3,Sudeste,35,São Paulo,3518602,Guariba,351860205,Guariba,37498
3,Sudeste,35,São Paulo,3518701,Guarujá,351870105,Guarujá,145937
3,Sudeste,35,São Paulo,3518701,Guarujá,351870110,Vicente de Carvalho,141697
3,Sudeste,35,São Paulo,3518800,Guarulhos,351880005,Guarulhos,826262
3,Sudeste,35,São Paulo,3518800,Guarulhos,351880010,Jardim Presidente Dutra,465509
3,Sudeste,35,São Paulo,3518859,Guatapará,351885905,Guatapará,7320
3,Sudeste,35,São Paulo,3518909,Guzolândia,351890905,Guzolândia,4246
3,Sudeste,35,São Paulo,3519006,Herculândia,351900605,Herculândia,8534
3,Sudeste,35,São Paulo,3519006,Herculândia,351900610,Juliânia,591
3,Sudeste,35,São Paulo,3519055,Holambra,351905505,Holambra,15094
3,Sudeste,35,São Paulo,3519071,Hortolândia,351907105,Hortolândia,236641
3,Sudeste,35,São Paulo,3519105,Iacanga,351910505,Iacanga,10437
3,Sudeste,35,São Paulo,3519204,Iacri,351920405,Iacri,5995
3,Sudeste,35,São Paulo,3519204,Iacri,351920410,Anápolis,136
3,Sudeste,35,São Paulo,3519253,Iaras,351925305,Iaras,8010
3,Sudeste,35,São Paulo,3519303,Ibaté,351930305,Ibaté,32178
3,Sudeste,35,São Paulo,3519402,Ibirá,351940205,Ibirá,10577
3,Sudeste,35,São Paulo,3519402,Ibirá,351940225,Termas de Ibirá,1113
3,Sudeste,35,São Paulo,3519501,Ibirarema,351950105,Ibirarema,6385
3,Sudeste,35,São Paulo,3519600,Ibitinga,351960005,Ibitinga,59631
3,Sudeste,35,São Paulo,3519600,Ibitinga,351960010,Cambaratiba,402
3,Sudeste,35,São Paulo,3519709,Ibiúna,351970905,Ibiúna,67200
3,Sudeste,35,São Paulo,3519709,Ibiúna,351970910,Paruru,8405
3,Sudeste,35,São Paulo,3519808,Icém,351980805,Icém,7819
3,Sudeste,35,São Paulo,3519907,Iepê,351990705,Iepê,7619
3,Sudeste,35,São Paulo,3520004,Igaraçu do Tietê,352000405,Igaraçu do Tietê,23106
3,Sudeste,35,São Paulo,3520103,Igarapava,352010305,Igarapava,26212
3,Sudeste,35,São Paulo,3520202,Igaratá,352020205,Igaratá,10605
3,Sudeste,35,São Paulo,3520301,Iguape,352030105,Iguape,29115
3,Sudeste,35,São Paulo,3520400,Ilhabela,352040005,Ilhabela,29438
3,Sudeste,35,São Paulo,3520400,Ilhabela,352040010,Cambaquara,4990
3,Sudeste,35,São Paulo,3520400,Ilhabela,352040015,Paranabi,506
3,Sudeste,35,São Paulo,3520426,Ilha Comprida,352042605,Ilha Comprida,13419
3,Sudeste,35,São Paulo,3520442,Ilha Solteira,352044205,Ilha Solteira,25549
3,Sudeste,35,São Paulo,3520509,Indaiatuba,352050905,Indaiatuba,255748
3,Sudeste,35,São Paulo,3520608,Indiana,352060805,Indiana,5090
3,Sudeste,35,São Paulo,3520707,Indiaporã,352070705,Indiaporã,4035
3,Sudeste,35,São Paulo,3520806,Inúbia Paulista,352080605,Inúbia Paulista,3615
3,Sudeste,35,São Paulo,3520905,Ipaussu,352090505,Ipaussu,13712
3,Sudeste,35,São Paulo,3521002,Iperó,352100205,Iperó,20040
3,Sudeste,35,São Paulo,3521002,Iperó,352100210,Bacaetava,16419
3,Sudeste,35,São Paulo,3521101,Ipeúna,352110105,Ipeúna,6831
3,Sudeste,35,São Paulo,3521150,Ipiguá,352115005,Ipiguá,6761
3,Sudeste,35,São Paulo,3521200,Iporanga,352120005,Iporanga,4046
3,Sudeste,35,São Paulo,3521309,Ipuã,352130905,Ipuã,14454
3,Sudeste,35,São Paulo,3521408,Iracemápolis,352140805,Iracemápolis,21967
3,Sudeste,35,São Paulo,3521507,Irapuã,352150705,Irapuã,6867
3,Sudeste,35,São Paulo,3521606,Irapuru,352160605,Irapuru,7085
3,Sudeste,35,São Paulo,3521705,Itaberá,352170505,Itaberá,14127
3,Sudeste,35,São Paulo,3521705,Itaberá,352170508,Tomé,714
3,Sudeste,35,São Paulo,3521705,Itaberá,352170510,Turiba do Sul,803
3,Sudeste,35,São Paulo,3521705,Itaberá,352170515,Engenheiro Maia,2339
3,Sudeste,35,São Paulo,3521804,Itaí,352180405,Itaí,25180
3,Sudeste,35,São Paulo,3521903,Itajobi,352190305,Itajobi,15833
3,Sudeste,35,São Paulo,3521903,Itajobi,352190307,Nova Cardoso,1156
3,Sudeste,35,São Paulo,3522000,Itaju,352200005,Itaju,3618
3,Sudeste,35,São Paulo,3522109,Itanhaém,352210905,Itanhaém,112476
3,Sudeste,35,São Paulo,3522158,Itaoca,352215805,Itaoca,3422
3,Sudeste,35,São Paulo,3522208,Itapecerica da Serra,352220805,Itapecerica da Serra,109002
3,Sudeste,35,São Paulo,3522208,Itapecerica da Serra,352220815,Jardim Jacira,49520
3,Sudeste,35,São Paulo,3522307,Itapetininga,352230705,Itapetininga,141936
3,Sudeste,35,São Paulo,3522307,Itapetininga,352230708,Conceição,1517
3,Sudeste,35,São Paulo,3522307,Itapetininga,352230715,Gramadinho,2338
3,Sudeste,35,São Paulo,3522307,Itapetininga,352230720,Morro do Alto,1796
3,Sudeste,35,São Paulo,3522307,Itapetininga,352230725,Rechan,4277
3,Sudeste,35,São Paulo,3522307,Itapetininga,352230730,Tupy,2679
3,Sudeste,35,São Paulo,3522307,Itapetininga,352230735,Varginha,3247
3,Sudeste,35,São Paulo,3522406,Itapeva,352240605,Itapeva,80888
3,Sudeste,35,São Paulo,3522406,Itapeva,352240611,Alto da Brancal,1913
3,Sudeste,35,São Paulo,3522406,Itapeva,352240613,Areia Branca,2318
3,Sudeste,35,São Paulo,3522406,Itapeva,352240615,Guarizinho,4609
3,Sudeste,35,São Paulo,3522505,Itapevi,352250505,Itapevi,232297
3,Sudeste,35,São Paulo,3522604,Itapira,352260405,Itapira,68844
3,Sudeste,35,São Paulo,3522604,Itapira,352260410,Barão Ataliba Nogueira,2635
3,Sudeste,35,São Paulo,3522604,Itapira,352260415,Eleutério,543
3,Sudeste,35,São Paulo,3522653,Itapirapuã Paulista,352265305,Itapirapuã Paulista,4306
3,Sudeste,35,São Paulo,3522703,Itápolis,352270305,Itápolis,35784
3,Sudeste,35,São Paulo,3522703,Itápolis,352270310,Nova América,1353
3,Sudeste,35,São Paulo,3522703,Itápolis,352270315,Tapinas,2356
3,Sudeste,35,São Paulo,3522802,Itaporanga,352280205,Itaporanga,14085
3,Sudeste,35,São Paulo,3522901,Itapuí,352290105,Itapuí,13659
3,Sudeste,35,São Paulo,3523008,Itapura,352300805,Itapura,3979
3,Sudeste,35,São Paulo,3523107,Itaquaquecetuba,352310705,Itaquaquecetuba,369275
3,Sudeste,35,São Paulo,3523206,Itararé,352320605,Itararé,43197
3,Sudeste,35,São Paulo,3523206,Itararé,352320625,Pedra Branca de Itararé,827
3,Sudeste,35,São Paulo,3523206,Itararé,352320630,Santa Cruz dos Lopes,414
3,Sudeste,35,São Paulo,3523305,Itariri,352330505,Itariri,8445
3,Sudeste,35,São Paulo,3523305,Itariri,352330510,Ana Dias,7083
3,Sudeste,35,São Paulo,3523404,Itatiba,352340405,Itatiba,121590
3,Sudeste,35,São Paulo,3523503,Itatinga,352350305,Itatinga,17635
3,Sudeste,35,São Paulo,3523503,Itatinga,352350310,Lobo,1435
3,Sudeste,35,São Paulo,3523602,Itirapina,352360205,Itirapina,15881
3,Sudeste,35,São Paulo,3523602,Itirapina,352360210,Itaqueri da Serra,267
3,Sudeste,35,São Paulo,3523701,Itirapuã,352370105,Itirapuã,5779
3,Sudeste,35,São Paulo,3523800,Itobi,352380005,Itobi,8046
3,Sudeste,35,São Paulo,3523909,Itu,352390905,Itu,168240
3,Sudeste,35,São Paulo,3524006,Itupeva,352400605,Itupeva,70616
3,Sudeste,35,São Paulo,3524105,Ituverava,352410505,Ituverava,34487
3,Sudeste,35,São Paulo,3524105,Ituverava,352410510,Capivari da Mata,396
3,Sudeste,35,São Paulo,3524105,Ituverava,352410515,São Benedito da Cachoeirinha,2688
3,Sudeste,35,São Paulo,3524204,Jaborandi,352420405,Jaborandi,6221
3,Sudeste,35,São Paulo,3524303,Jaboticabal,352430305,Jaboticabal,70230
3,Sudeste,35,São Paulo,3524303,Jaboticabal,352430310,Córrego Rico,1161
3,Sudeste,35,São Paulo,3524303,Jaboticabal,352430315,Lusitânia,430
3,Sudeste,35,São Paulo,3524402,Jacareí,352440205,Jacareí,219525
3,Sudeste,35,São Paulo,3524402,Jacareí,352440207,Parque Meia Lua,10406
3,Sudeste,35,São Paulo,3524402,Jacareí,352440210,São Silvestre de Jacareí,10344
3,Sudeste,35,São Paulo,3524501,Jaci,352450105,Jaci,7613
3,Sudeste,35,São Paulo,3524600,Jacupiranga,352460005,Jacupiranga,16097
3,Sudeste,35,São Paulo,3524709,Jaguariúna,352470905,Jaguariúna,59347
3,Sudeste,35,São Paulo,3524808,Jales,352480805,Jales,48776
3,Sudeste,35,São Paulo,3524907,Jambeiro,352490705,Jambeiro,6397
3,Sudeste,35,São Paulo,3525003,Jandira,352500305,Jandira,118045
3,Sudeste,35,São Paulo,3525102,Jardinópolis,352510205,Jardinópolis,41781
3,Sudeste,35,São Paulo,3525102,Jardinópolis,352510210,Jurucê,3501
3,Sudeste,35,São Paulo,3525201,Jarinu,352520105,Jarinu,37535
3,Sudeste,35,São Paulo,3525300,Jaú,352530005,Jaú,124601
3,Sudeste,35,São Paulo,3525300,Jaú,352530010,Potunduva,8896
3,Sudeste,35,São Paulo,3525409,Jeriquara,352540905,Jeriquara,3863
3,Sudeste,35,São Paulo,3525508,Joanópolis,352550805,Joanópolis,12815
3,Sudeste,35,São Paulo,3525607,João Ramalho,352560705,João Ramalho,4371
3,Sudeste,35,São Paulo,3525706,José Bonifácio,352570605,José Bonifácio,36633
3,Sudeste,35,São Paulo,3525805,Júlio Mesquita,352580505,Júlio Mesquita,4254
3,Sudeste,35,São Paulo,3525854,Jumirim,352585405,Jumirim,3056
3,Sudeste,35,São Paulo,3525904,Jundiaí,352590405,Jundiaí,443221
3,Sudeste,35,São Paulo,3526001,Junqueirópolis,352600105,Junqueirópolis,20448
3,Sudeste,35,São Paulo,3526100,Juquiá,352610005,Juquiá,17154
3,Sudeste,35,São Paulo,3526209,Juquitiba,352620905,Juquitiba,22042
3,Sudeste,35,São Paulo,3526209,Juquitiba,352620910,Barnabés,5362
3,Sudeste,35,São Paulo,3526308,Lagoinha,352630805,Lagoinha,5083
3,Sudeste,35,São Paulo,3526407,Laranjal Paulista,352640705,Laranjal Paulista,23573
3,Sudeste,35,São Paulo,3526407,Laranjal Paulista,352640710,Laras,700
3,Sudeste,35,São Paulo,3526407,Laranjal Paulista,352640715,Maristela,1988
3,Sudeste,35,São Paulo,3526506,Lavínia,352650605,Lavínia,9526
3,Sudeste,35,São Paulo,3526506,Lavínia,352650610,Tabajara,163
3,Sudeste,35,São Paulo,3526605,Lavrinhas,352660505,Lavrinhas,5065
3,Sudeste,35,São Paulo,3526605,Lavrinhas,352660510,Pinheiros,2106
3,Sudeste,35,São Paulo,3526704,Leme,352670405,Leme,98161
3,Sudeste,35,São Paulo,3526803,Lençóis Paulista,352680305,Lençóis Paulista,65283
3,Sudeste,35,São Paulo,3526803,Lençóis Paulista,352680310,Alfredo Guedes,1222
3,Sudeste,35,São Paulo,3526902,Limeira,352690205,Limeira,291869
3,Sudeste,35,São Paulo,3527009,Lindóia,352700905,Lindóia,7014
3,Sudeste,35,São Paulo,3527108,Lins,352710805,Lins,74402
3,Sudeste,35,São Paulo,3527108,Lins,352710810,Guapiranga,377
3,Sudeste,35,São Paulo,3527207,Lorena,352720705,Lorena,84855
3,Sudeste,35,São Paulo,3527256,Lourdes,352725605,Lourdes,1950
3,Sudeste,35,São Paulo,3527306,Louveira,352730605,Louveira,51847
3,Sudeste,35,São Paulo,3527405,Lucélia,352740505,Lucélia,20061
3,Sudeste,35,São Paulo,3527504,Lucianópolis,352750405,Lucianópolis,2372
3,Sudeste,35,São Paulo,3527603,Luís Antônio,352760305,Luís Antônio,12265
3,Sudeste,35,São Paulo,3527702,Luiziânia,352770205,Luiziânia,4701
3,Sudeste,35,São Paulo,3527801,Lupércio,352780105,Lupércio,2653
3,Sudeste,35,São Paulo,3527801,Lupércio,352780125,Santa Terezinha,1328
3,Sudeste,35,São Paulo,3527900,Lutécia,352790005,Lutécia,2661
3,Sudeste,35,São Paulo,3528007,Macatuba,352800705,Macatuba,16829
3,Sudeste,35,São Paulo,3528106,Macaubal,352810605,Macaubal,7481
3,Sudeste,35,São Paulo,3528205,Macedônia,352820505,Macedônia,3963
3,Sudeste,35,São Paulo,3528304,Magda,352830405,Magda,3165
3,Sudeste,35,São Paulo,3528403,Mairinque,352840305,Mairinque,50027
3,Sudeste,35,São Paulo,3528502,Mairiporã,352850205,Mairiporã,69017
3,Sudeste,35,São Paulo,3528502,Mairiporã,352850215,Terra Preta,24836
3,Sudeste,35,São Paulo,3528601,Manduri,352860105,Manduri,9133
3,Sudeste,35,São Paulo,3528601,Manduri,352860110,São Berto,738
3,Sudeste,35,São Paulo,3528700,Marabá Paulista,352870005,Marabá Paulista,4573
3,Sudeste,35,São Paulo,3528809,Maracaí,352880905,Maracaí,12045
3,Sudeste,35,São Paulo,3528809,Maracaí,352880910,São José das Laranjeiras,628
3,Sudeste,35,São Paulo,3528858,Marapoama,352885805,Marapoama,3292
3,Sudeste,35,São Paulo,3528908,Mariápolis,352890805,Mariápolis,3393
3,Sudeste,35,São Paulo,3528908,Mariápolis,352890810,Mourão,120
3,Sudeste,35,São Paulo,3529005,Marília,352900505,Marília,201152
3,Sudeste,35,São Paulo,3529005,Marília,352900510,Amadeu Amaral,294
3,Sudeste,35,São Paulo,3529005,Marília,352900515,Avencas,1002
3,Sudeste,35,São Paulo,3529005,Marília,352900520,Dirceu,2389
3,Sudeste,35,São Paulo,3529005,Marília,352900525,Lácio,9052
3,Sudeste,35,São Paulo,3529005,Marília,352900530,Padre Nóbrega,22562
3,Sudeste,35,São Paulo,3529005,Marília,352900535,Rosália,1176
3,Sudeste,35,São Paulo,3529104,Marinópolis,352910405,Marinópolis,1860
3,Sudeste,35,São Paulo,3529203,Martinópolis,352920305,Martinópolis,22838
3,Sudeste,35,São Paulo,3529203,Martinópolis,352920310,Guachos,1025
3,Sudeste,35,São Paulo,3529203,Martinópolis,352920315,Teçaindá,1018
3,Sudeste,35,São Paulo,3529302,Matão,352930205,Matão,77180
3,Sudeste,35,São Paulo,3529302,Matão,352930210,São Lourenço do Turvo,1853
3,Sudeste,35,São Paulo,3529401,Mauá,352940105,Mauá,418261
3,Sudeste,35,São Paulo,3529500,Mendonça,352950005,Mendonça,6159
3,Sudeste,35,São Paulo,3529609,Meridiano,352960905,Meridiano,4572
3,Sudeste,35,São Paulo,3529658,Mesópolis,352965805,Mesópolis,1952
3,Sudeste,35,São Paulo,3529708,Miguelópolis,352970805,Miguelópolis,19441
3,Sudeste,35,São Paulo,3529807,Mineiros do Tietê,352980705,Mineiros do Tietê,11230
3,Sudeste,35,São Paulo,3529906,Miracatu,352990605,Miracatu,12252
3,Sudeste,35,São Paulo,3529906,Miracatu,352990608,Oliveira Barros,2153
3,Sudeste,35,São Paulo,3529906,Miracatu,352990610,Pedro Barros,1884
3,Sudeste,35,São Paulo,3529906,Miracatu,352990615,Santa Rita do Ribeira,2264
3,Sudeste,35,São Paulo,3530003,Mira Estrela,353000305,Mira Estrela,3126
3,Sudeste,35,São Paulo,3530102,Mirandópolis,353010205,Mirandópolis,24738
3,Sudeste,35,São Paulo,3530102,Mirandópolis,353010210,Amandaba,1087
3,Sudeste,35,São Paulo,3530102,Mirandópolis,353010215,Três Alianças,2158
3,Sudeste,35,São Paulo,3530201,Mirante do Paranapanema,353020105,Mirante do Paranapanema,10871
3,Sudeste,35,São Paulo,3530201,Mirante do Paranapanema,353020110,Costa Machado,1987
3,Sudeste,35,São Paulo,3530201,Mirante do Paranapanema,353020115,Cuiabá Paulista,3059
3,Sudeste,35,São Paulo,3530300,Mirassol,353030005,Mirassol,62730
3,Sudeste,35,São Paulo,3530300,Mirassol,353030010,Ruilândia,607
3,Sudeste,35,São Paulo,3530409,Mirassolândia,353040905,Mirassolândia,4669
3,Sudeste,35,São Paulo,3530508,Mococa,353050805,Mococa,64046
3,Sudeste,35,São Paulo,3530508,Mococa,353050810,Igaraí,2048
3,Sudeste,35,São Paulo,3530508,Mococa,353050815,São Benedito das Areias,1587
3,Sudeste,35,São Paulo,3530607,Mogi das Cruzes,353060705,Mogi das Cruzes,191373
3,Sudeste,35,São Paulo,3530607,Mogi das Cruzes,353060707,Biritiba-Ussu,5796
3,Sudeste,35,São Paulo,3530607,Mogi das Cruzes,353060710,Brás Cubas,120461
3,Sudeste,35,São Paulo,3530607,Mogi das Cruzes,353060713,Cezar de Souza,39098
3,Sudeste,35,São Paulo,3530607,Mogi das Cruzes,353060715,Jundiapeba,65792
3,Sudeste,35,São Paulo,3530607,Mogi das Cruzes,353060717,Quatinga,3393
3,Sudeste,35,São Paulo,3530607,Mogi das Cruzes,353060720,Sabaúna,20182
3,Sudeste,35,São Paulo,3530607,Mogi das Cruzes,353060725,Taiaçupeba,5410
3,Sudeste,35,São Paulo,3530706,Mogi Guaçu,353070605,Mogi Guaçu,149274
3,Sudeste,35,São Paulo,3530706,Mogi Guaçu,353070615,Martinho Prado Júnior,4384
3,Sudeste,35,São Paulo,3530805,Mogi Mirim,353080505,Mogi Mirim,89291
3,Sudeste,35,São Paulo,3530805,Mogi Mirim,353080510,Martim Francisco,3267
3,Sudeste,35,São Paulo,3530904,Mombuca,353090405,Mombuca,3722
3,Sudeste,35,São Paulo,3531001,Monções,353100105,Monções,1937
3,Sudeste,35,São Paulo,3531100,Mongaguá,353110005,Mongaguá,61951
3,Sudeste,35,São Paulo,3531209,Monte Alegre do Sul,353120905,Monte Alegre do Sul,5820
3,Sudeste,35,São Paulo,3531209,Monte Alegre do Sul,353120910,Mostardas,2807
3,Sudeste,35,São Paulo,3531308,Monte Alto,353130805,Monte Alto,46799
3,Sudeste,35,São Paulo,3531308,Monte Alto,353130808,Aparecida do Monte Alto,775
3,Sudeste,35,São Paulo,3531407,Monte Aprazível,353140705,Monte Aprazível,20807
3,Sudeste,35,São Paulo,3531407,Monte Aprazível,353140710,Engenheiro Balduíno,584
3,Sudeste,35,São Paulo,3531407,Monte Aprazível,353140715,Itaiúba,383
3,Sudeste,35,São Paulo,3531407,Monte Aprazível,353140720,Junqueira,506
3,Sudeste,35,São Paulo,3531506,Monte Azul Paulista,353150605,Monte Azul Paulista,17449
3,Sudeste,35,São Paulo,3531506,Monte Azul Paulista,353150610,Marcondésia,702
3,Sudeste,35,São Paulo,3531605,Monte Castelo,353160505,Monte Castelo,4222
3,Sudeste,35,São Paulo,3531704,Monteiro Lobato,353170405,Monteiro Lobato,4138
3,Sudeste,35,São Paulo,3531803,Monte Mor,353180305,Monte Mor,64662
3,Sudeste,35,São Paulo,3531902,Morro Agudo,353190205,Morro Agudo,27933
3,Sudeste,35,São Paulo,3532009,Morungaba,353200905,Morungaba,13720
3,Sudeste,35,São Paulo,3532058,Motuca,353205805,Motuca,4034
3,Sudeste,35,São Paulo,3532108,Murutinga do Sul,353210805,Murutinga do Sul,3737
3,Sudeste,35,São Paulo,3532157,Nantes,353215705,Nantes,2660
3,Sudeste,35,São Paulo,3532207,Narandiba,353220705,Narandiba,5713
3,Sudeste,35,São Paulo,3532306,Natividade da Serra,353230605,Natividade da Serra,5493
3,Sudeste,35,São Paulo,3532306,Natividade da Serra,353230610,Bairro Alto,1506
3,Sudeste,35,São Paulo,3532405,Nazaré Paulista,353240505,Nazaré Paulista,18217
3,Sudeste,35,São Paulo,3532504,Neves Paulista,353250405,Neves Paulista,8656
3,Sudeste,35,São Paulo,3532504,Neves Paulista,353250410,Barra Dourada,588
3,Sudeste,35,São Paulo,3532504,Neves Paulista,353250415,Miraluz,455
3,Sudeste,35,São Paulo,3532603,Nhandeara,353260305,Nhandeara,8907
3,Sudeste,35,São Paulo,3532603,Nhandeara,353260310,Ida Iolanda,945
3,Sudeste,35,São Paulo,3532702,Nipoã,353270205,Nipoã,4750
3,Sudeste,35,São Paulo,3532801,Nova Aliança,353280105,Nova Aliança,5387
3,Sudeste,35,São Paulo,3532801,Nova Aliança,353280110,Nova Itapirema,1306
3,Sudeste,35,São Paulo,3532827,Nova Campina,353282705,Nova Campina,7201
3,Sudeste,35,São Paulo,3532827,Nova Campina,353282715,Itaoca de Cima,1296
3,Sudeste,35,São Paulo,3532843,Nova Canaã Paulista,353284305,Nova Canaã Paulista,2032
3,Sudeste,35,São Paulo,3532868,Nova Castilho,353286805,Nova Castilho,1062
3,Sudeste,35,São Paulo,3532900,Nova Europa,353290005,Nova Europa,9311
3,Sudeste,35,São Paulo,3533007,Nova Granada,353300705,Nova Granada,18214
3,Sudeste,35,São Paulo,3533007,Nova Granada,353300710,Ingás,413
3,Sudeste,35,São Paulo,3533007,Nova Granada,353300715,Mangaratu,482
3,Sudeste,35,São Paulo,3533007,Nova Granada,353300720,Onda Branca,310
3,Sudeste,35,São Paulo,3533106,Nova Guataporanga,353310605,Nova Guataporanga,2156
3,Sudeste,35,São Paulo,3533205,Nova Independência,353320505,Nova Independência,4609
3,Sudeste,35,São Paulo,3533254,Novais,353325405,Novais,4412
3,Sudeste,35,São Paulo,3533304,Nova Luzitânia,353330405,Nova Luzitânia,2837
3,Sudeste,35,São Paulo,3533403,Nova Odessa,353340305,Nova Odessa,62019
3,Sudeste,35,São Paulo,3533502,Novo Horizonte,353350205,Novo Horizonte,38053
3,Sudeste,35,São Paulo,3533502,Novo Horizonte,353350210,Vale Formoso,271
3,Sudeste,35,São Paulo,3533601,Nuporanga,353360105,Nuporanga,7391
3,Sudeste,35,São Paulo,3533700,Ocauçu,353370005,Ocauçu,4331
3,Sudeste,35,São Paulo,3533809,Óleo,353380905,Óleo,1711
3,Sudeste,35,São Paulo,3533809,Óleo,353380910,Batista Botelho,801
3,Sudeste,35,São Paulo,3533908,Olímpia,353390805,Olímpia,51795
3,Sudeste,35,São Paulo,3533908,Olímpia,353390810,Baguaçu,1748
3,Sudeste,35,São Paulo,3533908,Olímpia,353390815,Ribeiro dos Santos,1531
3,Sudeste,35,São Paulo,3534005,Onda Verde,353400505,Onda Verde,4771
3,Sudeste,35,São Paulo,3534104,Oriente,353410405,Oriente,6085
3,Sudeste,35,São Paulo,3534203,Orindiúva,353420305,Orindiúva,6024
3,Sudeste,35,São Paulo,3534302,Orlândia,353430205,Orlândia,38319
3,Sudeste,35,São Paulo,3534401,Osasco,353440105,Osasco,728615
3,Sudeste,35,São Paulo,3534500,Oscar Bressane,353450005,Oscar Bressane,2470
3,Sudeste,35,São Paulo,3534609,Osvaldo Cruz,353460905,Osvaldo Cruz,31132
3,Sudeste,35,São Paulo,3534609,Osvaldo Cruz,353460910,Lagoa Azul,140
3,Sudeste,35,São Paulo,3534708,Ourinhos,353470805,Ourinhos,103970
3,Sudeste,35,São Paulo,3534757,Ouroeste,353475705,Ouroeste,10294
3,Sudeste,35,São Paulo,3534807,Ouro Verde,353480705,Ouro Verde,7779
3,Sudeste,35,São Paulo,3534906,Pacaembu,353490605,Pacaembu,14877
3,Sudeste,35,São Paulo,3535002,Palestina,353500205,Palestina,9935
3,Sudeste,35,São Paulo,3535002,Palestina,353500210,Duplo Céu,1037
3,Sudeste,35,São Paulo,3535002,Palestina,353500215,Jurupeba,504
3,Sudeste,35,São Paulo,3535101,Palmares Paulista,353510105,Palmares Paulista,9650
3,Sudeste,35,São Paulo,3535200,Palmeira d'Oeste,353520005,Palmeira d'Oeste,8217
3,Sudeste,35,São Paulo,3535200,Palmeira d'Oeste,353520010,Dalas,686
3,Sudeste,35,São Paulo,3535309,Palmital,353530905,Palmital,19314
3,Sudeste,35,São Paulo,3535309,Palmital,353530910,Sussuí,280
3,Sudeste,35,São Paulo,3535408,Panorama,353540805,Panorama,14964
3,Sudeste,35,São Paulo,3535507,Paraguaçu Paulista,353550705,Paraguaçu Paulista,37429
3,Sudeste,35,São Paulo,3535507,Paraguaçu Paulista,353550710,Conceição de Monte Alegre,1161
3,Sudeste,35,São Paulo,3535507,Paraguaçu Paulista,353550713,Roseta,877
3,Sudeste,35,São Paulo,3535507,Paraguaçu Paulista,353550715,Sapezal,1653
3,Sudeste,35,São Paulo,3535606,Paraibuna,353560605,Paraibuna,17667
3,Sudeste,35,São Paulo,3535705,Paraíso,353570505,Paraíso,6099
3,Sudeste,35,São Paulo,3535804,Paranapanema,353580405,Paranapanema,19395
3,Sudeste,35,São Paulo,3535903,Paranapuã,353590305,Paranapuã,4031
3,Sudeste,35,São Paulo,3536000,Parapuã,353600005,Parapuã,10580
3,Sudeste,35,São Paulo,3536109,Pardinho,353610905,Pardinho,7153
3,Sudeste,35,São Paulo,3536208,Pariquera-Açu,353620805,Pariquera-Açu,19233
3,Sudeste,35,São Paulo,3536257,Parisi,353625705,Parisi,2892
3,Sudeste,35,São Paulo,3536307,Patrocínio Paulista,353630705,Patrocínio Paulista,14512
3,Sudeste,35,São Paulo,3536406,Paulicéia,353640605,Paulicéia,7955
3,Sudeste,35,São Paulo,3536505,Paulínia,353650505,Paulínia,110537
3,Sudeste,35,São Paulo,3536570,Paulistânia,353657005,Paulistânia,2090
3,Sudeste,35,São Paulo,3536604,Paulo de Faria,353660405,Paulo de Faria,7400
3,Sudeste,35,São Paulo,3536703,Pederneiras,353670305,Pederneiras,40720
3,Sudeste,35,São Paulo,3536703,Pederneiras,353670310,Guaianás,1662
3,Sudeste,35,São Paulo,3536703,Pederneiras,353670315,Santelmo,2031
3,Sudeste,35,São Paulo,3536703,Pederneiras,353670320,Vanglória,414
3,Sudeste,35,São Paulo,3536802,Pedra Bela,353680205,Pedra Bela,6557
3,Sudeste,35,São Paulo,3536901,Pedranópolis,353690105,Pedranópolis,2265
3,Sudeste,35,São Paulo,3536901,Pedranópolis,353690110,Santa Isabel do Marinheiro,522
3,Sudeste,35,São Paulo,3537008,Pedregulho,353700805,Pedregulho,14515
3,Sudeste,35,São Paulo,3537008,Pedregulho,353700810,Alto Porã,509
3,Sudeste,35,São Paulo,3537008,Pedregulho,353700815,Igaçaba,501
3,Sudeste,35,São Paulo,3537107,Pedreira,353710705,Pedreira,43112
3,Sudeste,35,São Paulo,3537156,Pedrinhas Paulista,353715605,Pedrinhas Paulista,2804
3,Sudeste,35,São Paulo,3537206,Pedro de Toledo,353720605,Pedro de Toledo,11281
3,Sudeste,35,São Paulo,3537305,Penápolis,353730505,Penápolis,61679
3,Sudeste,35,São Paulo,3537404,Pereira Barreto,353740405,Pereira Barreto,24095
3,Sudeste,35,São Paulo,3537503,Pereiras,353750305,Pereiras,8737
3,Sudeste,35,São Paulo,3537602,Peruíbe,353760205,Peruíbe,68352
3,Sudeste,35,São Paulo,3537701,Piacatu,353770105,Piacatu,5519
3,Sudeste,35,São Paulo,3537800,Piedade,353780005,Piedade,52970
3,Sudeste,35,São Paulo,3537909,Pilar do Sul,353790905,Pilar do Sul,27619
3,Sudeste,35,São Paulo,3538006,Pindamonhangaba,353800605,Pindamonhangaba,120576
3,Sudeste,35,São Paulo,3538006,Pindamonhangaba,353800610,Moreira César,44852
3,Sudeste,35,São Paulo,3538105,Pindorama,353810505,Pindorama,12666
3,Sudeste,35,São Paulo,3538105,Pindorama,353810510,Roberto,1876
3,Sudeste,35,São Paulo,3538204,Pinhalzinho,353820405,Pinhalzinho,15224
3,Sudeste,35,São Paulo,3538303,Piquerobi,353830305,Piquerobi,3264
3,Sudeste,35,São Paulo,3538501,Piquete,353850105,Piquete,12490
3,Sudeste,35,São Paulo,3538600,Piracaia,353860005,Piracaia,21228
3,Sudeste,35,São Paulo,3538600,Piracaia,353860010,Batatuba,4801
3,Sudeste,35,São Paulo,3538709,Piracicaba,353870905,Piracicaba,341238
3,Sudeste,35,São Paulo,3538709,Piracicaba,353870910,Artemis,6965
3,Sudeste,35,São Paulo,3538709,Piracicaba,353870915,Ibitiruna,2085
3,Sudeste,35,São Paulo,3538709,Piracicaba,353870925,Tupi,4076
3,Sudeste,35,São Paulo,3538709,Piracicaba,353870930,Guamium,656
3,Sudeste,35,São Paulo,3538709,Piracicaba,353870935,Santa Teresinha de Piracicaba,68303
3,Sudeste,35,São Paulo,3538808,Piraju,353880805,Piraju,24651
3,Sudeste,35,São Paulo,3538808,Piraju,353880825,Tibiriçá do Paranapanema,4785
3,Sudeste,35,São Paulo,3538907,Pirajuí,353890705,Pirajuí,21724
3,Sudeste,35,São Paulo,3538907,Pirajuí,353890710,Corredeira,154
3,Sudeste,35,São Paulo,3538907,Pirajuí,353890715,Pradínia,328
3,Sudeste,35,São Paulo,3538907,Pirajuí,353890720,Santo Antônio da Estiva,225
3,Sudeste,35,São Paulo,3539004,Pirangi,353900405,Pirangi,10885
3,Sudeste,35,São Paulo,3539103,Pirapora do Bom Jesus,353910305,Pirapora do Bom Jesus,18370
3,Sudeste,35,São Paulo,3539202,Pirapozinho,353920205,Pirapozinho,24700
3,Sudeste,35,São Paulo,3539202,Pirapozinho,353920210,Itororó do Paranapanema,648
3,Sudeste,35,São Paulo,3539301,Pirassununga,353930105,Pirassununga,65723
3,Sudeste,35,São Paulo,3539301,Pirassununga,353930110,Cachoeira de Emas,7822
3,Sudeste,35,São Paulo,3539400,Piratininga,353940005,Piratininga,15108
3,Sudeste,35,São Paulo,3539509,Pitangueiras,353950905,Pitangueiras,30497
3,Sudeste,35,São Paulo,3539509,Pitangueiras,353950910,Ibitiúva,3177
3,Sudeste,35,São Paulo,3539608,Planalto,353960805,Planalto,4389
3,Sudeste,35,São Paulo,3539707,Platina,353970705,Platina,3025
3,Sudeste,35,São Paulo,3539806,Poá,353980605,Poá,99009
3,Sudeste,35,São Paulo,3539806,Poá,353980610,Cidade Kemel,4756
3,Sudeste,35,São Paulo,3539905,Poloni,353990505,Poloni,5592
3,Sudeste,35,São Paulo,3540002,Pompéia,354000205,Pompéia,18356
3,Sudeste,35,São Paulo,3540002,Pompéia,354000210,Novo Cravinhos,242
3,Sudeste,35,São Paulo,3540002,Pompéia,354000215,Paulópolis,1598
3,Sudeste,35,São Paulo,3540101,Pongaí,354010105,Pongaí,3395
3,Sudeste,35,São Paulo,3540200,Pontal,354020005,Pontal,35632
3,Sudeste,35,São Paulo,3540200,Pontal,354020010,Cândia,1975
3,Sudeste,35,São Paulo,3540259,Pontalinda,354025905,Pontalinda,4127
3,Sudeste,35,São Paulo,3540309,Pontes Gestal,354030905,Pontes Gestal,2387
3,Sudeste,35,São Paulo,3540408,Populina,354040805,Populina,4127
3,Sudeste,35,São Paulo,3540507,Porangaba,354050705,Porangaba,10451
3,Sudeste,35,São Paulo,3540606,Porto Feliz,354060605,Porto Feliz,56497
3,Sudeste,35,São Paulo,3540705,Porto Ferreira,354070505,Porto Ferreira,52649
3,Sudeste,35,São Paulo,3540754,Potim,354075405,Potim,20392
3,Sudeste,35,São Paulo,3540804,Potirendaba,354080405,Potirendaba,18496
3,Sudeste,35,São Paulo,3540853,Pracinha,354085305,Pracinha,2578
3,Sudeste,35,São Paulo,3540903,Pradópolis,354090305,Pradópolis,17078
3,Sudeste,35,São Paulo,3541000,Praia Grande,354100005,Praia Grande,257390
3,Sudeste,35,São Paulo,3541000,Praia Grande,354100010,Solemar,92545
3,Sudeste,35,São Paulo,3541059,Pratânia,354105905,Pratânia,5126
3,Sudeste,35,São Paulo,3541109,Presidente Alves,354110905,Presidente Alves,2918
3,Sudeste,35,São Paulo,3541109,Presidente Alves,354110910,Guaricanga,886
3,Sudeste,35,São Paulo,3541208,Presidente Bernardes,354120805,Presidente Bernardes,12084
3,Sudeste,35,São Paulo,3541208,Presidente Bernardes,354120810,Araxãs,861
3,Sudeste,35,São Paulo,3541208,Presidente Bernardes,354120820,Nova Pátria,1545
3,Sudeste,35,São Paulo,3541307,Presidente Epitácio,354130705,Presidente Epitácio,37601
3,Sudeste,35,São Paulo,3541307,Presidente Epitácio,354130715,Campinal,1904
3,Sudeste,35,São Paulo,3541406,Presidente Prudente,354140605,Presidente Prudente,220375
3,Sudeste,35,São Paulo,3541406,Presidente Prudente,354140610,Ameliópolis,437
3,Sudeste,35,São Paulo,3541406,Presidente Prudente,354140615,Eneida,685
3,Sudeste,35,São Paulo,3541406,Presidente Prudente,354140620,Floresta do Sul,1450
3,Sudeste,35,São Paulo,3541406,Presidente Prudente,354140625,Montalvão,2721
3,Sudeste,35,São Paulo,3541505,Presidente Venceslau,354150505,Presidente Venceslau,35201
3,Sudeste,35,São Paulo,3541604,Promissão,354160405,Promissão,34784
3,Sudeste,35,São Paulo,3541604,Promissão,354160410,Santa Maria do Gurupá,347
3,Sudeste,35,São Paulo,3541653,Quadra,354165305,Quadra,3405
3,Sudeste,35,São Paulo,3541703,Quatá,354170305,Quatá,13163
3,Sudeste,35,São Paulo,3541802,Queiroz,354180205,Queiroz,3265
3,Sudeste,35,São Paulo,3541901,Queluz,354190105,Queluz,9159
3,Sudeste,35,São Paulo,3542008,Quintana,354200805,Quintana,7038
3,Sudeste,35,São Paulo,3542107,Rafard,354210705,Rafard,8965
3,Sudeste,35,São Paulo,3542206,Rancharia,354220605,Rancharia,27115
3,Sudeste,35,São Paulo,3542206,Rancharia,354220610,Agissê,737
3,Sudeste,35,São Paulo,3542206,Rancharia,354220615,Gardênia,736
3,Sudeste,35,São Paulo,3542305,Redenção da Serra,354230505,Redenção da Serra,4494
3,Sudeste,35,São Paulo,3542404,Regente Feijó,354240405,Regente Feijó,18780
3,Sudeste,35,São Paulo,3542404,Regente Feijó,354240410,Espigão,1365
3,Sudeste,35,São Paulo,3542503,Reginópolis,354250305,Reginópolis,7662
3,Sudeste,35,São Paulo,3542602,Registro,354260205,Registro,59947
3,Sudeste,35,São Paulo,3542701,Restinga,354270105,Restinga,6404
3,Sudeste,35,São Paulo,3542800,Ribeira,354280005,Ribeira,3132
3,Sudeste,35,São Paulo,3542909,Ribeirão Bonito,354290905,Ribeirão Bonito,9973
3,Sudeste,35,São Paulo,3542909,Ribeirão Bonito,354290910,Guarapiranga,1016
3,Sudeste,35,São Paulo,3543006,Ribeirão Branco,354300605,Ribeirão Branco,12221
3,Sudeste,35,São Paulo,3543006,Ribeirão Branco,354300615,Campina de Fora,2457
3,Sudeste,35,São Paulo,3543006,Ribeirão Branco,354300625,Itabôa,3949
3,Sudeste,35,São Paulo,3543105,Ribeirão Corrente,354310505,Ribeirão Corrente,4608
3,Sudeste,35,São Paulo,3543204,Ribeirão do Sul,354320405,Ribeirão do Sul,4677
3,Sudeste,35,São Paulo,3543238,Ribeirão dos Índios,354323805,Ribeirão dos Índios,2025
3,Sudeste,35,São Paulo,3543253,Ribeirão Grande,354325305,Ribeirão Grande,7450
3,Sudeste,35,São Paulo,3543303,Ribeirão Pires,354330305,Ribeirão Pires,77570
3,Sudeste,35,São Paulo,3543303,Ribeirão Pires,354330308,Jardim Santa Luzia,24154
3,Sudeste,35,São Paulo,3543303,Ribeirão Pires,354330310,Ouro Fino Paulista,13835
3,Sudeste,35,São Paulo,3543402,Ribeirão Preto,354340205,Ribeirão Preto,666876
3,Sudeste,35,São Paulo,3543402,Ribeirão Preto,354340210,Bonfim Paulista,31766
3,Sudeste,35,São Paulo,3543501,Riversul,354350105,Riversul,5599
3,Sudeste,35,São Paulo,3543600,Rifaina,354360005,Rifaina,4049
3,Sudeste,35,São Paulo,3543709,Rincão,354370905,Rincão,9098
3,Sudeste,35,São Paulo,3543808,Rinópolis,354380805,Rinópolis,9259
3,Sudeste,35,São Paulo,3543907,Rio Claro,354390705,Rio Claro,196391
3,Sudeste,35,São Paulo,3543907,Rio Claro,354390710,Ajapi,3579
3,Sudeste,35,São Paulo,3543907,Rio Claro,354390715,Assistência,1448
3,Sudeste,35,São Paulo,3544004,Rio das Pedras,354400405,Rio das Pedras,31328
3,Sudeste,35,São Paulo,3544103,Rio Grande da Serra,354410305,Rio Grande da Serra,44170
3,Sudeste,35,São Paulo,3544202,Riolândia,354420205,Riolândia,10309
3,Sudeste,35,São Paulo,3544251,Rosana,354425105,Rosana,17440
3,Sudeste,35,São Paulo,3544301,Roseira,354430105,Roseira,10832
3,Sudeste,35,São Paulo,3544400,Rubiácea,354440005,Rubiácea,2700
3,Sudeste,35,São Paulo,3544509,Rubinéia,354450905,Rubinéia,3390
3,Sudeste,35,São Paulo,3544509,Rubinéia,354450910,Esmeralda,443
3,Sudeste,35,São Paulo,3544608,Sabino,354460805,Sabino,5112
3,Sudeste,35,São Paulo,3544707,Sagres,354470705,Sagres,2474
3,Sudeste,35,São Paulo,3544806,Sales,354480605,Sales,6437
3,Sudeste,35,São Paulo,3544905,Sales Oliveira,354490505,Sales Oliveira,11411
3,Sudeste,35,São Paulo,3545001,Salesópolis,354500105,Salesópolis,11847
3,Sudeste,35,São Paulo,3545001,Salesópolis,354500110,Nossa Senhora do Remédio,3355
3,Sudeste,35,São Paulo,3545100,Salmourão,354510005,Salmourão,4808
3,Sudeste,35,São Paulo,3545159,Saltinho,354515905,Saltinho,8161
3,Sudeste,35,São Paulo,3545209,Salto,354520905,Salto,134319
3,Sudeste,35,São Paulo,3545308,Salto de Pirapora,354530805,Salto de Pirapora,43748
3,Sudeste,35,São Paulo,3545407,Salto Grande,354540705,Salto Grande,9050
3,Sudeste,35,São Paulo,3545506,Sandovalina,354550605,Sandovalina,3645
3,Sudeste,35,São Paulo,3545605,Santa Adélia,354560505,Santa Adélia,12536
3,Sudeste,35,São Paulo,3545605,Santa Adélia,354560510,Botelho,1052
3,Sudeste,35,São Paulo,3545605,Santa Adélia,354560515,Ururaí,258
3,Sudeste,35,São Paulo,3545605,Santa Adélia,354560520,Santa Rosa,172
3,Sudeste,35,São Paulo,3545704,Santa Albertina,354570405,Santa Albertina,6393
3,Sudeste,35,São Paulo,3545803,Santa Bárbara d'Oeste,354580305,Santa Bárbara d'Oeste,183347
3,Sudeste,35,São Paulo,3546009,Santa Branca,354600905,Santa Branca,13975
3,Sudeste,35,São Paulo,3546108,Santa Clara d'Oeste,354610805,Santa Clara d'Oeste,2598
3,Sudeste,35,São Paulo,3546207,Santa Cruz da Conceição,354620705,Santa Cruz da Conceição,4277
3,Sudeste,35,São Paulo,3546256,Santa Cruz da Esperança,354625605,Santa Cruz da Esperança,2116
3,Sudeste,35,São Paulo,3546306,Santa Cruz das Palmeiras,354630605,Santa Cruz das Palmeiras,28864
3,Sudeste,35,São Paulo,3546405,Santa Cruz do Rio Pardo,354640505,Santa Cruz do Rio Pardo,45027
3,Sudeste,35,São Paulo,3546405,Santa Cruz do Rio Pardo,354640510,Caporanga,839
3,Sudeste,35,São Paulo,3546405,Santa Cruz do Rio Pardo,354640515,Clarínia,212
3,Sudeste,35,São Paulo,3546405,Santa Cruz do Rio Pardo,354640525,Sodrélia,364
3,Sudeste,35,São Paulo,3546504,Santa Ernestina,354650405,Santa Ernestina,6118
3,Sudeste,35,São Paulo,3546603,Santa Fé do Sul,354660305,Santa Fé do Sul,34794
3,Sudeste,35,São Paulo,3546702,Santa Gertrudes,354670205,Santa Gertrudes,23611
3,Sudeste,35,São Paulo,3546801,Santa Isabel,354680105,Santa Isabel,53174
3,Sudeste,35,São Paulo,3546900,Santa Lúcia,354690005,Santa Lúcia,7149
3,Sudeste,35,São Paulo,3547007,Santa Maria da Serra,354700705,Santa Maria da Serra,5243
3,Sudeste,35,São Paulo,3547106,Santa Mercedes,354710605,Santa Mercedes,2567
3,Sudeste,35,São Paulo,3547106,Santa Mercedes,354710610,Terra Nova d'Oeste,389
3,Sudeste,35,São Paulo,3547205,Santana da Ponte Pensa,354720505,Santana da Ponte Pensa,1670
3,Sudeste,35,São Paulo,3547304,Santana de Parnaíba,354730405,Santana de Parnaíba,154105
3,Sudeste,35,São Paulo,3547403,Santa Rita d'Oeste,354740305,Santa Rita d'Oeste,2371
3,Sudeste,35,São Paulo,3547403,Santa Rita d'Oeste,354740310,Aparecida do Bonito,362
3,Sudeste,35,São Paulo,3547502,Santa Rita do Passa Quatro,354750205,Santa Rita do Passa Quatro,24055
3,Sudeste,35,São Paulo,3547502,Santa Rita do Passa Quatro,354750210,Santa Cruz da Estrela,778
3,Sudeste,35,São Paulo,3547601,Santa Rosa de Viterbo,354760105,Santa Rosa de Viterbo,23411
3,Sudeste,35,São Paulo,3547650,Santa Salete,354765005,Santa Salete,1645
3,Sudeste,35,São Paulo,3547700,Santo Anastácio,354770005,Santo Anastácio,17963
3,Sudeste,35,São Paulo,3547809,Santo André,354780905,Santo André,641764
3,Sudeste,35,São Paulo,3547809,Santo André,354780908,Capuava,104697
3,Sudeste,35,São Paulo,3547809,Santo André,354780910,Paranapiacaba,2458
3,Sudeste,35,São Paulo,3547908,Santo Antônio da Alegria,354790805,Santo Antônio da Alegria,6775
3,Sudeste,35,São Paulo,3548005,Santo Antônio de Posse,354800505,Santo Antônio de Posse,23244
3,Sudeste,35,São Paulo,3548054,Santo Antônio do Aracanguá,354805405,Santo Antônio do Aracanguá,5241
3,Sudeste,35,São Paulo,3548054,Santo Antônio do Aracanguá,354805410,Major Prado,1058
3,Sudeste,35,São Paulo,3548054,Santo Antônio do Aracanguá,354805415,Vicentinópolis,2080
3,Sudeste,35,São Paulo,3548104,Santo Antônio do Jardim,354810405,Santo Antônio do Jardim,6126
3,Sudeste,35,São Paulo,3548203,Santo Antônio do Pinhal,354820305,Santo Antônio do Pinhal,7133
3,Sudeste,35,São Paulo,3548302,Santo Expedito,354830205,Santo Expedito,3000
3,Sudeste,35,São Paulo,3548401,Santópolis do Aguapeí,354840105,Santópolis do Aguapeí,3899
3,Sudeste,35,São Paulo,3548500,Santos,354850005,Santos,418608
3,Sudeste,35,São Paulo,3548609,São Bento do Sapucaí,354860905,São Bento do Sapucaí,11674
3,Sudeste,35,São Paulo,3548708,São Bernardo do Campo,354870805,São Bernardo do Campo,780546
3,Sudeste,35,São Paulo,3548708,São Bernardo do Campo,354870810,Riacho Grande,30183
3,Sudeste,35,São Paulo,3548807,São Caetano do Sul,354880705,São Caetano do Sul,165655
3,Sudeste,35,São Paulo,3548906,São Carlos,354890605,São Carlos,135653
3,Sudeste,35,São Paulo,3548906,São Carlos,354890610,Água Vermelha,5314
3,Sudeste,35,São Paulo,3548906,São Carlos,354890613,Bela Vista São-Carlense,82592
3,Sudeste,35,São Paulo,3548906,São Carlos,354890615,Santa Eudóxia,2534
3,Sudeste,35,São Paulo,3548906,São Carlos,354890620,Vila Nery,28764
3,Sudeste,35,São Paulo,3549003,São Francisco,354900305,São Francisco,2602
3,Sudeste,35,São Paulo,3549102,São João da Boa Vista,354910205,São João da Boa Vista,92547
3,Sudeste,35,São Paulo,3549201,São João das Duas Pontes,354920105,São João das Duas Pontes,2580
3,Sudeste,35,São Paulo,3549250,São João de Iracema,354925005,São João de Iracema,1846
3,Sudeste,35,São Paulo,3549300,São João do Pau d'Alho,354930005,São João do Pau d'Alho,2242
3,Sudeste,35,São Paulo,3549409,São Joaquim da Barra,354940905,São Joaquim da Barra,48558
3,Sudeste,35,São Paulo,3549508,São José da Bela Vista,354950805,São José da Bela Vista,7626
3,Sudeste,35,São Paulo,3549607,São José do Barreiro,354960705,São José do Barreiro,3853
3,Sudeste,35,São Paulo,3549706,São José do Rio Pardo,354970605,São José do Rio Pardo,52205
3,Sudeste,35,São Paulo,3549805,São José do Rio Preto,354980505,São José do Rio Preto,441205
3,Sudeste,35,São Paulo,3549805,São José do Rio Preto,354980510,Engenheiro Schmidt,31537
3,Sudeste,35,São Paulo,3549805,São José do Rio Preto,354980520,Talhado,7651
3,Sudeste,35,São Paulo,3549904,São José dos Campos,354990405,São José dos Campos,602603
3,Sudeste,35,São Paulo,3549904,São José dos Campos,354990410,Eugênio de Melo,90923
3,Sudeste,35,São Paulo,3549904,São José dos Campos,354990415,São Francisco Xavier,3528
3,Sudeste,35,São Paulo,3549953,São Lourenço da Serra,354995305,São Lourenço da Serra,16067
3,Sudeste,35,São Paulo,3550001,São Luiz do Paraitinga,355000105,São Luiz do Paraitinga,9180
3,Sudeste,35,São Paulo,3550001,São Luiz do Paraitinga,355000110,Catuçaba,1157
3,Sudeste,35,São Paulo,3550100,São Manuel,355010005,São Manuel,34032
3,Sudeste,35,São Paulo,3550100,São Manuel,355010010,Aparecida de São Manuel,3257
3,Sudeste,35,São Paulo,3550209,São Miguel Arcanjo,355020905,São Miguel Arcanjo,28410
3,Sudeste,35,São Paulo,3550209,São Miguel Arcanjo,355020915,Gramadão,3629
3,Sudeste,35,São Paulo,3550308,São Paulo,355030801,Água Rasa,85788
3,Sudeste,35,São Paulo,3550308,São Paulo,355030802,Alto de Pinheiros,37359
3,Sudeste,35,São Paulo,3550308,São Paulo,355030803,Anhanguera,75360
3,Sudeste,35,São Paulo,3550308,São Paulo,355030804,Aricanduva,89574
3,Sudeste,35,São Paulo,3550308,São Paulo,355030805,Artur Alvim,95575
3,Sudeste,35,São Paulo,3550308,São Paulo,355030806,Barra Funda,33436
3,Sudeste,35,São Paulo,3550308,São Paulo,355030807,Bela Vista,60024
3,Sudeste,35,São Paulo,3550308,São Paulo,355030808,Belém,55785
3,Sudeste,35,São Paulo,3550308,São Paulo,355030809,Bom Retiro,33520
3,Sudeste,35,São Paulo,3550308,São Paulo,355030810,Brás,38750
3,Sudeste,35,São Paulo,3550308,São Paulo,355030811,Brasilândia,243273
3,Sudeste,35,São Paulo,3550308,São Paulo,355030812,Butantã,51715
3,Sudeste,35,São Paulo,3550308,São Paulo,355030813,Cachoeirinha,143366
3,Sudeste,35,São Paulo,3550308,São Paulo,355030814,Cambuci,45163
3,Sudeste,35,São Paulo,3550308,São Paulo,355030815,Campo Belo,71034
3,Sudeste,35,São Paulo,3550308,São Paulo,355030816,Campo Grande,115925
3,Sudeste,35,São Paulo,3550308,São Paulo,355030817,Campo Limpo,236162
3,Sudeste,35,São Paulo,3550308,São Paulo,355030818,Cangaiba,141172
3,Sudeste,35,São Paulo,3550308,São Paulo,355030819,Capão Redondo,270767
3,Sudeste,35,São Paulo,3550308,São Paulo,355030820,Carrão,84397
3,Sudeste,35,São Paulo,3550308,São Paulo,355030821,Casa Verde,80536
3,Sudeste,35,São Paulo,3550308,São Paulo,355030822,Cidade Ademar,249218
3,Sudeste,35,São Paulo,3550308,São Paulo,355030823,Cidade Dutra,182459
3,Sudeste,35,São Paulo,3550308,São Paulo,355030824,Cidade Lider,136660
3,Sudeste,35,São Paulo,3550308,São Paulo,355030825,Cidade Tiradentes,194177
3,Sudeste,35,São Paulo,3550308,São Paulo,355030826,Consolação,53144
3,Sudeste,35,São Paulo,3550308,São Paulo,355030827,Cursino,103171
3,Sudeste,35,São Paulo,3550308,São Paulo,355030828,Ermelino Matarazzo,112333
3,Sudeste,35,São Paulo,3550308,São Paulo,355030829,Freguesia do Ó,137240
3,Sudeste,35,São Paulo,3550308,São Paulo,355030830,Grajaú,384873
3,Sudeste,35,São Paulo,3550308,São Paulo,355030831,Guaianases,109316
3,Sudeste,35,São Paulo,3550308,São Paulo,355030832,Moema,81899
3,Sudeste,35,São Paulo,3550308,São Paulo,355030833,Iguatemi,149700
3,Sudeste,35,São Paulo,3550308,São Paulo,355030834,Ipiranga,116271
3,Sudeste,35,São Paulo,3550308,São Paulo,355030835,Itaim Bibi,101452
3,Sudeste,35,São Paulo,3550308,São Paulo,355030836,Itaim Paulista,205295
3,Sudeste,35,São Paulo,3550308,São Paulo,355030837,Itaquera,210960
3,Sudeste,35,São Paulo,3550308,São Paulo,355030838,Jabaquara,214982
3,Sudeste,35,São Paulo,3550308,São Paulo,355030839,Jaçanã,87329
3,Sudeste,35,São Paulo,3550308,São Paulo,355030840,Jaguara,24730
3,Sudeste,35,São Paulo,3550308,São Paulo,355030841,Jaguaré,55382
3,Sudeste,35,São Paulo,3550308,São Paulo,355030842,Jaraguá,211617
3,Sudeste,35,São Paulo,3550308,São Paulo,355030843,Jardim Ângela,311432
3,Sudeste,35,São Paulo,3550308,São Paulo,355030844,Jardim Helena,129409
3,Sudeste,35,São Paulo,3550308,São Paulo,355030845,Jardim Paulista,81859
3,Sudeste,35,São Paulo,3550308,São Paulo,355030846,Jardim São Luís,259377
3,Sudeste,35,São Paulo,3550308,São Paulo,355030847,José Bonifácio,128243
3,Sudeste,35,São Paulo,3550308,São Paulo,355030848,Lapa,75533
3,Sudeste,35,São Paulo,3550308,São Paulo,355030849,Liberdade,66056
3,Sudeste,35,São Paulo,3550308,São Paulo,355030850,Limão,82373
3,Sudeste,35,São Paulo,3550308,São Paulo,355030851,Mandaqui,103665
3,Sudeste,35,São Paulo,3550308,São Paulo,355030852,Marsilac,11451
3,Sudeste,35,São Paulo,3550308,São Paulo,355030853,Mooca,80880
3,Sudeste,35,São Paulo,3550308,São Paulo,355030854,Morumbi,43690
3,Sudeste,35,São Paulo,3550308,São Paulo,355030855,Parelheiros,153687
3,Sudeste,35,São Paulo,3550308,São Paulo,355030856,Pari,17359
3,Sudeste,35,São Paulo,3550308,São Paulo,355030857,Parque do Carmo,74677
3,Sudeste,35,São Paulo,3550308,São Paulo,355030858,Pedreira,163586
3,Sudeste,35,São Paulo,3550308,São Paulo,355030859,Penha,132452
3,Sudeste,35,São Paulo,3550308,São Paulo,355030860,Perdizes,102391
3,Sudeste,35,São Paulo,3550308,São Paulo,355030861,Perus,87716
3,Sudeste,35,São Paulo,3550308,São Paulo,355030862,Pinheiros,65145
3,Sudeste,35,São Paulo,3550308,São Paulo,355030863,Pirituba,179724
3,Sudeste,35,São Paulo,3550308,São Paulo,355030864,Ponte Rasa,89881
3,Sudeste,35,São Paulo,3550308,São Paulo,355030865,Raposo Tavares,117738
3,Sudeste,35,São Paulo,3550308,São Paulo,355030866,República,60825
3,Sudeste,35,São Paulo,3550308,São Paulo,355030867,Rio Pequeno,131631
3,Sudeste,35,São Paulo,3550308,São Paulo,355030868,Sacomã,261436
3,Sudeste,35,São Paulo,3550308,São Paulo,355030869,Santa Cecília,80972
3,Sudeste,35,São Paulo,3550308,São Paulo,355030870,Santana,115689
3,Sudeste,35,São Paulo,3550308,São Paulo,355030871,Santo Amaro,85349
3,Sudeste,35,São Paulo,3550308,São Paulo,355030872,São Lucas,138038
3,Sudeste,35,São Paulo,3550308,São Paulo,355030873,São Mateus,155682
3,Sudeste,35,São Paulo,3550308,São Paulo,355030874,São Miguel,81011
3,Sudeste,35,São Paulo,3550308,São Paulo,355030875,São Rafael,148145
3,Sudeste,35,São Paulo,3550308,São Paulo,355030876,Sapopemba,266715
3,Sudeste,35,São Paulo,3550308,São Paulo,355030877,Saúde,128469
3,Sudeste,35,São Paulo,3550308,São Paulo,355030878,Sé,23832
3,Sudeste,35,São Paulo,3550308,São Paulo,355030879,Socorro,38051
3,Sudeste,35,São Paulo,3550308,São Paulo,355030880,Tatuapé,98601
3,Sudeste,35,São Paulo,3550308,São Paulo,355030881,Tremembé,196563
3,Sudeste,35,São Paulo,3550308,São Paulo,355030882,Tucuruvi,99559
3,Sudeste,35,São Paulo,3550308,São Paulo,355030883,Vila Andrade,168669
3,Sudeste,35,São Paulo,3550308,São Paulo,355030884,Vila Curuçá,140673
3,Sudeste,35,São Paulo,3550308,São Paulo,355030885,Vila Formosa,92186
3,Sudeste,35,São Paulo,3550308,São Paulo,355030886,Vila Guilherme,52587
3,Sudeste,35,São Paulo,3550308,São Paulo,355030887,Vila Jacuí,134189
3,Sudeste,35,São Paulo,3550308,São Paulo,355030888,Vila Leopoldina,46875
3,Sudeste,35,São Paulo,3550308,São Paulo,355030889,Vila Maria,108543
3,Sudeste,35,São Paulo,3550308,São Paulo,355030890,Vila Mariana,127286
3,Sudeste,35,São Paulo,3550308,São Paulo,355030891,Vila Matilde,103558
3,Sudeste,35,São Paulo,3550308,São Paulo,355030892,Vila Medeiros,114939
3,Sudeste,35,São Paulo,3550308,São Paulo,355030893,Vila Prudente,105690
3,Sudeste,35,São Paulo,3550308,São Paulo,355030894,Vila Sônia,123748
3,Sudeste,35,São Paulo,3550308,São Paulo,355030895,São Domingos,88884
3,Sudeste,35,São Paulo,3550308,São Paulo,355030896,Lajeado,164391
3,Sudeste,35,São Paulo,3550407,São Pedro,355040705,São Pedro,38256
3,Sudeste,35,São Paulo,3550506,São Pedro do Turvo,355050605,São Pedro do Turvo,7217
3,Sudeste,35,São Paulo,3550605,São Roque,355060505,São Roque,51025
3,Sudeste,35,São Paulo,3550605,São Roque,355060515,Canguera,9724
3,Sudeste,35,São Paulo,3550605,São Roque,355060517,Mailasqui,9004
3,Sudeste,35,São Paulo,3550605,São Roque,355060520,São João Novo,9731
3,Sudeste,35,São Paulo,3550704,São Sebastião,355070405,São Sebastião,23270
3,Sudeste,35,São Paulo,3550704,São Sebastião,355070410,Maresias,37459
3,Sudeste,35,São Paulo,3550704,São Sebastião,355070415,São Francisco da Praia,20866
3,Sudeste,35,São Paulo,3550803,São Sebastião da Grama,355080305,São Sebastião da Grama,10441
3,Sudeste,35,São Paulo,3550902,São Simão,355090205,São Simão,13442
3,Sudeste,35,São Paulo,3551009,São Vicente,355100905,São Vicente,329911
3,Sudeste,35,São Paulo,3551108,Sarapuí,355110805,Sarapuí,8947
3,Sudeste,35,São Paulo,3551108,Sarapuí,355110815,Cocaes,1422
3,Sudeste,35,São Paulo,3551207,Sarutaiá,355120705,Sarutaiá,3704
3,Sudeste,35,São Paulo,3551306,Sebastianópolis do Sul,355130605,Sebastianópolis do Sul,3130
3,Sudeste,35,São Paulo,3551405,Serra Azul,355140505,Serra Azul,12746
3,Sudeste,35,São Paulo,3551504,Serrana,355150405,Serrana,43909
3,Sudeste,35,São Paulo,3551603,Serra Negra,355160305,Serra Negra,29894
3,Sudeste,35,São Paulo,3551702,Sertãozinho,355170205,Sertãozinho,118803
3,Sudeste,35,São Paulo,3551702,Sertãozinho,355170210,Cruz das Posses,8084
3,Sudeste,35,São Paulo,3551801,Sete Barras,355180105,Sete Barras,12730
3,Sudeste,35,São Paulo,3551900,Severínia,355190005,Severínia,14576
3,Sudeste,35,São Paulo,3552007,Silveiras,355200705,Silveiras,6186
3,Sudeste,35,São Paulo,3552106,Socorro,355210605,Socorro,40122
3,Sudeste,35,São Paulo,3552205,Sorocaba,355220505,Sorocaba,723682
3,Sudeste,35,São Paulo,3552304,Sud Mennucci,355230405,Sud Mennucci,5942
3,Sudeste,35,São Paulo,3552304,Sud Mennucci,355230410,Bandeirantes D'Oeste,1413
3,Sudeste,35,São Paulo,3552403,Sumaré,355240305,Sumaré,110885
3,Sudeste,35,São Paulo,3552403,Sumaré,355240315,Nova Veneza,168660
3,Sudeste,35,São Paulo,3552502,Suzano,355250205,Suzano,184235
3,Sudeste,35,São Paulo,3552502,Suzano,355250210,Boa Vista Paulista,97650
3,Sudeste,35,São Paulo,3552502,Suzano,355250215,Palmeiras de São Paulo,25544
3,Sudeste,35,São Paulo,3552551,Suzanápolis,355255105,Suzanápolis,3408
3,Sudeste,35,São Paulo,3552601,Tabapuã,355260105,Tabapuã,11323
3,Sudeste,35,São Paulo,3552700,Tabatinga,355270005,Tabatinga,12996
3,Sudeste,35,São Paulo,3552700,Tabatinga,355270010,Curupá,1773
3,Sudeste,35,São Paulo,3552809,Taboão da Serra,355280905,Taboão da Serra,273542
3,Sudeste,35,São Paulo,3552908,Taciba,355290805,Taciba,6260
3,Sudeste,35,São Paulo,3553005,Taguaí,355300505,Taguaí,12669
3,Sudeste,35,São Paulo,3553104,Taiaçu,355310405,Taiaçu,5677
3,Sudeste,35,São Paulo,3553203,Taiúva,355320305,Taiúva,6548
3,Sudeste,35,São Paulo,3553302,Tambaú,355330205,Tambaú,21435
3,Sudeste,35,São Paulo,3553401,Tanabi,355340105,Tanabi,24478
3,Sudeste,35,São Paulo,3553401,Tanabi,355340110,Ibiporanga,787
3,Sudeste,35,São Paulo,3553500,Tapiraí,355350005,Tapiraí,4715
3,Sudeste,35,São Paulo,3553500,Tapiraí,355350025,Rio Turvo,3281
3,Sudeste,35,São Paulo,3553609,Tapiratiba,355360905,Tapiratiba,11816
3,Sudeste,35,São Paulo,3553658,Taquaral,355365805,Taquaral,2619
3,Sudeste,35,São Paulo,3553708,Taquaritinga,355370805,Taquaritinga,49112
3,Sudeste,35,São Paulo,3553708,Taquaritinga,355370810,Guariroba,1530
3,Sudeste,35,São Paulo,3553708,Taquaritinga,355370815,Jurupema,1618
3,Sudeste,35,São Paulo,3553807,Taquarituba,355380705,Taquarituba,24350
3,Sudeste,35,São Paulo,3553856,Taquarivaí,355385605,Taquarivaí,6876
3,Sudeste,35,São Paulo,3553906,Tarabai,355390605,Tarabai,6536
3,Sudeste,35,São Paulo,3553955,Tarumã,355395505,Tarumã,14882
3,Sudeste,35,São Paulo,3554003,Tatuí,355400305,Tatuí,123942
3,Sudeste,35,São Paulo,3554102,Taubaté,355410205,Taubaté,253768
3,Sudeste,35,São Paulo,3554102,Taubaté,355410210,Quiririm,56971
3,Sudeste,35,São Paulo,3554201,Tejupá,355420105,Tejupá,1737
3,Sudeste,35,São Paulo,3554201,Tejupá,355420110,Águas Virtuosas,906
3,Sudeste,35,São Paulo,3554201,Tejupá,355420120,Ribeirão Bonito,1484
3,Sudeste,35,São Paulo,3554300,Teodoro Sampaio,355430005,Teodoro Sampaio,20727
3,Sudeste,35,São Paulo,3554300,Teodoro Sampaio,355430025,Planalto do Sul,1446
3,Sudeste,35,São Paulo,3554409,Terra Roxa,355440905,Terra Roxa,7904
3,Sudeste,35,São Paulo,3554508,Tietê,355450805,Tietê,37663
3,Sudeste,35,São Paulo,3554607,Timburi,355460705,Timburi,2464
3,Sudeste,35,São Paulo,3554656,Torre de Pedra,355465605,Torre de Pedra,2046
3,Sudeste,35,São Paulo,3554706,Torrinha,355470605,Torrinha,9335
3,Sudeste,35,São Paulo,3554755,Trabiju,355475505,Trabiju,1682
3,Sudeste,35,São Paulo,3554805,Tremembé,355480505,Tremembé,51173
3,Sudeste,35,São Paulo,3554904,Três Fronteiras,355490405,Três Fronteiras,6804
3,Sudeste,35,São Paulo,3554953,Tuiuti,355495305,Tuiuti,6778
3,Sudeste,35,São Paulo,3555000,Tupã,355500005,Tupã,61620
3,Sudeste,35,São Paulo,3555000,Tupã,355500015,Parnaso,972
3,Sudeste,35,São Paulo,3555000,Tupã,355500020,Universo,821
3,Sudeste,35,São Paulo,3555000,Tupã,355500025,Varpa,515
3,Sudeste,35,São Paulo,3555109,Tupi Paulista,355510905,Tupi Paulista,15370
3,Sudeste,35,São Paulo,3555109,Tupi Paulista,355510915,Oásis,484
3,Sudeste,35,São Paulo,3555208,Turiúba,355520805,Turiúba,1818
3,Sudeste,35,São Paulo,3555307,Turmalina,355530705,Turmalina,1248
3,Sudeste,35,São Paulo,3555307,Turmalina,355530710,Fátima Paulista,421
3,Sudeste,35,São Paulo,3555356,Ubarana,355535605,Ubarana,5365
3,Sudeste,35,São Paulo,3555406,Ubatuba,355540605,Ubatuba,90258
3,Sudeste,35,São Paulo,3555406,Ubatuba,355540610,Picinguaba,2723
3,Sudeste,35,São Paulo,3555505,Ubirajara,355550505,Ubirajara,4557
3,Sudeste,35,São Paulo,3555505,Ubirajara,355550510,Areia Branca,575
3,Sudeste,35,São Paulo,3555604,Uchoa,355560405,Uchoa,10394
3,Sudeste,35,São Paulo,3555703,União Paulista,355570305,União Paulista,1603
3,Sudeste,35,São Paulo,3555802,Urânia,355580205,Urânia,8833
3,Sudeste,35,São Paulo,3555901,Uru,355590105,Uru,1387
3,Sudeste,35,São Paulo,3556008,Urupês,355600805,Urupês,13121
3,Sudeste,35,São Paulo,3556008,Urupês,355600810,São João de Itaguaçu,623
3,Sudeste,35,São Paulo,3556107,Valentim Gentil,355610705,Valentim Gentil,14098
3,Sudeste,35,São Paulo,3556206,Valinhos,355620605,Valinhos,126373
3,Sudeste,35,São Paulo,3556305,Valparaíso,355630505,Valparaíso,24241
3,Sudeste,35,São Paulo,3556354,Vargem,355635405,Vargem,10512
3,Sudeste,35,São Paulo,3556404,Vargem Grande do Sul,355640405,Vargem Grande do Sul,40133
3,Sudeste,35,São Paulo,3556453,Vargem Grande Paulista,355645305,Vargem Grande Paulista,50415
3,Sudeste,35,São Paulo,3556503,Várzea Paulista,355650305,Várzea Paulista,115771
3,Sudeste,35,São Paulo,3556602,Vera Cruz,355660205,Vera Cruz,10176
3,Sudeste,35,São Paulo,3556701,Vinhedo,355670105,Vinhedo,76540
3,Sudeste,35,São Paulo,3556800,Viradouro,355680005,Viradouro,17414
3,Sudeste,35,São Paulo,3556909,Vista Alegre do Alto,355690905,Vista Alegre do Alto,8109
3,Sudeste,35,São Paulo,3556958,Vitória Brasil,355695805,Vitória Brasil,1794
3,Sudeste,35,São Paulo,3557006,Votorantim,355700605,Votorantim,127923
3,Sudeste,35,São Paulo,3557105,Votuporanga,355710505,Votuporanga,95412
3,Sudeste,35,São Paulo,3557105,Votuporanga,355710515,Simonsen,1222
3,Sudeste,35,São Paulo,3557154,Zacarias,355715405,Zacarias,2692
3,Sudeste,35,São Paulo,3557204,Chavantes,355720405,Chavantes,10353
3,Sudeste,35,São Paulo,3557204,Chavantes,355720415,Irapé,1858
3,Sudeste,35,São Paulo,3557303,Estiva Gerbi,355730305,Estiva Gerbi,11295
4,Sul,41,Paraná,4100103,Abatiá,410010305,Abatiá,7241
4,Sul,41,Paraná,4100202,Adrianópolis,410020205,Adrianópolis,6256
4,Sul,41,Paraná,4100301,Agudos do Sul,410030105,Agudos do Sul,10140
4,Sul,41,Paraná,4100301,Agudos do Sul,410030110,Colônia Padre Paulo,93
4,Sul,41,Paraná,4100400,Almirante Tamandaré,410040005,Almirante Tamandaré,119825
4,Sul,41,Paraná,4100459,Altamira do Paraná,410045905,Altamira do Paraná,3590
4,Sul,41,Paraná,4100509,Altônia,410050905,Altônia,15998
4,Sul,41,Paraná,4100509,Altônia,410050910,Jardim Paredão,864
4,Sul,41,Paraná,4100509,Altônia,410050915,São João,1880
4,Sul,41,Paraná,4100608,Alto Paraná,410060805,Alto Paraná,11262
4,Sul,41,Paraná,4100608,Alto Paraná,410060810,Maristela,2248
4,Sul,41,Paraná,4100608,Alto Paraná,410060815,Santa Maria,399
4,Sul,41,Paraná,4100707,Alto Piquiri,410070705,Alto Piquiri,7478
4,Sul,41,Paraná,4100707,Alto Piquiri,410070715,Mirante do Piquiri,660
4,Sul,41,Paraná,4100707,Alto Piquiri,410070720,Paulistânia,956
4,Sul,41,Paraná,4100707,Alto Piquiri,410070725,Saltinho do Oeste,633
4,Sul,41,Paraná,4100806,Alvorada do Sul,410080605,Alvorada do Sul,9010
4,Sul,41,Paraná,4100806,Alvorada do Sul,410080610,Esperança do Norte,1316
4,Sul,41,Paraná,4100905,Amaporã,410090505,Amaporã,4540
4,Sul,41,Paraná,4100905,Amaporã,410090510,Nordestina,222
4,Sul,41,Paraná,4101002,Ampére,410100205,Ampére,18504
4,Sul,41,Paraná,4101002,Ampére,410100210,São Pedro,137
4,Sul,41,Paraná,4101002,Ampére,410100215,São Salvador,979
4,Sul,41,Paraná,4101051,Anahy,410105105,Anahy,2918
4,Sul,41,Paraná,4101101,Andirá,410110105,Andirá,18996
4,Sul,41,Paraná,4101101,Andirá,410110110,Nossa Senhora Aparecida,882
4,Sul,41,Paraná,4101150,Ângulo,410115005,Ângulo,3235
4,Sul,41,Paraná,4101200,Antonina,410120005,Antonina,16568
4,Sul,41,Paraná,4101200,Antonina,410120010,Cacatu,332
4,Sul,41,Paraná,4101200,Antonina,410120015,Cachoeira de Cima,1191
4,Sul,41,Paraná,4101309,Antônio Olinto,410130905,Antônio Olinto,7018
4,Sul,41,Paraná,4101408,Apucarana,410140805,Apucarana,119564
4,Sul,41,Paraná,4101408,Apucarana,410140810,Correia de Freitas,1200
4,Sul,41,Paraná,4101408,Apucarana,410140815,Pirapó,4359
4,Sul,41,Paraná,4101408,Apucarana,410140820,São Pedro,851
4,Sul,41,Paraná,4101408,Apucarana,410140825,Vila Reis,4160
4,Sul,41,Paraná,4101507,Arapongas,410150705,Arapongas,119138
4,Sul,41,Paraná,4101606,Arapoti,410160605,Arapoti,24066
4,Sul,41,Paraná,4101606,Arapoti,410160610,Calógeras,1572
4,Sul,41,Paraná,4101606,Arapoti,410160615,Caratuva,139
4,Sul,41,Paraná,4101655,Arapuã,410165505,Arapuã,3527
4,Sul,41,Paraná,4101705,Araruna,410170505,Araruna,12772
4,Sul,41,Paraná,4101705,Araruna,410170515,São Vicente,1713
4,Sul,41,Paraná,4101804,Araucária,410180405,Araucária,148805
4,Sul,41,Paraná,4101804,Araucária,410180410,Guajuvira,2861
4,Sul,41,Paraná,4101853,Ariranha do Ivaí,410185305,Ariranha do Ivaí,2329
4,Sul,41,Paraná,4101903,Assaí,410190305,Assaí,13359
4,Sul,41,Paraná,4101903,Assaí,410190330,Pau D'Alho do Sul,438
4,Sul,41,Paraná,4102000,Assis Chateaubriand,410200005,Assis Chateaubriand,32629
4,Sul,41,Paraná,4102000,Assis Chateaubriand,410200010,Bragantina,1960
4,Sul,41,Paraná,4102000,Assis Chateaubriand,410200020,Encantado d'Oeste,2219
4,Sul,41,Paraná,4102109,Astorga,410210905,Astorga,20730
4,Sul,41,Paraná,4102109,Astorga,410210910,Içara,955
4,Sul,41,Paraná,4102109,Astorga,410210915,Santa Zélia,2289
4,Sul,41,Paraná,4102109,Astorga,410210920,Tupinambá,1501
4,Sul,41,Paraná,4102208,Atalaia,410220805,Atalaia,3980
4,Sul,41,Paraná,4102307,Balsa Nova,410230705,Balsa Nova,5686
4,Sul,41,Paraná,4102307,Balsa Nova,410230710,Bugre,6382
4,Sul,41,Paraná,4102307,Balsa Nova,410230715,São Luiz do Purunã,1327
4,Sul,41,Paraná,4102406,Bandeirantes,410240605,Bandeirantes,30908
4,Sul,41,Paraná,4102406,Bandeirantes,410240610,Nossa Senhora da Candelária,365
4,Sul,41,Paraná,4102505,Barbosa Ferraz,410250505,Barbosa Ferraz,8477
4,Sul,41,Paraná,4102505,Barbosa Ferraz,410250507,Bourbonia,903
4,Sul,41,Paraná,4102505,Barbosa Ferraz,410250515,Ourilândia,718
4,Sul,41,Paraná,4102505,Barbosa Ferraz,410250520,Pocinho,322
4,Sul,41,Paraná,4102505,Barbosa Ferraz,410250525,Tereza Breda,375
4,Sul,41,Paraná,4102604,Barracão,410260405,Barracão,8743
4,Sul,41,Paraná,4102604,Barracão,410260415,Siqueira Belo,1016
4,Sul,41,Paraná,4102703,Barra do Jacaré,410270305,Barra do Jacaré,2814
4,Sul,41,Paraná,4102752,Bela Vista da Caroba,410275205,Bela Vista da Caroba,4031
4,Sul,41,Paraná,4102802,Bela Vista do Paraíso,410280205,Bela Vista do Paraíso,10021
4,Sul,41,Paraná,4102802,Bela Vista do Paraíso,410280210,Santa Margarida,4812
4,Sul,41,Paraná,4102901,Bituruna,410290105,Bituruna,13130
4,Sul,41,Paraná,4102901,Bituruna,410290110,Santo Antônio do Iratim,2403
4,Sul,41,Paraná,4103008,Boa Esperança,410300805,Boa Esperança,4558
4,Sul,41,Paraná,4103024,Boa Esperança do Iguaçu,410302405,Boa Esperança do Iguaçu,2455
4,Sul,41,Paraná,4103040,Boa Ventura de São Roque,410304005,Boa Ventura de São Roque,6378
4,Sul,41,Paraná,4103057,Boa Vista da Aparecida,410305705,Boa Vista da Aparecida,7924
4,Sul,41,Paraná,4103107,Bocaiúva do Sul,410310705,Bocaiúva do Sul,13299
4,Sul,41,Paraná,4103156,Bom Jesus do Sul,410315605,Bom Jesus do Sul,3980
4,Sul,41,Paraná,4103206,Bom Sucesso,410320605,Bom Sucesso,6581
4,Sul,41,Paraná,4103222,Bom Sucesso do Sul,410322205,Bom Sucesso do Sul,3202
4,Sul,41,Paraná,4103305,Borrazópolis,410330505,Borrazópolis,7735
4,Sul,41,Paraná,4103354,Braganey,410335405,Braganey,4854
4,Sul,41,Paraná,4103370,Brasilândia do Sul,410337005,Brasilândia do Sul,3348
4,Sul,41,Paraná,4103370,Brasilândia do Sul,410337010,Ercilândia,360
4,Sul,41,Paraná,4103404,Cafeara,410340405,Cafeara,2627
4,Sul,41,Paraná,4103453,Cafelândia,410345305,Cafelândia,18997
4,Sul,41,Paraná,4103479,Cafezal do Sul,410347905,Cafezal do Sul,2944
4,Sul,41,Paraná,4103479,Cafezal do Sul,410347910,Guaiporã,1029
4,Sul,41,Paraná,4103479,Cafezal do Sul,410347915,Jangada,500
4,Sul,41,Paraná,4103503,Califórnia,410350305,Califórnia,8710
4,Sul,41,Paraná,4103602,Cambará,410360205,Cambará,23212
4,Sul,41,Paraná,4103701,Cambé,410370105,Cambé,106781
4,Sul,41,Paraná,4103701,Cambé,410370110,Prata,427
4,Sul,41,Paraná,4103800,Cambira,410380005,Cambira,9460
4,Sul,41,Paraná,4103909,Campina da Lagoa,410390905,Campina da Lagoa,12815
4,Sul,41,Paraná,4103909,Campina da Lagoa,410390910,Bela Vista do Piquiri,443
4,Sul,41,Paraná,4103909,Campina da Lagoa,410390915,Herveira,1108
4,Sul,41,Paraná,4103909,Campina da Lagoa,410390920,Salles de Oliveira,1357
4,Sul,41,Paraná,4103958,Campina do Simão,410395805,Campina do Simão,3936
4,Sul,41,Paraná,4104006,Campina Grande do Sul,410400605,Campina Grande do Sul,47825
4,Sul,41,Paraná,4104055,Campo Bonito,410405505,Campo Bonito,4027
4,Sul,41,Paraná,4104105,Campo do Tenente,410410505,Campo do Tenente,7508
4,Sul,41,Paraná,4104204,Campo Largo,410420405,Campo Largo,108883
4,Sul,41,Paraná,4104204,Campo Largo,410420410,Bateias,6167
4,Sul,41,Paraná,4104204,Campo Largo,410420415,Ferraria,16547
4,Sul,41,Paraná,4104204,Campo Largo,410420420,São Silvestre,1930
4,Sul,41,Paraná,4104204,Campo Largo,410420425,Três Córregos,2800
4,Sul,41,Paraná,4104253,Campo Magro,410425305,Campo Magro,30160
4,Sul,41,Paraná,4104303,Campo Mourão,410430305,Campo Mourão,98499
4,Sul,41,Paraná,4104303,Campo Mourão,410430320,Piquirivaí,933
4,Sul,41,Paraná,4104402,Cândido de Abreu,410440205,Cândido de Abreu,11514
4,Sul,41,Paraná,4104402,Cândido de Abreu,410440210,Tereza Cristina,1330
4,Sul,41,Paraná,4104402,Cândido de Abreu,410440215,Três Bicos,2400
4,Sul,41,Paraná,4104428,Candói,410442805,Candói,14973
4,Sul,41,Paraná,4104451,Cantagalo,410445105,Cantagalo,10106
4,Sul,41,Paraná,4104451,Cantagalo,410445125,Cavaco,827
4,Sul,41,Paraná,4104501,Capanema,410450105,Capanema,16390
4,Sul,41,Paraná,4104501,Capanema,410450110,Cristo Rei,896
4,Sul,41,Paraná,4104501,Capanema,410450115,Pinheiro,913
4,Sul,41,Paraná,4104501,Capanema,410450120,São Luiz,1317
4,Sul,41,Paraná,4104501,Capanema,410450125,Alto Faraday,965
4,Sul,41,Paraná,4104600,Capitão Leônidas Marques,410460005,Capitão Leônidas Marques,13632
4,Sul,41,Paraná,4104600,Capitão Leônidas Marques,410460020,Alto Alegre do Iguaçu,1016
4,Sul,41,Paraná,4104659,Carambeí,410465905,Carambeí,23283
4,Sul,41,Paraná,4104709,Carlópolis,410470905,Carlópolis,15634
4,Sul,41,Paraná,4104709,Carlópolis,410470910,Nova Brasília do Itararé,1271
4,Sul,41,Paraná,4104808,Cascavel,410480805,Cascavel,330740
4,Sul,41,Paraná,4104808,Cascavel,410480815,São João d'Oeste,5936
4,Sul,41,Paraná,4104808,Cascavel,410480825,Juvinópolis,1532
4,Sul,41,Paraná,4104808,Cascavel,410480835,Rio do Salto,2544
4,Sul,41,Paraná,4104808,Cascavel,410480840,Sede Alvorada,1829
4,Sul,41,Paraná,4104808,Cascavel,410480845,Espigão Azul,1134
4,Sul,41,Paraná,4104808,Cascavel,410480850,São Salvador,2700
4,Sul,41,Paraná,4104808,Cascavel,410480855,Diamante,1636
4,Sul,41,Paraná,4104907,Castro,410490705,Castro,64933
4,Sul,41,Paraná,4104907,Castro,410490710,Abapã,3206
4,Sul,41,Paraná,4104907,Castro,410490720,Socavão,4936
4,Sul,41,Paraná,4105003,Catanduvas,410500305,Catanduvas,10446
4,Sul,41,Paraná,4105102,Centenário do Sul,410510205,Centenário do Sul,10832
4,Sul,41,Paraná,4105201,Cerro Azul,410520105,Cerro Azul,12211
4,Sul,41,Paraná,4105201,Cerro Azul,410520110,São Sebastião,3923
4,Sul,41,Paraná,4105300,Céu Azul,410530005,Céu Azul,11087
4,Sul,41,Paraná,4105409,Chopinzinho,410540905,Chopinzinho,19602
4,Sul,41,Paraná,4105409,Chopinzinho,410540910,São Francisco,883
4,Sul,41,Paraná,4105409,Chopinzinho,410540915,São Luiz,600
4,Sul,41,Paraná,4105508,Cianorte,410550805,Cianorte,74376
4,Sul,41,Paraná,4105508,Cianorte,410550810,São Lourenço,2833
4,Sul,41,Paraná,4105508,Cianorte,410550815,Vidigal,2318
4,Sul,41,Paraná,4105607,Cidade Gaúcha,410560705,Cidade Gaúcha,11467
4,Sul,41,Paraná,4105706,Clevelândia,410570605,Clevelândia,14134
4,Sul,41,Paraná,4105706,Clevelândia,410570610,Coronel Firmino Martins,306
4,Sul,41,Paraná,4105706,Clevelândia,410570615,São Francisco de Sales,630
4,Sul,41,Paraná,4105805,Colombo,410580505,Colombo,232212
4,Sul,41,Paraná,4105904,Colorado,410590405,Colorado,20246
4,Sul,41,Paraná,4105904,Colorado,410590410,Alto Alegre,2650
4,Sul,41,Paraná,4106001,Congonhinhas,410600105,Congonhinhas,5859
4,Sul,41,Paraná,4106001,Congonhinhas,410600110,Santa Maria do Rio do Peixe,1383
4,Sul,41,Paraná,4106001,Congonhinhas,410600115,São Francisco de Imbaú,1078
4,Sul,41,Paraná,4106100,Conselheiro Mairinck,410610005,Conselheiro Mairinck,3461
4,Sul,41,Paraná,4106209,Contenda,410620905,Contenda,17509
4,Sul,41,Paraná,4106209,Contenda,410620910,Catanduvas do Sul,1619
4,Sul,41,Paraná,4106308,Corbélia,410630805,Corbélia,14692
4,Sul,41,Paraná,4106308,Corbélia,410630825,Ouro Verde do Piquiri,1277
4,Sul,41,Paraná,4106308,Corbélia,410630830,Nossa Senhora da Penha,1501
4,Sul,41,Paraná,4106407,Cornélio Procópio,410640705,Cornélio Procópio,43368
4,Sul,41,Paraná,4106407,Cornélio Procópio,410640710,Congonhas,1838
4,Sul,41,Paraná,4106456,Coronel Domingos Soares,410645605,Coronel Domingos Soares,5649
4,Sul,41,Paraná,4106506,Coronel Vivida,410650605,Coronel Vivida,22306
4,Sul,41,Paraná,4106506,Coronel Vivida,410650610,Vista Alegre,1025
4,Sul,41,Paraná,4106555,Corumbataí do Sul,410655505,Corumbataí do Sul,3760
4,Sul,41,Paraná,4106571,Cruzeiro do Iguaçu,410657105,Cruzeiro do Iguaçu,4133
4,Sul,41,Paraná,4106605,Cruzeiro do Oeste,410660505,Cruzeiro do Oeste,22446
4,Sul,41,Paraná,4106605,Cruzeiro do Oeste,410660510,Cafeeiros,629
4,Sul,41,Paraná,4106605,Cruzeiro do Oeste,410660515,São Silvestre,756
4,Sul,41,Paraná,4106704,Cruzeiro do Sul,410670405,Cruzeiro do Sul,4494
4,Sul,41,Paraná,4106803,Cruz Machado,410680305,Cruz Machado,10720
4,Sul,41,Paraná,4106803,Cruz Machado,410680310,Pinaré,1560
4,Sul,41,Paraná,4106803,Cruz Machado,410680315,Santana,3698
4,Sul,41,Paraná,4106852,Cruzmaltina,410685205,Cruzmaltina,2892
4,Sul,41,Paraná,4106902,Curitiba,410690205,Curitiba,1773718
4,Sul,41,Paraná,4107009,Curiúva,410700905,Curiúva,12596
4,Sul,41,Paraná,4107009,Curiúva,410700910,Alecrim,1051
4,Sul,41,Paraná,4107108,Diamante do Norte,410710805,Diamante do Norte,5142
4,Sul,41,Paraná,4107124,Diamante do Sul,410712405,Diamante do Sul,3171
4,Sul,41,Paraná,4107157,Diamante D'Oeste,410715705,Diamante D'Oeste,4557
4,Sul,41,Paraná,4107207,Dois Vizinhos,410720705,Dois Vizinhos,43911
4,Sul,41,Paraná,4107207,Dois Vizinhos,410720730,Santa Lúcia,958
4,Sul,41,Paraná,4107256,Douradina,410725605,Douradina,9161
4,Sul,41,Paraná,4107306,Doutor Camargo,410730605,Doutor Camargo,6327
4,Sul,41,Paraná,4107405,Enéas Marques,410740505,Enéas Marques,4755
4,Sul,41,Paraná,4107405,Enéas Marques,410740515,Pinhalzinho,808
4,Sul,41,Paraná,4107405,Enéas Marques,410740520,Vista Alegre,436
4,Sul,41,Paraná,4107504,Engenheiro Beltrão,410750405,Engenheiro Beltrão,9392
4,Sul,41,Paraná,4107504,Engenheiro Beltrão,410750407,Figueira do Oeste,677
4,Sul,41,Paraná,4107504,Engenheiro Beltrão,410750409,Ivailândia,1366
4,Sul,41,Paraná,4107504,Engenheiro Beltrão,410750410,Sertãozinho,610
4,Sul,41,Paraná,4107504,Engenheiro Beltrão,410750415,Sussuí,277
4,Sul,41,Paraná,4107504,Engenheiro Beltrão,410750420,Triângulo,132
4,Sul,41,Paraná,4107520,Esperança Nova,410752005,Esperança Nova,1849
4,Sul,41,Paraná,4107538,Entre Rios do Oeste,410753805,Entre Rios do Oeste,4575
4,Sul,41,Paraná,4107546,Espigão Alto do Iguaçu,410754605,Espigão Alto do Iguaçu,4797
4,Sul,41,Paraná,4107553,Farol,410755305,Farol,2535
4,Sul,41,Paraná,4107553,Farol,410755310,Martinópolis D'Oeste,504
4,Sul,41,Paraná,4107603,Faxinal,410760305,Faxinal,15648
4,Sul,41,Paraná,4107603,Faxinal,410760315,Nova Altamira,741
4,Sul,41,Paraná,4107652,Fazenda Rio Grande,410765205,Fazenda Rio Grande,148873
4,Sul,41,Paraná,4107702,Fênix,410770205,Fênix,4182
4,Sul,41,Paraná,4107702,Fênix,410770210,Bela Vista do Ivaí,229
4,Sul,41,Paraná,4107702,Fênix,410770215,Porteira Preta,81
4,Sul,41,Paraná,4107736,Fernandes Pinheiro,410773605,Fernandes Pinheiro,6255
4,Sul,41,Paraná,4107751,Figueira,410775105,Figueira,8062
4,Sul,41,Paraná,4107801,Floraí,410780105,Floraí,4517
4,Sul,41,Paraná,4107801,Floraí,410780110,Nova Bilac,275
4,Sul,41,Paraná,4107850,Flor da Serra do Sul,410785005,Flor da Serra do Sul,4364
4,Sul,41,Paraná,4107900,Floresta,410790005,Floresta,10458
4,Sul,41,Paraná,4108007,Florestópolis,410800705,Florestópolis,11446
4,Sul,41,Paraná,4108106,Flórida,410810605,Flórida,2652
4,Sul,41,Paraná,4108205,Formosa do Oeste,410820505,Formosa do Oeste,7635
4,Sul,41,Paraná,4108304,Foz do Iguaçu,410830405,Foz do Iguaçu,284803
4,Sul,41,Paraná,4108304,Foz do Iguaçu,410830410,Alvorada do Iguaçu,612
4,Sul,41,Paraná,4108320,Francisco Alves,410832005,Francisco Alves,6932
4,Sul,41,Paraná,4108320,Francisco Alves,410832010,Rio Bonito,1184
4,Sul,41,Paraná,4108403,Francisco Beltrão,410840305,Francisco Beltrão,89864
4,Sul,41,Paraná,4108403,Francisco Beltrão,410840307,Jacutinga,1187
4,Sul,41,Paraná,4108403,Francisco Beltrão,410840310,Nova Concórdia,2332
4,Sul,41,Paraná,4108403,Francisco Beltrão,410840320,São Pio X,1699
4,Sul,41,Paraná,4108403,Francisco Beltrão,410840325,Secção Jacaré,1584
4,Sul,41,Paraná,4108452,Foz do Jordão,410845205,Foz do Jordão,4926
4,Sul,41,Paraná,4108502,General Carneiro,410850205,General Carneiro,9970
4,Sul,41,Paraná,4108502,General Carneiro,410850215,Jangada do Sul,1092
4,Sul,41,Paraná,4108551,Godoy Moreira,410855105,Godoy Moreira,2977
4,Sul,41,Paraná,4108601,Goioerê,410860105,Goioerê,28437
4,Sul,41,Paraná,4108650,Goioxim,410865005,Goioxim,6566
4,Sul,41,Paraná,4108700,Grandes Rios,410870005,Grandes Rios,3473
4,Sul,41,Paraná,4108700,Grandes Rios,410870010,Ribeirão Bonito,2168
4,Sul,41,Paraná,4108809,Guaíra,410880905,Guaíra,30682
4,Sul,41,Paraná,4108809,Guaíra,410880910,Doutor Oliveira Castro,1415
4,Sul,41,Paraná,4108908,Guairaçá,410890805,Guairaçá,6587
4,Sul,41,Paraná,4108957,Guamiranga,410895705,Guamiranga,7856
4,Sul,41,Paraná,4109005,Guapirama,410900505,Guapirama,4626
4,Sul,41,Paraná,4109104,Guaporema,410910405,Guaporema,2191
4,Sul,41,Paraná,4109203,Guaraci,410920305,Guaraci,4139
4,Sul,41,Paraná,4109203,Guaraci,410920310,Bentópolis,609
4,Sul,41,Paraná,4109302,Guaraniaçu,410930205,Guaraniaçu,11759
4,Sul,41,Paraná,4109302,Guaraniaçu,410930210,Bela Vista,413
4,Sul,41,Paraná,4109302,Guaraniaçu,410930215,Borman,807
4,Sul,41,Paraná,4109302,Guaraniaçu,410930230,Guaporé,756
4,Sul,41,Paraná,4109401,Guarapuava,410940105,Guarapuava,161969
4,Sul,41,Paraná,4109401,Guarapuava,410940107,Atalaia,249
4,Sul,41,Paraná,4109401,Guarapuava,410940135,Entre Rios,10464
4,Sul,41,Paraná,4109401,Guarapuava,410940145,Guairacá,1350
4,Sul,41,Paraná,4109401,Guarapuava,410940150,Guará,3409
4,Sul,41,Paraná,4109401,Guarapuava,410940175,Palmeirinha,4652
4,Sul,41,Paraná,4109500,Guaraqueçaba,410950005,Guaraqueçaba,6168
4,Sul,41,Paraná,4109500,Guaraqueçaba,410950010,Ararapira,125
4,Sul,41,Paraná,4109500,Guaraqueçaba,410950015,Serra Negra,1137
4,Sul,41,Paraná,4109609,Guaratuba,410960905,Guaratuba,40106
4,Sul,41,Paraná,4109609,Guaratuba,410960910,Pedra Branca do Araraquara,1956
4,Sul,41,Paraná,4109658,Honório Serpa,410965805,Honório Serpa,3988
4,Sul,41,Paraná,4109658,Honório Serpa,410965810,Pinho Fleck,953
4,Sul,41,Paraná,4109708,Ibaiti,410970805,Ibaiti,22355
4,Sul,41,Paraná,4109708,Ibaiti,410970810,Amorinha,1119
4,Sul,41,Paraná,4109708,Ibaiti,410970812,Campinho,1886
4,Sul,41,Paraná,4109708,Ibaiti,410970815,Euzébio de Oliveira,960
4,Sul,41,Paraná,4109708,Ibaiti,410970820,Vassoural,622
4,Sul,41,Paraná,4109708,Ibaiti,410970825,Vila Guay,1888
4,Sul,41,Paraná,4109757,Ibema,410975705,Ibema,6218
4,Sul,41,Paraná,4109807,Ibiporã,410980705,Ibiporã,51603
4,Sul,41,Paraná,4109906,Icaraíma,410990605,Icaraíma,7495
4,Sul,41,Paraná,4109906,Icaraíma,410990610,Porto Camargo,951
4,Sul,41,Paraná,4109906,Icaraíma,410990615,Vila Rica do Ivaí,545
4,Sul,41,Paraná,4110003,Iguaraçu,411000305,Iguaraçu,5338
4,Sul,41,Paraná,4110052,Iguatu,411005205,Iguatu,2144
4,Sul,41,Paraná,4110078,Imbaú,411007805,Imbaú,14249
4,Sul,41,Paraná,4110102,Imbituva,411010205,Imbituva,27429
4,Sul,41,Paraná,4110102,Imbituva,411010210,Apiaba,2495
4,Sul,41,Paraná,4110201,Inácio Martins,411020105,Inácio Martins,9670
4,Sul,41,Paraná,4110300,Inajá,411030005,Inajá,2536
4,Sul,41,Paraná,4110409,Indianópolis,411040905,Indianópolis,4448
4,Sul,41,Paraná,4110508,Ipiranga,411050805,Ipiranga,14142
4,Sul,41,Paraná,4110607,Iporã,411060705,Iporã,14284
4,Sul,41,Paraná,4110607,Iporã,411060714,Nilza,630
4,Sul,41,Paraná,4110607,Iporã,411060715,Nova Santa Helena,832
4,Sul,41,Paraná,4110656,Iracema do Oeste,411065605,Iracema do Oeste,2343
4,Sul,41,Paraná,4110706,Irati,411070605,Irati,51562
4,Sul,41,Paraná,4110706,Irati,411070610,Gonçalves Júnior,3113
4,Sul,41,Paraná,4110706,Irati,411070615,Guamirim,2326
4,Sul,41,Paraná,4110706,Irati,411070620,Itapará,2249
4,Sul,41,Paraná,4110805,Iretama,411080505,Iretama,7367
4,Sul,41,Paraná,4110805,Iretama,411080506,Águas de Jurema,2773
4,Sul,41,Paraná,4110805,Iretama,411080510,Marilu,544
4,Sul,41,Paraná,4110904,Itaguajé,411090405,Itaguajé,4481
4,Sul,41,Paraná,4110953,Itaipulândia,411095305,Itaipulândia,8789
4,Sul,41,Paraná,4110953,Itaipulândia,411095325,São José do Itavó,2696
4,Sul,41,Paraná,4111001,Itambaracá,411100105,Itambaracá,5587
4,Sul,41,Paraná,4111001,Itambaracá,411100110,São Joaquim do Pontal,321
4,Sul,41,Paraná,4111100,Itambé,411110005,Itambé,6111
4,Sul,41,Paraná,4111209,Itapejara d'Oeste,411120905,Itapejara d'Oeste,11577
4,Sul,41,Paraná,4111209,Itapejara d'Oeste,411120910,Barra Grande,460
4,Sul,41,Paraná,4111209,Itapejara d'Oeste,411120915,Coxilha Rica,307
4,Sul,41,Paraná,4111258,Itaperuçu,411125805,Itaperuçu,31217
4,Sul,41,Paraná,4111308,Itaúna do Sul,411130805,Itaúna do Sul,3572
4,Sul,41,Paraná,4111407,Ivaí,411140705,Ivaí,9426
4,Sul,41,Paraná,4111407,Ivaí,411140710,Bom Jardim do Sul,3803
4,Sul,41,Paraná,4111506,Ivaiporã,411150605,Ivaiporã,29423
4,Sul,41,Paraná,4111506,Ivaiporã,411150610,Alto Porã,1119
4,Sul,41,Paraná,4111506,Ivaiporã,411150625,Jacutinga,1671
4,Sul,41,Paraná,4111506,Ivaiporã,411150635,Santa Bárbara,507
4,Sul,41,Paraná,4111555,Ivaté,411155505,Ivaté,5666
4,Sul,41,Paraná,4111555,Ivaté,411155515,Herculândia,1165
4,Sul,41,Paraná,4111605,Ivatuba,411160505,Ivatuba,2708
4,Sul,41,Paraná,4111704,Jaboti,411170405,Jaboti,5427
4,Sul,41,Paraná,4111803,Jacarezinho,411180305,Jacarezinho,40375
4,Sul,41,Paraná,4111902,Jaguapitã,411190205,Jaguapitã,15122
4,Sul,41,Paraná,4112009,Jaguariaíva,411200905,Jaguariaíva,33815
4,Sul,41,Paraná,4112009,Jaguariaíva,411200910,Eduardo Xavier da Silva,1326
4,Sul,41,Paraná,4112108,Jandaia do Sul,411210805,Jandaia do Sul,20744
4,Sul,41,Paraná,4112108,Jandaia do Sul,411210810,São José,664
4,Sul,41,Paraná,4112207,Janiópolis,411220705,Janiópolis,5490
4,Sul,41,Paraná,4112207,Janiópolis,411220710,Arapuan,380
4,Sul,41,Paraná,4112306,Japira,411230605,Japira,4707
4,Sul,41,Paraná,4112306,Japira,411230610,Novo Jardim,265
4,Sul,41,Paraná,4112405,Japurá,411240505,Japurá,9144
4,Sul,41,Paraná,4112504,Jardim Alegre,411250405,Jardim Alegre,12004
4,Sul,41,Paraná,4112603,Jardim Olinda,411260305,Jardim Olinda,1343
4,Sul,41,Paraná,4112702,Jataizinho,411270205,Jataizinho,11665
4,Sul,41,Paraná,4112702,Jataizinho,411270210,Antônio Brandão de Oliveira,58
4,Sul,41,Paraná,4112702,Jataizinho,411270215,Frei Timóteo,90
4,Sul,41,Paraná,4112751,Jesuítas,411275105,Jesuítas,8602
4,Sul,41,Paraná,4112751,Jesuítas,411275110,Carajá,1904
4,Sul,41,Paraná,4112801,Joaquim Távora,411280105,Joaquim Távora,11352
4,Sul,41,Paraná,4112801,Joaquim Távora,411280110,Joá,593
4,Sul,41,Paraná,4112900,Jundiaí do Sul,411290005,Jundiaí do Sul,3333
4,Sul,41,Paraná,4112959,Juranda,411295905,Juranda,5882
4,Sul,41,Paraná,4112959,Juranda,411295908,Primavera,893
4,Sul,41,Paraná,4112959,Juranda,411295910,Rio Verde,996
4,Sul,41,Paraná,4113007,Jussara,411300705,Jussara,6690
4,Sul,41,Paraná,4113106,Kaloré,411310605,Kaloré,4582
4,Sul,41,Paraná,4113205,Lapa,411320505,Lapa,33954
4,Sul,41,Paraná,4113205,Lapa,411320510,Água Azul,6230
4,Sul,41,Paraná,4113205,Lapa,411320515,Mariental,4819
4,Sul,41,Paraná,4113254,Laranjal,411325405,Laranjal,5600
4,Sul,41,Paraná,4113304,Laranjeiras do Sul,411330405,Laranjeiras do Sul,30889
4,Sul,41,Paraná,4113304,Laranjeiras do Sul,411330425,Passo Liso,1338
4,Sul,41,Paraná,4113403,Leópolis,411340305,Leópolis,3752
4,Sul,41,Paraná,4113429,Lidianópolis,411342905,Lidianópolis,3938
4,Sul,41,Paraná,4113452,Lindoeste,411345205,Lindoeste,5175
4,Sul,41,Paraná,4113502,Loanda,411350205,Loanda,23225
4,Sul,41,Paraná,4113601,Lobato,411360105,Lobato,4601
4,Sul,41,Paraná,4113700,Londrina,411370005,Londrina,539947
4,Sul,41,Paraná,4113700,Londrina,411370010,Guaravera,3171
4,Sul,41,Paraná,4113700,Londrina,411370015,Irerê,2060
4,Sul,41,Paraná,4113700,Londrina,411370020,Lerroville,3334
4,Sul,41,Paraná,4113700,Londrina,411370025,Maravilha,784
4,Sul,41,Paraná,4113700,Londrina,411370030,Paiquerê,3896
4,Sul,41,Paraná,4113700,Londrina,411370035,São Luiz,1314
4,Sul,41,Paraná,4113700,Londrina,411370045,Warta,1459
4,Sul,41,Paraná,4113734,Luiziana,411373405,Luiziana,6690
4,Sul,41,Paraná,4113759,Lunardelli,411375905,Lunardelli,4872
4,Sul,41,Paraná,4113809,Lupionópolis,411380905,Lupionópolis,4445
4,Sul,41,Paraná,4113809,Lupionópolis,411380910,Mairá,368
4,Sul,41,Paraná,4113908,Mallet,411390805,Mallet,10232
4,Sul,41,Paraná,4113908,Mallet,411390810,Dorizon,1729
4,Sul,41,Paraná,4113908,Mallet,411390815,Rio Claro do Sul,1467
4,Sul,41,Paraná,4114005,Mamborê,411400505,Mamborê,13452
4,Sul,41,Paraná,4114104,Mandaguaçu,411410405,Mandaguaçu,31457
4,Sul,41,Paraná,4114203,Mandaguari,411420305,Mandaguari,36716
4,Sul,41,Paraná,4114302,Mandirituba,411430205,Mandirituba,14967
4,Sul,41,Paraná,4114302,Mandirituba,411430210,Areia Branca dos Assis,12472
4,Sul,41,Paraná,4114351,Manfrinópolis,411435105,Manfrinópolis,2770
4,Sul,41,Paraná,4114401,Mangueirinha,411440105,Mangueirinha,13989
4,Sul,41,Paraná,4114401,Mangueirinha,411440110,Covó,2614
4,Sul,41,Paraná,4114500,Manoel Ribas,411450005,Manoel Ribas,13544
4,Sul,41,Paraná,4114500,Manoel Ribas,411450010,Barra Santa Salete,696
4,Sul,41,Paraná,4114609,Marechal Cândido Rondon,411460905,Marechal Cândido Rondon,47353
4,Sul,41,Paraná,4114609,Marechal Cândido Rondon,411460907,Bom Jardim,470
4,Sul,41,Paraná,4114609,Marechal Cândido Rondon,411460915,Iguiporã,1251
4,Sul,41,Paraná,4114609,Marechal Cândido Rondon,411460920,Margarida,2681
4,Sul,41,Paraná,4114609,Marechal Cândido Rondon,411460930,Novo Horizonte,924
4,Sul,41,Paraná,4114609,Marechal Cândido Rondon,411460935,Novo Três Passos,955
4,Sul,41,Paraná,4114609,Marechal Cândido Rondon,411460945,Porto Mendes,1460
4,Sul,41,Paraná,4114609,Marechal Cândido Rondon,411460955,São Roque,742
4,Sul,41,Paraná,4114708,Maria Helena,411470805,Maria Helena,5198
4,Sul,41,Paraná,4114708,Maria Helena,411470810,Carbonera,667
4,Sul,41,Paraná,4114807,Marialva,411480705,Marialva,40130
4,Sul,41,Paraná,4114807,Marialva,411480710,Santa Fé do Pirapó,579
4,Sul,41,Paraná,4114807,Marialva,411480715,São Luiz,215
4,Sul,41,Paraná,4114807,Marialva,411480720,São Miguel do Cambuí,927
4,Sul,41,Paraná,4114906,Marilândia do Sul,411490605,Marilândia do Sul,7749
4,Sul,41,Paraná,4114906,Marilândia do Sul,411490625,Nova Amoreira,928
4,Sul,41,Paraná,4115002,Marilena,411500205,Marilena,7122
4,Sul,41,Paraná,4115002,Marilena,411500210,Ipanema,131
4,Sul,41,Paraná,4115101,Mariluz,411510105,Mariluz,8748
4,Sul,41,Paraná,4115101,Mariluz,411510110,São Luiz,1099
4,Sul,41,Paraná,4115200,Maringá,411520005,Maringá,399108
4,Sul,41,Paraná,4115200,Maringá,411520010,Floriano,2459
4,Sul,41,Paraná,4115200,Maringá,411520015,Iguatemi,8090
4,Sul,41,Paraná,4115309,Mariópolis,411530905,Mariópolis,5498
4,Sul,41,Paraná,4115309,Mariópolis,411530910,Rio Pinheiro,703
4,Sul,41,Paraná,4115309,Mariópolis,411530915,Senhor Bom Jesus dos Gramados,170
4,Sul,41,Paraná,4115358,Maripá,411535805,Maripá,4710
4,Sul,41,Paraná,4115358,Maripá,411535810,Candeia,913
4,Sul,41,Paraná,4115358,Maripá,411535820,Pérola Independente,932
4,Sul,41,Paraná,4115408,Marmeleiro,411540805,Marmeleiro,15901
4,Sul,41,Paraná,4115457,Marquinho,411545705,Marquinho,4504
4,Sul,41,Paraná,4115507,Marumbi,411550705,Marumbi,4699
4,Sul,41,Paraná,4115606,Matelândia,411560605,Matelândia,14092
4,Sul,41,Paraná,4115606,Matelândia,411560607,Agro Cafeeira,4358
4,Sul,41,Paraná,4115705,Matinhos,411570505,Matinhos,39259
4,Sul,41,Paraná,4115739,Mato Rico,411573905,Mato Rico,3267
4,Sul,41,Paraná,4115754,Mauá da Serra,411575405,Mauá da Serra,9383
4,Sul,41,Paraná,4115804,Medianeira,411580405,Medianeira,53320
4,Sul,41,Paraná,4115804,Medianeira,411580425,Maralúcia,1049
4,Sul,41,Paraná,4115853,Mercedes,411585305,Mercedes,5931
4,Sul,41,Paraná,4115903,Mirador,411590305,Mirador,2238
4,Sul,41,Paraná,4116000,Miraselva,411600005,Miraselva,1966
4,Sul,41,Paraná,4116059,Missal,411605905,Missal,8048
4,Sul,41,Paraná,4116059,Missal,411605910,Dom Armando,860
4,Sul,41,Paraná,4116059,Missal,411605920,Portão Ocoí,2156
4,Sul,41,Paraná,4116109,Moreira Sales,411610905,Moreira Sales,9373
4,Sul,41,Paraná,4116109,Moreira Sales,411610910,Paraná d'Oeste,1802
4,Sul,41,Paraná,4116208,Morretes,411620805,Morretes,16864
4,Sul,41,Paraná,4116208,Morretes,411620810,Porto de Cima,1445
4,Sul,41,Paraná,4116307,Munhoz de Melo,411630705,Munhoz de Melo,3732
4,Sul,41,Paraná,4116307,Munhoz de Melo,411630710,Fernão Dias,219
4,Sul,41,Paraná,4116406,Nossa Senhora das Graças,411640605,Nossa Senhora das Graças,3669
4,Sul,41,Paraná,4116505,Nova Aliança do Ivaí,411650505,Nova Aliança do Ivaí,1323
4,Sul,41,Paraná,4116604,Nova América da Colina,411660405,Nova América da Colina,3280
4,Sul,41,Paraná,4116703,Nova Aurora,411670305,Nova Aurora,12055
4,Sul,41,Paraná,4116703,Nova Aurora,411670307,Marajó,572
4,Sul,41,Paraná,4116703,Nova Aurora,411670310,Palmitópolis,1138
4,Sul,41,Paraná,4116802,Nova Cantu,411680205,Nova Cantu,5190
4,Sul,41,Paraná,4116802,Nova Cantu,411680210,Geremia Lunardelli,702
4,Sul,41,Paraná,4116802,Nova Cantu,411680215,Santo Rei,898
4,Sul,41,Paraná,4116901,Nova Esperança,411690105,Nova Esperança,25104
4,Sul,41,Paraná,4116901,Nova Esperança,411690110,Barão de Lucena,1175
4,Sul,41,Paraná,4116901,Nova Esperança,411690115,Ivaitinga,306
4,Sul,41,Paraná,4116950,Nova Esperança do Sudoeste,411695005,Nova Esperança do Sudoeste,5597
4,Sul,41,Paraná,4117008,Nova Fátima,411700805,Nova Fátima,7225
4,Sul,41,Paraná,4117057,Nova Laranjeiras,411705705,Nova Laranjeiras,8575
4,Sul,41,Paraná,4117057,Nova Laranjeiras,411705710,Bananas,669
4,Sul,41,Paraná,4117057,Nova Laranjeiras,411705715,Guaraí,875
4,Sul,41,Paraná,4117057,Nova Laranjeiras,411705720,Guarani,1019
4,Sul,41,Paraná,4117057,Nova Laranjeiras,411705730,Rio da Prata,936
4,Sul,41,Paraná,4117107,Nova Londrina,411710705,Nova Londrina,12818
4,Sul,41,Paraná,4117107,Nova Londrina,411710710,Cintra Pimentel,105
4,Sul,41,Paraná,4117206,Nova Olímpia,411720605,Nova Olímpia,5833
4,Sul,41,Paraná,4117214,Nova Santa Bárbara,411721405,Nova Santa Bárbara,4184
4,Sul,41,Paraná,4117222,Nova Santa Rosa,411722205,Nova Santa Rosa,7182
4,Sul,41,Paraná,4117222,Nova Santa Rosa,411722210,Alto Santa Fé,725
4,Sul,41,Paraná,4117222,Nova Santa Rosa,411722220,Planalto do Oeste,415
4,Sul,41,Paraná,4117255,Nova Prata do Iguaçu,411725505,Nova Prata do Iguaçu,12699
4,Sul,41,Paraná,4117271,Nova Tebas,411727105,Nova Tebas,3101
4,Sul,41,Paraná,4117271,Nova Tebas,411727107,Catuporanga,2630
4,Sul,41,Paraná,4117271,Nova Tebas,411727110,Poema,1117
4,Sul,41,Paraná,4117297,Novo Itacolomi,411729705,Novo Itacolomi,3125
4,Sul,41,Paraná,4117305,Ortigueira,411730505,Ortigueira,13429
4,Sul,41,Paraná,4117305,Ortigueira,411730510,Barreiro,3657
4,Sul,41,Paraná,4117305,Ortigueira,411730515,Lajeado Bonito,1075
4,Sul,41,Paraná,4117305,Ortigueira,411730520,Monjolinho,1681
4,Sul,41,Paraná,4117305,Ortigueira,411730525,Natingui,4350
4,Sul,41,Paraná,4117404,Ourizona,411740405,Ourizona,3187
4,Sul,41,Paraná,4117453,Ouro Verde do Oeste,411745305,Ouro Verde do Oeste,6785
4,Sul,41,Paraná,4117503,Paiçandu,411750305,Paiçandu,44512
4,Sul,41,Paraná,4117503,Paiçandu,411750310,Água Boa,1450
4,Sul,41,Paraná,4117602,Palmas,411760205,Palmas,47190
4,Sul,41,Paraná,4117602,Palmas,411760215,Francisco Frederico Teixeira Guimarães,819
4,Sul,41,Paraná,4117602,Palmas,411760220,Padre Ponciano,238
4,Sul,41,Paraná,4117701,Palmeira,411770105,Palmeira,26023
4,Sul,41,Paraná,4117701,Palmeira,411770110,Papagaios Novos,7832
4,Sul,41,Paraná,4117800,Palmital,411780005,Palmital,13033
4,Sul,41,Paraná,4117909,Palotina,411790905,Palotina,33535
4,Sul,41,Paraná,4117909,Palotina,411790915,São Camilo,1118
4,Sul,41,Paraná,4117909,Palotina,411790925,Vila Floresta,358
4,Sul,41,Paraná,4118006,Paraíso do Norte,411800605,Paraíso do Norte,13245
4,Sul,41,Paraná,4118105,Paranacity,411810505,Paranacity,9557
4,Sul,41,Paraná,4118204,Paranaguá,411820405,Paranaguá,142129
4,Sul,41,Paraná,4118204,Paranaguá,411820410,Alexandra,3700
4,Sul,41,Paraná,4118303,Paranapoema,411830305,Paranapoema,2398
4,Sul,41,Paraná,4118402,Paranavaí,411840205,Paranavaí,82599
4,Sul,41,Paraná,4118402,Paranavaí,411840210,Cristo Rei,101
4,Sul,41,Paraná,4118402,Paranavaí,411840215,Deputado José Afonso,419
4,Sul,41,Paraná,4118402,Paranavaí,411840220,Graciosa,2533
4,Sul,41,Paraná,4118402,Paranavaí,411840225,Sumaré,6349
4,Sul,41,Paraná,4118451,Pato Bragado,411845105,Pato Bragado,5733
4,Sul,41,Paraná,4118501,Pato Branco,411850105,Pato Branco,90147
4,Sul,41,Paraná,4118501,Pato Branco,411850130,São Roque do Chopim,1689
4,Sul,41,Paraná,4118600,Paula Freitas,411860005,Paula Freitas,5666
4,Sul,41,Paraná,4118709,Paulo Frontin,411870905,Paulo Frontin,3189
4,Sul,41,Paraná,4118709,Paulo Frontin,411870910,Vera Guarani,3154
4,Sul,41,Paraná,4118808,Peabiru,411880805,Peabiru,13346
4,Sul,41,Paraná,4118857,Perobal,411885705,Perobal,7189
4,Sul,41,Paraná,4118907,Pérola,411890705,Pérola,11878
4,Sul,41,Paraná,4119004,Pérola d'Oeste,411900405,Pérola d'Oeste,4638
4,Sul,41,Paraná,4119004,Pérola d'Oeste,411900415,Conciolândia,1583
4,Sul,41,Paraná,4119103,Piên,411910305,Piên,13655
4,Sul,41,Paraná,4119152,Pinhais,411915205,Pinhais,127019
4,Sul,41,Paraná,4119202,Pinhalão,411920205,Pinhalão,5158
4,Sul,41,Paraná,4119202,Pinhalão,411920210,Lavrinha,1408
4,Sul,41,Paraná,4119251,Pinhal de São Bento,411925105,Pinhal de São Bento,2761
4,Sul,41,Paraná,4119301,Pinhão,411930105,Pinhão,22019
4,Sul,41,Paraná,4119301,Pinhão,411930110,Bom Retiro,1872
4,Sul,41,Paraná,4119301,Pinhão,411930115,Faxinal do Céu,4733
4,Sul,41,Paraná,4119301,Pinhão,411930125,Pinhalzinho,1262
4,Sul,41,Paraná,4119400,Piraí do Sul,411940005,Piraí do Sul,23651
4,Sul,41,Paraná,4119509,Piraquara,411950905,Piraquara,118730
4,Sul,41,Paraná,4119608,Pitanga,411960805,Pitanga,29626
4,Sul,41,Paraná,4119608,Pitanga,411960810,Barra Bonita,875
4,Sul,41,Paraná,4119608,Pitanga,411960837,Rio XV de Baixo,1589
4,Sul,41,Paraná,4119608,Pitanga,411960840,Vila Nova,1477
4,Sul,41,Paraná,4119657,Pitangueiras,411965705,Pitangueiras,3046
4,Sul,41,Paraná,4119707,Planaltina do Paraná,411970705,Planaltina do Paraná,3553
4,Sul,41,Paraná,4119707,Planaltina do Paraná,411970710,Comur,517
4,Sul,41,Paraná,4119806,Planalto,411980605,Planalto,9293
4,Sul,41,Paraná,4119806,Planalto,411980610,Barra Grande,495
4,Sul,41,Paraná,4119806,Planalto,411980615,Centro Novo,1167
4,Sul,41,Paraná,4119806,Planalto,411980620,Sagrada Família,1726
4,Sul,41,Paraná,4119806,Planalto,411980625,Valério,1693
4,Sul,41,Paraná,4119905,Ponta Grossa,411990505,Ponta Grossa,348917
4,Sul,41,Paraná,4119905,Ponta Grossa,411990510,Guaragi,4251
4,Sul,41,Paraná,4119905,Ponta Grossa,411990515,Itaiacoca,3046
4,Sul,41,Paraná,4119905,Ponta Grossa,411990517,Piriquitos,804
4,Sul,41,Paraná,4119905,Ponta Grossa,411990525,Uvaia,1353
4,Sul,41,Paraná,4119954,Pontal do Paraná,411995405,Pontal do Paraná,30425
4,Sul,41,Paraná,4120002,Porecatu,412000205,Porecatu,11624
4,Sul,41,Paraná,4120101,Porto Amazonas,412010105,Porto Amazonas,4098
4,Sul,41,Paraná,4120150,Porto Barreiro,412015005,Porto Barreiro,3110
4,Sul,41,Paraná,4120200,Porto Rico,412020005,Porto Rico,3182
4,Sul,41,Paraná,4120309,Porto Vitória,412030905,Porto Vitória,3562
4,Sul,41,Paraná,4120333,Prado Ferreira,412033305,Prado Ferreira,3709
4,Sul,41,Paraná,4120358,Pranchita,412035805,Pranchita,5292
4,Sul,41,Paraná,4120358,Pranchita,412035810,Canzianópolis,445
4,Sul,41,Paraná,4120408,Presidente Castelo Branco,412040805,Presidente Castelo Branco,4240
4,Sul,41,Paraná,4120408,Presidente Castelo Branco,412040810,Boa Vista,96
4,Sul,41,Paraná,4120507,Primeiro de Maio,412050705,Primeiro de Maio,9127
4,Sul,41,Paraná,4120507,Primeiro de Maio,412050710,Ibiaci,955
4,Sul,41,Paraná,4120606,Prudentópolis,412060605,Prudentópolis,42563
4,Sul,41,Paraná,4120606,Prudentópolis,412060610,Jaciaba,4036
4,Sul,41,Paraná,4120606,Prudentópolis,412060615,Patos Velhos,2794
4,Sul,41,Paraná,4120655,Quarto Centenário,412065505,Quarto Centenário,4201
4,Sul,41,Paraná,4120705,Quatiguá,412070505,Quatiguá,8099
4,Sul,41,Paraná,4120804,Quatro Barras,412080405,Quatro Barras,17193
4,Sul,41,Paraná,4120804,Quatro Barras,412080410,Borda do Campo,6998
4,Sul,41,Paraná,4120853,Quatro Pontes,412085305,Quatro Pontes,4480
4,Sul,41,Paraná,4120903,Quedas do Iguaçu,412090305,Quedas do Iguaçu,30738
4,Sul,41,Paraná,4121000,Querência do Norte,412100005,Querência do Norte,9373
4,Sul,41,Paraná,4121000,Querência do Norte,412100010,Icatu,624
4,Sul,41,Paraná,4121000,Querência do Norte,412100015,Porto Brasílio,688
4,Sul,41,Paraná,4121109,Quinta do Sol,412110905,Quinta do Sol,4579
4,Sul,41,Paraná,4121109,Quinta do Sol,412110910,Irapuan,422
4,Sul,41,Paraná,4121208,Quitandinha,412120805,Quitandinha,8978
4,Sul,41,Paraná,4121208,Quitandinha,412120810,Doce Grande,3280
4,Sul,41,Paraná,4121208,Quitandinha,412120815,Pangaré,6140
4,Sul,41,Paraná,4121257,Ramilândia,412125705,Ramilândia,4221
4,Sul,41,Paraná,4121307,Rancho Alegre,412130705,Rancho Alegre,3512
4,Sul,41,Paraná,4121356,Rancho Alegre D'Oeste,412135605,Rancho Alegre D'Oeste,2618
4,Sul,41,Paraná,4121406,Realeza,412140605,Realeza,16835
4,Sul,41,Paraná,4121406,Realeza,412140610,Maravilha,223
4,Sul,41,Paraná,4121406,Realeza,412140615,Marmelândia,1604
4,Sul,41,Paraná,4121406,Realeza,412140620,São Roque,585
4,Sul,41,Paraná,4121505,Rebouças,412150505,Rebouças,14514
4,Sul,41,Paraná,4121604,Renascença,412160405,Renascença,6280
4,Sul,41,Paraná,4121604,Renascença,412160410,Baulândia,271
4,Sul,41,Paraná,4121604,Renascença,412160415,Canela,294
4,Sul,41,Paraná,4121703,Reserva,412170305,Reserva,19928
4,Sul,41,Paraná,4121703,Reserva,412170310,José Lacerda,2520
4,Sul,41,Paraná,4121703,Reserva,412170315,Rio Novo,2125
4,Sul,41,Paraná,4121752,Reserva do Iguaçu,412175205,Reserva do Iguaçu,6553
4,Sul,41,Paraná,4121802,Ribeirão Claro,412180205,Ribeirão Claro,11174
4,Sul,41,Paraná,4121802,Ribeirão Claro,412180210,Cachoeira do Espírito Santo,1190
4,Sul,41,Paraná,4121901,Ribeirão do Pinhal,412190105,Ribeirão do Pinhal,12039
4,Sul,41,Paraná,4121901,Ribeirão do Pinhal,412190115,Triolândia,1021
4,Sul,41,Paraná,4122008,Rio Azul,412200805,Rio Azul,14025
4,Sul,41,Paraná,4122107,Rio Bom,412210705,Rio Bom,2833
4,Sul,41,Paraná,4122107,Rio Bom,412210710,Santo Antônio do Palmital,364
4,Sul,41,Paraná,4122156,Rio Bonito do Iguaçu,412215605,Rio Bonito do Iguaçu,5659
4,Sul,41,Paraná,4122156,Rio Bonito do Iguaçu,412215610,Assentamento Ireno Alves dos Santos,5698
4,Sul,41,Paraná,4122156,Rio Bonito do Iguaçu,412215615,Campo do Bugre,1295
4,Sul,41,Paraná,4122156,Rio Bonito do Iguaçu,412215620,Linha Rosa,644
4,Sul,41,Paraná,4122156,Rio Bonito do Iguaçu,412215625,Pinhalzinho,633
4,Sul,41,Paraná,4122172,Rio Branco do Ivaí,412217205,Rio Branco do Ivaí,3808
4,Sul,41,Paraná,4122206,Rio Branco do Sul,412220605,Rio Branco do Sul,36551
4,Sul,41,Paraná,4122206,Rio Branco do Sul,412220610,Açungui,1007
4,Sul,41,Paraná,4122305,Rio Negro,412230505,Rio Negro,29408
4,Sul,41,Paraná,4122305,Rio Negro,412230510,Lageado dos Vieiras,1209
4,Sul,41,Paraná,4122305,Rio Negro,412230515,Fazendinha,707
4,Sul,41,Paraná,4122404,Rolândia,412240405,Rolândia,68887
4,Sul,41,Paraná,4122404,Rolândia,412240410,Nossa Senhora da Aparecida,965
4,Sul,41,Paraná,4122404,Rolândia,412240420,São Martinho,1818
4,Sul,41,Paraná,4122503,Roncador,412250305,Roncador,10389
4,Sul,41,Paraná,4122503,Roncador,412250310,Alto do São João,862
4,Sul,41,Paraná,4122602,Rondon,412260205,Rondon,9097
4,Sul,41,Paraná,4122651,Rosário do Ivaí,412265105,Rosário do Ivaí,5435
4,Sul,41,Paraná,4122701,Sabáudia,412270105,Sabáudia,8822
4,Sul,41,Paraná,4122800,Salgado Filho,412280005,Salgado Filho,3483
4,Sul,41,Paraná,4122800,Salgado Filho,412280020,Tiradentes,592
4,Sul,41,Paraná,4122909,Salto do Itararé,412290905,Salto do Itararé,5192
4,Sul,41,Paraná,4123006,Salto do Lontra,412300605,Salto do Lontra,15223
4,Sul,41,Paraná,4123105,Santa Amélia,412310505,Santa Amélia,3394
4,Sul,41,Paraná,4123204,Santa Cecília do Pavão,412320405,Santa Cecília do Pavão,3365
4,Sul,41,Paraná,4123303,Santa Cruz de Monte Castelo,412330305,Santa Cruz de Monte Castelo,8080
4,Sul,41,Paraná,4123303,Santa Cruz de Monte Castelo,412330310,Santa Esmeralda,533
4,Sul,41,Paraná,4123402,Santa Fé,412340205,Santa Fé,11378
4,Sul,41,Paraná,4123501,Santa Helena,412350105,Santa Helena,19976
4,Sul,41,Paraná,4123501,Santa Helena,412350110,São Clemente,5516
4,Sul,41,Paraná,4123600,Santa Inês,412360005,Santa Inês,1748
4,Sul,41,Paraná,4123709,Santa Isabel do Ivaí,412370905,Santa Isabel do Ivaí,8053
4,Sul,41,Paraná,4123709,Santa Isabel do Ivaí,412370915,São José do Ivaí,859
4,Sul,41,Paraná,4123808,Santa Izabel do Oeste,412380805,Santa Izabel do Oeste,10179
4,Sul,41,Paraná,4123808,Santa Izabel do Oeste,412380810,Anunciação,921
4,Sul,41,Paraná,4123808,Santa Izabel do Oeste,412380815,Jacutinga,610
4,Sul,41,Paraná,4123808,Santa Izabel do Oeste,412380820,Rio da Prata,1193
4,Sul,41,Paraná,4123808,Santa Izabel do Oeste,412380825,Sarandi,242
4,Sul,41,Paraná,4123808,Santa Izabel do Oeste,412380830,União do Oeste,925
4,Sul,41,Paraná,4123824,Santa Lúcia,412382405,Santa Lúcia,3644
4,Sul,41,Paraná,4123857,Santa Maria do Oeste,412385705,Santa Maria do Oeste,5999
4,Sul,41,Paraná,4123857,Santa Maria do Oeste,412385720,Ouro Verde,817
4,Sul,41,Paraná,4123857,Santa Maria do Oeste,412385725,Rio do Tigre,710
4,Sul,41,Paraná,4123857,Santa Maria do Oeste,412385730,São José,1598
4,Sul,41,Paraná,4123857,Santa Maria do Oeste,412385735,São Manoel,810
4,Sul,41,Paraná,4123907,Santa Mariana,412390705,Santa Mariana,11066
4,Sul,41,Paraná,4123956,Santa Mônica,412395605,Santa Mônica,2125
4,Sul,41,Paraná,4123956,Santa Mônica,412395610,Aparecida do Ivaí,1231
4,Sul,41,Paraná,4124004,Santana do Itararé,412400405,Santana do Itararé,5514
4,Sul,41,Paraná,4124020,Santa Tereza do Oeste,412402005,Santa Tereza do Oeste,11572
4,Sul,41,Paraná,4124020,Santa Tereza do Oeste,412402010,Santa Maria,1602
4,Sul,41,Paraná,4124053,Santa Terezinha de Itaipu,412405305,Santa Terezinha de Itaipu,24262
4,Sul,41,Paraná,4124103,Santo Antônio da Platina,412410305,Santo Antônio da Platina,42373
4,Sul,41,Paraná,4124103,Santo Antônio da Platina,412410312,Conselheiro Zacarias,539
4,Sul,41,Paraná,4124103,Santo Antônio da Platina,412410317,Monte Real,1457
4,Sul,41,Paraná,4124202,Santo Antônio do Caiuá,412420205,Santo Antônio do Caiuá,2493
4,Sul,41,Paraná,4124301,Santo Antônio do Paraíso,412430105,Santo Antônio do Paraíso,1873
4,Sul,41,Paraná,4124301,Santo Antônio do Paraíso,412430110,São Judas Tadeu,252
4,Sul,41,Paraná,4124400,Santo Antônio do Sudoeste,412440005,Santo Antônio do Sudoeste,19323
4,Sul,41,Paraná,4124400,Santo Antônio do Sudoeste,412440015,Marcionópolis,1913
4,Sul,41,Paraná,4124400,Santo Antônio do Sudoeste,412440030,São Pedro do Florido,2437
4,Sul,41,Paraná,4124509,Santo Inácio,412450905,Santo Inácio,6181
4,Sul,41,Paraná,4124608,São Carlos do Ivaí,412460805,São Carlos do Ivaí,6550
4,Sul,41,Paraná,4124608,São Carlos do Ivaí,412460810,Porto São Carlos,37
4,Sul,41,Paraná,4124707,São Jerônimo da Serra,412470705,São Jerônimo da Serra,6070
4,Sul,41,Paraná,4124707,São Jerônimo da Serra,412470710,São João do Pinhal,1667
4,Sul,41,Paraná,4124707,São Jerônimo da Serra,412470715,Terra Nova,2627
4,Sul,41,Paraná,4124707,São Jerônimo da Serra,412470720,Vila Nova de Florença,466
4,Sul,41,Paraná,4124806,São João,412480605,São João,8562
4,Sul,41,Paraná,4124806,São João,412480610,Dois Irmãos,1017
4,Sul,41,Paraná,4124806,São João,412480615,Nova Lourdes,861
4,Sul,41,Paraná,4124806,São João,412480617,Ouro Verde,755
4,Sul,41,Paraná,4124806,São João,412480620,Vila Paraíso,691
4,Sul,41,Paraná,4124905,São João do Caiuá,412490505,São João do Caiuá,5586
4,Sul,41,Paraná,4125001,São João do Ivaí,412500105,São João do Ivaí,8172
4,Sul,41,Paraná,4125001,São João do Ivaí,412500115,Ubaúna,743
4,Sul,41,Paraná,4125001,São João do Ivaí,412500125,Luar,774
4,Sul,41,Paraná,4125001,São João do Ivaí,412500130,Santa Luzia da Alvorada,978
4,Sul,41,Paraná,4125100,São João do Triunfo,412510005,São João do Triunfo,7742
4,Sul,41,Paraná,4125100,São João do Triunfo,412510010,Palmira,5984
4,Sul,41,Paraná,4125209,São Jorge d'Oeste,412520905,São Jorge d'Oeste,6981
4,Sul,41,Paraná,4125209,São Jorge d'Oeste,412520910,Doutor Antônio Paranhos,1078
4,Sul,41,Paraná,4125209,São Jorge d'Oeste,412520915,Iolópolis,643
4,Sul,41,Paraná,4125209,São Jorge d'Oeste,412520917,Lagos do Iguaçu,178
4,Sul,41,Paraná,4125209,São Jorge d'Oeste,412520920,Sede Nova Sant'Ana,498
4,Sul,41,Paraná,4125308,São Jorge do Ivaí,412530805,São Jorge do Ivaí,5028
4,Sul,41,Paraná,4125308,São Jorge do Ivaí,412530810,Copacabana do Norte,140
4,Sul,41,Paraná,4125357,São Jorge do Patrocínio,412535705,São Jorge do Patrocínio,6504
4,Sul,41,Paraná,4125407,São José da Boa Vista,412540705,São José da Boa Vista,6040
4,Sul,41,Paraná,4125456,São José das Palmeiras,412545605,São José das Palmeiras,3957
4,Sul,41,Paraná,4125506,São José dos Pinhais,412550605,São José dos Pinhais,329497
4,Sul,41,Paraná,4125506,São José dos Pinhais,412550615,Colônia Murici,131
4,Sul,41,Paraná,4125555,São Manoel do Paraná,412555505,São Manoel do Paraná,2138
4,Sul,41,Paraná,4125605,São Mateus do Sul,412560505,São Mateus do Sul,35887
4,Sul,41,Paraná,4125605,São Mateus do Sul,412560510,Caitá,766
4,Sul,41,Paraná,4125605,São Mateus do Sul,412560515,Fluviópolis,2559
4,Sul,41,Paraná,4125605,São Mateus do Sul,412560520,Lajeado,3154
4,Sul,41,Paraná,4125704,São Miguel do Iguaçu,412570405,São Miguel do Iguaçu,25797
4,Sul,41,Paraná,4125704,São Miguel do Iguaçu,412570410,Aurora do Iguaçu,1398
4,Sul,41,Paraná,4125704,São Miguel do Iguaçu,412570420,São José do Iguaçu,179
4,Sul,41,Paraná,4125704,São Miguel do Iguaçu,412570430,São Jorge,1115
4,Sul,41,Paraná,4125704,São Miguel do Iguaçu,412570435,Santa Rosa do Ocoi,633
4,Sul,41,Paraná,4125753,São Pedro do Iguaçu,412575305,São Pedro do Iguaçu,5784
4,Sul,41,Paraná,4125803,São Pedro do Ivaí,412580305,São Pedro do Ivaí,8201
4,Sul,41,Paraná,4125803,São Pedro do Ivaí,412580310,Mariza,489
4,Sul,41,Paraná,4125902,São Pedro do Paraná,412590205,São Pedro do Paraná,1516
4,Sul,41,Paraná,4125902,São Pedro do Paraná,412590210,Porto São José,1145
4,Sul,41,Paraná,4126009,São Sebastião da Amoreira,412600905,São Sebastião da Amoreira,8063
4,Sul,41,Paraná,4126108,São Tomé,412610805,São Tomé,5232
4,Sul,41,Paraná,4126207,Sapopema,412620705,Sapopema,5539
4,Sul,41,Paraná,4126207,Sapopema,412620710,Lambari,844
4,Sul,41,Paraná,4126207,Sapopema,412620715,Vida Nova,312
4,Sul,41,Paraná,4126256,Sarandi,412625605,Sarandi,118455
4,Sul,41,Paraná,4126272,Saudade do Iguaçu,412627205,Saudade do Iguaçu,6108
4,Sul,41,Paraná,4126306,Sengés,412630605,Sengés,13392
4,Sul,41,Paraná,4126306,Sengés,412630607,Ouro Verde,3065
4,Sul,41,Paraná,4126306,Sengés,412630610,Reianópolis,813
4,Sul,41,Paraná,4126355,Serranópolis do Iguaçu,412635505,Serranópolis do Iguaçu,5007
4,Sul,41,Paraná,4126405,Sertaneja,412640505,Sertaneja,4883
4,Sul,41,Paraná,4126405,Sertaneja,412640510,Paranagi,733
4,Sul,41,Paraná,4126504,Sertanópolis,412650405,Sertanópolis,15930
4,Sul,41,Paraná,4126603,Siqueira Campos,412660305,Siqueira Campos,21295
4,Sul,41,Paraná,4126603,Siqueira Campos,412660310,Alemoa,1516
4,Sul,41,Paraná,4126652,Sulina,412665205,Sulina,3440
4,Sul,41,Paraná,4126678,Tamarana,412667805,Tamarana,10707
4,Sul,41,Paraná,4126702,Tamboara,412670205,Tamboara,4880
4,Sul,41,Paraná,4126801,Tapejara,412680105,Tapejara,15268
4,Sul,41,Paraná,4126801,Tapejara,412680110,Bela Vista do Tapiracuí,601
4,Sul,41,Paraná,4126900,Tapira,412690005,Tapira,5745
4,Sul,41,Paraná,4127007,Teixeira Soares,412700705,Teixeira Soares,6471
4,Sul,41,Paraná,4127007,Teixeira Soares,412700720,Guaraúna,3076
4,Sul,41,Paraná,4127106,Telêmaco Borba,412710605,Telêmaco Borba,75042
4,Sul,41,Paraná,4127205,Terra Boa,412720505,Terra Boa,17568
4,Sul,41,Paraná,4127304,Terra Rica,412730405,Terra Rica,13782
4,Sul,41,Paraná,4127304,Terra Rica,412730410,Adhemar de Barros,1060
4,Sul,41,Paraná,4127403,Terra Roxa,412740305,Terra Roxa,16942
4,Sul,41,Paraná,4127403,Terra Roxa,412740310,Santa Rita d'Oeste,1177
4,Sul,41,Paraná,4127502,Tibagi,412750205,Tibagi,12884
4,Sul,41,Paraná,4127502,Tibagi,412750210,Alto do Amparo,2980
4,Sul,41,Paraná,4127502,Tibagi,412750220,Caetano Mendes,4097
4,Sul,41,Paraná,4127601,Tijucas do Sul,412760105,Tijucas do Sul,17621
4,Sul,41,Paraná,4127700,Toledo,412770005,Toledo,138555
4,Sul,41,Paraná,4127700,Toledo,412770008,Concórdia do Oeste,1255
4,Sul,41,Paraná,4127700,Toledo,412770010,Dez de Maio,1604
4,Sul,41,Paraná,4127700,Toledo,412770015,Dois Irmãos,798
4,Sul,41,Paraná,4127700,Toledo,412770020,Novo Sarandi,2875
4,Sul,41,Paraná,4127700,Toledo,412770025,São Luiz do Oeste,743
4,Sul,41,Paraná,4127700,Toledo,412770030,São Miguel,587
4,Sul,41,Paraná,4127700,Toledo,412770033,Vila Ipiranga,534
4,Sul,41,Paraná,4127700,Toledo,412770035,Vila Nova,2313
4,Sul,41,Paraná,4127700,Toledo,412770040,Novo Sobradinho,1206
4,Sul,41,Paraná,4127809,Tomazina,412780905,Tomazina,7040
4,Sul,41,Paraná,4127809,Tomazina,412780910,Sapé,1386
4,Sul,41,Paraná,4127858,Três Barras do Paraná,412785805,Três Barras do Paraná,11135
4,Sul,41,Paraná,4127882,Tunas do Paraná,412788205,Tunas do Paraná,6219
4,Sul,41,Paraná,4127908,Tuneiras do Oeste,412790805,Tuneiras do Oeste,5600
4,Sul,41,Paraná,4127908,Tuneiras do Oeste,412790810,Aparecida D'Oeste,1395
4,Sul,41,Paraná,4127908,Tuneiras do Oeste,412790815,Marabá,1072
4,Sul,41,Paraná,4127957,Tupãssi,412795705,Tupãssi,8077
4,Sul,41,Paraná,4127965,Turvo,412796505,Turvo,11677
4,Sul,41,Paraná,4127965,Turvo,412796510,Faxinal da Boa Vista,2554
4,Sul,41,Paraná,4128005,Ubiratã,412800505,Ubiratã,23545
4,Sul,41,Paraná,4128005,Ubiratã,412800510,Yolanda,1204
4,Sul,41,Paraná,4128104,Umuarama,412810405,Umuarama,110647
4,Sul,41,Paraná,4128104,Umuarama,412810415,Lovat,1895
4,Sul,41,Paraná,4128104,Umuarama,412810425,Roberto Silveira,490
4,Sul,41,Paraná,4128104,Umuarama,412810430,Santa Eliza,1223
4,Sul,41,Paraná,4128104,Umuarama,412810435,Serra dos Dourados,2840
4,Sul,41,Paraná,4128203,União da Vitória,412820305,União da Vitória,21985
4,Sul,41,Paraná,4128203,União da Vitória,412820310,São Cristóvão,22171
4,Sul,41,Paraná,4128203,União da Vitória,412820315,São Domingos,10877
4,Sul,41,Paraná,4128302,Uniflor,412830205,Uniflor,2136
4,Sul,41,Paraná,4128401,Uraí,412840105,Uraí,9179
4,Sul,41,Paraná,4128401,Uraí,412840110,Cruzeiro do Norte,1227
4,Sul,41,Paraná,4128500,Wenceslau Braz,412850005,Wenceslau Braz,19188
4,Sul,41,Paraná,4128534,Ventania,412853405,Ventania,6174
4,Sul,41,Paraná,4128534,Ventania,412853410,Novo Barro Preto,3507
4,Sul,41,Paraná,4128559,Vera Cruz do Oeste,412855905,Vera Cruz do Oeste,8215
4,Sul,41,Paraná,4128609,Verê,412860905,Verê,6056
4,Sul,41,Paraná,4128609,Verê,412860910,Presidente Kennedy,906
4,Sul,41,Paraná,4128609,Verê,412860915,Sede Progresso,970
4,Sul,41,Paraná,4128625,Alto Paraíso,412862505,Alto Paraíso,3055
4,Sul,41,Paraná,4128633,Doutor Ulysses,412863305,Doutor Ulysses,5697
4,Sul,41,Paraná,4128658,Virmond,412865805,Virmond,3811
4,Sul,41,Paraná,4128708,Vitorino,412870805,Vitorino,9706
4,Sul,41,Paraná,4128807,Xambrê,412880705,Xambrê,3038
4,Sul,41,Paraná,4128807,Xambrê,412880710,Casa Branca,1328
4,Sul,41,Paraná,4128807,Xambrê,412880715,Eliza,1432
4,Sul,42,Santa Catarina,4200051,Abdon Batista,420005105,Abdon Batista,2598
4,Sul,42,Santa Catarina,4200101,Abelardo Luz,420010105,Abelardo Luz,17392
4,Sul,42,Santa Catarina,4200200,Agrolândia,420020005,Agrolândia,10990
4,Sul,42,Santa Catarina,4200309,Agronômica,420030905,Agronômica,6055
4,Sul,42,Santa Catarina,4200408,Água Doce,420040805,Água Doce,5527
4,Sul,42,Santa Catarina,4200408,Água Doce,420040810,Herciliópolis,981
4,Sul,42,Santa Catarina,4200507,Águas de Chapecó,420050705,Águas de Chapecó,6036
4,Sul,42,Santa Catarina,4200556,Águas Frias,420055605,Águas Frias,2839
4,Sul,42,Santa Catarina,4200606,Águas Mornas,420060605,Águas Mornas,6743
4,Sul,42,Santa Catarina,4200705,Alfredo Wagner,420070505,Alfredo Wagner,6204
4,Sul,42,Santa Catarina,4200705,Alfredo Wagner,420070510,Arnópolis,2514
4,Sul,42,Santa Catarina,4200705,Alfredo Wagner,420070515,Catuíra,897
4,Sul,42,Santa Catarina,4200705,Alfredo Wagner,420070520,São Leonardo,866
4,Sul,42,Santa Catarina,4200754,Alto Bela Vista,420075405,Alto Bela Vista,1856
4,Sul,42,Santa Catarina,4200804,Anchieta,420080405,Anchieta,5943
4,Sul,42,Santa Catarina,4200903,Angelina,420090305,Angelina,2809
4,Sul,42,Santa Catarina,4200903,Angelina,420090310,Barra Clara,1565
4,Sul,42,Santa Catarina,4200903,Angelina,420090315,Garcia,984
4,Sul,42,Santa Catarina,4201000,Anita Garibaldi,420100005,Anita Garibaldi,6887
4,Sul,42,Santa Catarina,4201000,Anita Garibaldi,420100015,Lagoa da Estiva,1398
4,Sul,42,Santa Catarina,4201109,Anitápolis,420110905,Anitápolis,3593
4,Sul,42,Santa Catarina,4201208,Antônio Carlos,420120805,Antônio Carlos,11224
4,Sul,42,Santa Catarina,4201257,Apiúna,420125705,Apiúna,9811
4,Sul,42,Santa Catarina,4201273,Arabutã,420127305,Arabutã,3023
4,Sul,42,Santa Catarina,4201273,Arabutã,420127310,Nova Estrela,1355
4,Sul,42,Santa Catarina,4201307,Araquari,420130705,Araquari,42331
4,Sul,42,Santa Catarina,4201307,Araquari,420130710,Itapocu,2952
4,Sul,42,Santa Catarina,4201406,Araranguá,420140605,Araranguá,63795
4,Sul,42,Santa Catarina,4201406,Araranguá,420140610,Hercílio Luz,2107
4,Sul,42,Santa Catarina,4201406,Araranguá,420140615,Balneário Morro dos Conventos,2264
4,Sul,42,Santa Catarina,4201406,Araranguá,420140625,Sanga da Toca,3756
4,Sul,42,Santa Catarina,4201505,Armazém,420150505,Armazém,8834
4,Sul,42,Santa Catarina,4201604,Arroio Trinta,420160405,Arroio Trinta,3556
4,Sul,42,Santa Catarina,4201653,Arvoredo,420165305,Arvoredo,2510
4,Sul,42,Santa Catarina,4201703,Ascurra,420170305,Ascurra,8319
4,Sul,42,Santa Catarina,4201802,Atalanta,420180205,Atalanta,3227
4,Sul,42,Santa Catarina,4201901,Aurora,420190105,Aurora,6780
4,Sul,42,Santa Catarina,4201950,Balneário Arroio do Silva,420195005,Balneário Arroio do Silva,15820
4,Sul,42,Santa Catarina,4202008,Balneário Camboriú,420200805,Balneário Camboriú,139155
4,Sul,42,Santa Catarina,4202057,Balneário Barra do Sul,420205705,Balneário Barra do Sul,14912
4,Sul,42,Santa Catarina,4202073,Balneário Gaivota,420207305,Balneário Gaivota,15669
4,Sul,42,Santa Catarina,4202081,Bandeirante,420208105,Bandeirante,3144
4,Sul,42,Santa Catarina,4202099,Barra Bonita,420209905,Barra Bonita,1668
4,Sul,42,Santa Catarina,4202107,Barra Velha,420210705,Barra Velha,45369
4,Sul,42,Santa Catarina,4202131,Bela Vista do Toldo,420213105,Bela Vista do Toldo,5872
4,Sul,42,Santa Catarina,4202156,Belmonte,420215605,Belmonte,2658
4,Sul,42,Santa Catarina,4202206,Benedito Novo,420220605,Benedito Novo,8067
4,Sul,42,Santa Catarina,4202206,Benedito Novo,420220613,Barra São João,1365
4,Sul,42,Santa Catarina,4202206,Benedito Novo,420220615,Santa Maria,1088
4,Sul,42,Santa Catarina,4202305,Biguaçu,420230505,Biguaçu,69551
4,Sul,42,Santa Catarina,4202305,Biguaçu,420230510,Guaporanga,6207
4,Sul,42,Santa Catarina,4202305,Biguaçu,420230515,Sorocaba do Sul,1015
4,Sul,42,Santa Catarina,4202404,Blumenau,420240405,Blumenau,311924
4,Sul,42,Santa Catarina,4202404,Blumenau,420240410,Itoupava,6192
4,Sul,42,Santa Catarina,4202404,Blumenau,420240415,Grande Garcia,43145
4,Sul,42,Santa Catarina,4202438,Bocaina do Sul,420243805,Bocaina do Sul,3515
4,Sul,42,Santa Catarina,4202453,Bombinhas,420245305,Bombinhas,25058
4,Sul,42,Santa Catarina,4202503,Bom Jardim da Serra,420250305,Bom Jardim da Serra,4026
4,Sul,42,Santa Catarina,4202537,Bom Jesus,420253705,Bom Jesus,2777
4,Sul,42,Santa Catarina,4202578,Bom Jesus do Oeste,420257805,Bom Jesus do Oeste,2187
4,Sul,42,Santa Catarina,4202602,Bom Retiro,420260205,Bom Retiro,7940
4,Sul,42,Santa Catarina,4202602,Bom Retiro,420260210,Canoas,478
4,Sul,42,Santa Catarina,4202701,Botuverá,420270105,Botuverá,5363
4,Sul,42,Santa Catarina,4202800,Braço do Norte,420280005,Braço do Norte,33773
4,Sul,42,Santa Catarina,4202859,Braço do Trombudo,420285905,Braço do Trombudo,4026
4,Sul,42,Santa Catarina,4202875,Brunópolis,420287505,Brunópolis,2105
4,Sul,42,Santa Catarina,4202875,Brunópolis,420287510,Marombas,384
4,Sul,42,Santa Catarina,4202909,Brusque,420290905,Brusque,141385
4,Sul,42,Santa Catarina,4203006,Caçador,420300605,Caçador,71738
4,Sul,42,Santa Catarina,4203006,Caçador,420300615,Taquara Verde,1982
4,Sul,42,Santa Catarina,4203105,Caibi,420310505,Caibi,6304
4,Sul,42,Santa Catarina,4203154,Calmon,420315405,Calmon,3443
4,Sul,42,Santa Catarina,4203204,Camboriú,420320405,Camboriú,70846
4,Sul,42,Santa Catarina,4203204,Camboriú,420320410,Monte Alegre,32228
4,Sul,42,Santa Catarina,4203253,Capão Alto,420325305,Capão Alto,2625
4,Sul,42,Santa Catarina,4203303,Campo Alegre,420330305,Campo Alegre,7407
4,Sul,42,Santa Catarina,4203303,Campo Alegre,420330310,Bateias de Baixo,3676
4,Sul,42,Santa Catarina,4203303,Campo Alegre,420330315,Fragosos,1418
4,Sul,42,Santa Catarina,4203402,Campo Belo do Sul,420340205,Campo Belo do Sul,7257
4,Sul,42,Santa Catarina,4203501,Campo Erê,420350105,Campo Erê,9623
4,Sul,42,Santa Catarina,4203600,Campos Novos,420360005,Campos Novos,31041
4,Sul,42,Santa Catarina,4203600,Campos Novos,420360010,Bela Vista,641
4,Sul,42,Santa Catarina,4203600,Campos Novos,420360015,Dal'Pai,499
4,Sul,42,Santa Catarina,4203600,Campos Novos,420360017,Encruzilhada,1173
4,Sul,42,Santa Catarina,4203600,Campos Novos,420360020,Espinilho,441
4,Sul,42,Santa Catarina,4203600,Campos Novos,420360023,Ibicuí,1375
4,Sul,42,Santa Catarina,4203600,Campos Novos,420360026,Leão,1019
4,Sul,42,Santa Catarina,4203600,Campos Novos,420360045,Guarani,743
4,Sul,42,Santa Catarina,4203709,Canelinha,420370905,Canelinha,12821
4,Sul,42,Santa Catarina,4203808,Canoinhas,420380805,Canoinhas,30281
4,Sul,42,Santa Catarina,4203808,Canoinhas,420380812,Campo da Água Verde,16567
4,Sul,42,Santa Catarina,4203808,Canoinhas,420380815,Felipe Schmidt,1916
4,Sul,42,Santa Catarina,4203808,Canoinhas,420380820,Marcílio Dias,1949
4,Sul,42,Santa Catarina,4203808,Canoinhas,420380825,Paula Pereira,1480
4,Sul,42,Santa Catarina,4203808,Canoinhas,420380830,Pinheiros,2823
4,Sul,42,Santa Catarina,4203907,Capinzal,420390705,Capinzal,21604
4,Sul,42,Santa Catarina,4203907,Capinzal,420390710,Alto Alegre,1710
4,Sul,42,Santa Catarina,4203956,Capivari de Baixo,420395605,Capivari de Baixo,23975
4,Sul,42,Santa Catarina,4204004,Catanduvas,420400405,Catanduvas,10566
4,Sul,42,Santa Catarina,4204103,Caxambu do Sul,420410305,Caxambu do Sul,4614
4,Sul,42,Santa Catarina,4204152,Celso Ramos,420415205,Celso Ramos,2805
4,Sul,42,Santa Catarina,4204178,Cerro Negro,420417805,Cerro Negro,3317
4,Sul,42,Santa Catarina,4204194,Chapadão do Lageado,420419405,Chapadão do Lageado,2950
4,Sul,42,Santa Catarina,4204202,Chapecó,420420205,Chapecó,243477
4,Sul,42,Santa Catarina,4204202,Chapecó,420420210,Alto da Serra,778
4,Sul,42,Santa Catarina,4204202,Chapecó,420420220,Figueira,3310
4,Sul,42,Santa Catarina,4204202,Chapecó,420420225,Gôio-En,1833
4,Sul,42,Santa Catarina,4204202,Chapecó,420420240,Marechal Bormann,5387
4,Sul,42,Santa Catarina,4204251,Cocal do Sul,420425105,Cocal do Sul,17240
4,Sul,42,Santa Catarina,4204301,Concórdia,420430105,Concórdia,72882
4,Sul,42,Santa Catarina,4204301,Concórdia,420430115,Engenho Velho,1090
4,Sul,42,Santa Catarina,4204301,Concórdia,420430120,Planalto,1972
4,Sul,42,Santa Catarina,4204301,Concórdia,420430125,Presidente Kennedy,645
4,Sul,42,Santa Catarina,4204301,Concórdia,420430135,Santo Antônio,2389
4,Sul,42,Santa Catarina,4204301,Concórdia,420430140,Tamanduá,2668
4,Sul,42,Santa Catarina,4204350,Cordilheira Alta,420435005,Cordilheira Alta,3182
4,Sul,42,Santa Catarina,4204350,Cordilheira Alta,420435010,Fernando Machado,1599
4,Sul,42,Santa Catarina,4204400,Coronel Freitas,420440005,Coronel Freitas,10388
4,Sul,42,Santa Catarina,4204459,Coronel Martins,420445905,Coronel Martins,2065
4,Sul,42,Santa Catarina,4204509,Corupá,420450905,Corupá,15267
4,Sul,42,Santa Catarina,4204558,Correia Pinto,420455805,Correia Pinto,15727
4,Sul,42,Santa Catarina,4204608,Criciúma,420460805,Criciúma,151392
4,Sul,42,Santa Catarina,4204608,Criciúma,420460815,Rio Maina,63101
4,Sul,42,Santa Catarina,4204707,Cunha Porã,420470705,Cunha Porã,10953
4,Sul,42,Santa Catarina,4204756,Cunhataí,420475605,Cunhataí,1968
4,Sul,42,Santa Catarina,4204806,Curitibanos,420480605,Curitibanos,38614
4,Sul,42,Santa Catarina,4204806,Curitibanos,420480613,Marombas Bossardi,871
4,Sul,42,Santa Catarina,4204806,Curitibanos,420480617,Santa Cruz do Pery,560
4,Sul,42,Santa Catarina,4204905,Descanso,420490505,Descanso,6964
4,Sul,42,Santa Catarina,4204905,Descanso,420490515,Itajubá,1566
4,Sul,42,Santa Catarina,4205001,Dionísio Cerqueira,420500105,Dionísio Cerqueira,11251
4,Sul,42,Santa Catarina,4205001,Dionísio Cerqueira,420500107,Idamar,1776
4,Sul,42,Santa Catarina,4205001,Dionísio Cerqueira,420500109,Jorge Lacerda,994
4,Sul,42,Santa Catarina,4205001,Dionísio Cerqueira,420500110,São Pedro Tobias,987
4,Sul,42,Santa Catarina,4205100,Dona Emma,420510005,Dona Emma,4221
4,Sul,42,Santa Catarina,4205159,Doutor Pedrinho,420515905,Doutor Pedrinho,3637
4,Sul,42,Santa Catarina,4205175,Entre Rios,420517505,Entre Rios,3402
4,Sul,42,Santa Catarina,4205191,Ermo,420519105,Ermo,2269
4,Sul,42,Santa Catarina,4205209,Erval Velho,420520905,Erval Velho,4447
4,Sul,42,Santa Catarina,4205209,Erval Velho,420520910,Barra Fria,438
4,Sul,42,Santa Catarina,4205308,Faxinal dos Guedes,420530805,Faxinal dos Guedes,9656
4,Sul,42,Santa Catarina,4205308,Faxinal dos Guedes,420530810,Barra Grande,1536
4,Sul,42,Santa Catarina,4205357,Flor do Sertão,420535705,Flor do Sertão,1783
4,Sul,42,Santa Catarina,4205407,Florianópolis,420540705,Florianópolis,276226
4,Sul,42,Santa Catarina,4205407,Florianópolis,420540708,Barra da Lagoa,6353
4,Sul,42,Santa Catarina,4205407,Florianópolis,420540710,Cachoeira do Bom Jesus,27783
4,Sul,42,Santa Catarina,4205407,Florianópolis,420540712,Campeche,47332
4,Sul,42,Santa Catarina,4205407,Florianópolis,420540715,Canasvieiras,25371
4,Sul,42,Santa Catarina,4205407,Florianópolis,420540720,Ingleses,51313
4,Sul,42,Santa Catarina,4205407,Florianópolis,420540725,Lagoa da Conceição,13606
4,Sul,42,Santa Catarina,4205407,Florianópolis,420540730,Pântano do Sul,9565
4,Sul,42,Santa Catarina,4205407,Florianópolis,420540735,Ratones,5823
4,Sul,42,Santa Catarina,4205407,Florianópolis,420540740,Ribeirão da Ilha,35037
4,Sul,42,Santa Catarina,4205407,Florianópolis,420540745,Santo Antônio de Lisboa,8051
4,Sul,42,Santa Catarina,4205407,Florianópolis,420540750,Rio Vermelho,30751
4,Sul,42,Santa Catarina,4205431,Formosa do Sul,420543105,Formosa do Sul,2682
4,Sul,42,Santa Catarina,4205456,Forquilhinha,420545605,Forquilhinha,31431
4,Sul,42,Santa Catarina,4205506,Fraiburgo,420550605,Fraiburgo,33481
4,Sul,42,Santa Catarina,4205555,Frei Rogério,420555505,Frei Rogério,1498
4,Sul,42,Santa Catarina,4205555,Frei Rogério,420555510,Núcleo Tritícola,913
4,Sul,42,Santa Catarina,4205605,Galvão,420560505,Galvão,3210
4,Sul,42,Santa Catarina,4205704,Garopaba,420570405,Garopaba,29959
4,Sul,42,Santa Catarina,4205803,Garuva,420580305,Garuva,18545
4,Sul,42,Santa Catarina,4205902,Gaspar,420590205,Gaspar,72570
4,Sul,42,Santa Catarina,4206009,Governador Celso Ramos,420600905,Governador Celso Ramos,16915
4,Sul,42,Santa Catarina,4206108,Grão-Pará,420610805,Grão-Pará,4869
4,Sul,42,Santa Catarina,4206108,Grão-Pará,420610810,Aiurê,712
4,Sul,42,Santa Catarina,4206108,Grão-Pará,420610815,Invernada,696
4,Sul,42,Santa Catarina,4206207,Gravatal,420620705,Gravatal,12435
4,Sul,42,Santa Catarina,4206306,Guabiruba,420630605,Guabiruba,24543
4,Sul,42,Santa Catarina,4206405,Guaraciaba,420640505,Guaraciaba,9927
4,Sul,42,Santa Catarina,4206405,Guaraciaba,420640520,Ouro Verde,869
4,Sul,42,Santa Catarina,4206504,Guaramirim,420650405,Guaramirim,46711
4,Sul,42,Santa Catarina,4206603,Guarujá do Sul,420660305,Guarujá do Sul,4829
4,Sul,42,Santa Catarina,4206652,Guatambú,420665205,Guatambú,7440
4,Sul,42,Santa Catarina,4206652,Guatambú,420665210,Fazenda Zandavalli,985
4,Sul,42,Santa Catarina,4206702,Herval d'Oeste,420670205,Herval d'Oeste,21724
4,Sul,42,Santa Catarina,4206751,Ibiam,420675105,Ibiam,2008
4,Sul,42,Santa Catarina,4206801,Ibicaré,420680105,Ibicaré,3269
4,Sul,42,Santa Catarina,4206900,Ibirama,420690005,Ibirama,16961
4,Sul,42,Santa Catarina,4206900,Ibirama,420690010,Dalbérgia,2901
4,Sul,42,Santa Catarina,4207007,Içara,420700705,Içara,59035
4,Sul,42,Santa Catarina,4207106,Ilhota,420710605,Ilhota,17046
4,Sul,42,Santa Catarina,4207205,Imaruí,420720505,Imaruí,10208
4,Sul,42,Santa Catarina,4207205,Imaruí,420720510,Rio d'Una,1673
4,Sul,42,Santa Catarina,4207304,Imbituba,420730405,Imbituba,15111
4,Sul,42,Santa Catarina,4207304,Imbituba,420730410,Mirim,23417
4,Sul,42,Santa Catarina,4207304,Imbituba,420730415,Vila Nova,14051
4,Sul,42,Santa Catarina,4207403,Imbuia,420740305,Imbuia,5982
4,Sul,42,Santa Catarina,4207502,Indaial,420750205,Indaial,71549
4,Sul,42,Santa Catarina,4207577,Iomerê,420757705,Iomerê,2877
4,Sul,42,Santa Catarina,4207601,Ipira,420760105,Ipira,4578
4,Sul,42,Santa Catarina,4207650,Iporã do Oeste,420765005,Iporã do Oeste,9335
4,Sul,42,Santa Catarina,4207684,Ipuaçu,420768405,Ipuaçu,7730
4,Sul,42,Santa Catarina,4207700,Ipumirim,420770005,Ipumirim,7816
4,Sul,42,Santa Catarina,4207759,Iraceminha,420775905,Iraceminha,3196
4,Sul,42,Santa Catarina,4207759,Iraceminha,420775920,São José do Laranjal,790
4,Sul,42,Santa Catarina,4207809,Irani,420780905,Irani,10195
4,Sul,42,Santa Catarina,4207858,Irati,420785805,Irati,2069
4,Sul,42,Santa Catarina,4207908,Irineópolis,420790805,Irineópolis,7519
4,Sul,42,Santa Catarina,4207908,Irineópolis,420790810,Poço Preto,2766
4,Sul,42,Santa Catarina,4208005,Itá,420800505,Itá,7067
4,Sul,42,Santa Catarina,4208104,Itaiópolis,420810405,Itaiópolis,16973
4,Sul,42,Santa Catarina,4208104,Itaiópolis,420810410,Iraputã,1246
4,Sul,42,Santa Catarina,4208104,Itaiópolis,420810415,Itaió,2022
4,Sul,42,Santa Catarina,4208104,Itaiópolis,420810418,Moema,1810
4,Sul,42,Santa Catarina,4208203,Itajaí,420820305,Itajaí,264054
4,Sul,42,Santa Catarina,4208302,Itapema,420830205,Itapema,75940
4,Sul,42,Santa Catarina,4208401,Itapiranga,420840105,Itapiranga,16638
4,Sul,42,Santa Catarina,4208450,Itapoá,420845005,Itapoá,30750
4,Sul,42,Santa Catarina,4208500,Ituporanga,420850005,Ituporanga,25544
4,Sul,42,Santa Catarina,4208500,Ituporanga,420850010,Rio Bonito,981
4,Sul,42,Santa Catarina,4208609,Jaborá,420860905,Jaborá,4310
4,Sul,42,Santa Catarina,4208708,Jacinto Machado,420870805,Jacinto Machado,10624
4,Sul,42,Santa Catarina,4208807,Jaguaruna,420880705,Jaguaruna,20375
4,Sul,42,Santa Catarina,4208906,Jaraguá do Sul,420890605,Jaraguá do Sul,182660
4,Sul,42,Santa Catarina,4208955,Jardinópolis,420895505,Jardinópolis,1776
4,Sul,42,Santa Catarina,4209003,Joaçaba,420900305,Joaçaba,28428
4,Sul,42,Santa Catarina,4209003,Joaçaba,420900315,Nova Petrópolis,691
4,Sul,42,Santa Catarina,4209003,Joaçaba,420900325,Santa Helena,1027
4,Sul,42,Santa Catarina,4209102,Joinville,420910205,Joinville,593034
4,Sul,42,Santa Catarina,4209102,Joinville,420910210,Pirabeiraba,23283
4,Sul,42,Santa Catarina,4209151,José Boiteux,420915105,José Boiteux,5985
4,Sul,42,Santa Catarina,4209177,Jupiá,420917705,Jupiá,2555
4,Sul,42,Santa Catarina,4209201,Lacerdópolis,420920105,Lacerdópolis,2094
4,Sul,42,Santa Catarina,4209201,Lacerdópolis,420920110,São Roque,154
4,Sul,42,Santa Catarina,4209300,Lages,420930005,Lages,162625
4,Sul,42,Santa Catarina,4209300,Lages,420930025,Índios,1678
4,Sul,42,Santa Catarina,4209300,Lages,420930045,Santa Teresinha do Salto,678
4,Sul,42,Santa Catarina,4209409,Laguna,420940905,Laguna,40945
4,Sul,42,Santa Catarina,4209409,Laguna,420940915,Ribeirão Pequeno,1840
4,Sul,42,Santa Catarina,4209458,Lajeado Grande,420945805,Lajeado Grande,1702
4,Sul,42,Santa Catarina,4209508,Laurentino,420950805,Laurentino,7932
4,Sul,42,Santa Catarina,4209607,Lauro Müller,420960705,Lauro Müller,8593
4,Sul,42,Santa Catarina,4209607,Lauro Müller,420960710,Barro Branco,2704
4,Sul,42,Santa Catarina,4209607,Lauro Müller,420960715,Guatá,3084
4,Sul,42,Santa Catarina,4209706,Lebon Régis,420970605,Lebon Régis,10832
4,Sul,42,Santa Catarina,4209706,Lebon Régis,420970610,São Sebastião do Sul,640
4,Sul,42,Santa Catarina,4209805,Leoberto Leal,420980505,Leoberto Leal,3330
4,Sul,42,Santa Catarina,4209854,Lindóia do Sul,420985405,Lindóia do Sul,4549
4,Sul,42,Santa Catarina,4209904,Lontras,420990405,Lontras,12873
4,Sul,42,Santa Catarina,4210001,Luiz Alves,421000105,Luiz Alves,11684
4,Sul,42,Santa Catarina,4210035,Luzerna,421003505,Luzerna,5794
4,Sul,42,Santa Catarina,4210050,Macieira,421005005,Macieira,1778
4,Sul,42,Santa Catarina,4210100,Mafra,421010005,Mafra,50172
4,Sul,42,Santa Catarina,4210100,Mafra,421010010,Bela Vista do Sul,2768
4,Sul,42,Santa Catarina,4210100,Mafra,421010015,Rio Preto do Sul,2346
4,Sul,42,Santa Catarina,4210209,Major Gercino,421020905,Major Gercino,2089
4,Sul,42,Santa Catarina,4210209,Major Gercino,421020910,Boiteuxburgo,460
4,Sul,42,Santa Catarina,4210209,Major Gercino,421020915,Pinheiral,665
4,Sul,42,Santa Catarina,4210308,Major Vieira,421030805,Major Vieira,7425
4,Sul,42,Santa Catarina,4210407,Maracajá,421040705,Maracajá,7815
4,Sul,42,Santa Catarina,4210506,Maravilha,421050605,Maravilha,28251
4,Sul,42,Santa Catarina,4210555,Marema,421055505,Marema,2184
4,Sul,42,Santa Catarina,4210605,Massaranduba,421060505,Massaranduba,17162
4,Sul,42,Santa Catarina,4210704,Matos Costa,421070405,Matos Costa,2761
4,Sul,42,Santa Catarina,4210803,Meleiro,421080305,Meleiro,5222
4,Sul,42,Santa Catarina,4210803,Meleiro,421080315,Sapiranga,1784
4,Sul,42,Santa Catarina,4210852,Mirim Doce,421085205,Mirim Doce,2511
4,Sul,42,Santa Catarina,4210902,Modelo,421090205,Modelo,4080
4,Sul,42,Santa Catarina,4211009,Mondaí,421100905,Mondaí,10066
4,Sul,42,Santa Catarina,4211058,Monte Carlo,421105805,Monte Carlo,9117
4,Sul,42,Santa Catarina,4211108,Monte Castelo,421110805,Monte Castelo,6820
4,Sul,42,Santa Catarina,4211108,Monte Castelo,421110820,Residência Fuck,916
4,Sul,42,Santa Catarina,4211207,Morro da Fumaça,421120705,Morro da Fumaça,14872
4,Sul,42,Santa Catarina,4211207,Morro da Fumaça,421120710,Estação Cocal,3665
4,Sul,42,Santa Catarina,4211256,Morro Grande,421125605,Morro Grande,3010
4,Sul,42,Santa Catarina,4211306,Navegantes,421130605,Navegantes,86401
4,Sul,42,Santa Catarina,4211405,Nova Erechim,421140505,Nova Erechim,5155
4,Sul,42,Santa Catarina,4211454,Nova Itaberaba,421145405,Nova Itaberaba,4536
4,Sul,42,Santa Catarina,4211504,Nova Trento,421150405,Nova Trento,11504
4,Sul,42,Santa Catarina,4211504,Nova Trento,421150410,Aguti,602
4,Sul,42,Santa Catarina,4211504,Nova Trento,421150415,Claraíba,1621
4,Sul,42,Santa Catarina,4211603,Nova Veneza,421160305,Nova Veneza,5582
4,Sul,42,Santa Catarina,4211603,Nova Veneza,421160307,Nossa Senhora do Caravagio,4207
4,Sul,42,Santa Catarina,4211603,Nova Veneza,421160310,São Bento Baixo,3875
4,Sul,42,Santa Catarina,4211652,Novo Horizonte,421165205,Novo Horizonte,2643
4,Sul,42,Santa Catarina,4211702,Orleans,421170205,Orleans,19758
4,Sul,42,Santa Catarina,4211702,Orleans,421170210,Pindotiba,1421
4,Sul,42,Santa Catarina,4211702,Orleans,421170215,Rio das Furnas,447
4,Sul,42,Santa Catarina,4211702,Orleans,421170220,Barracão,606
4,Sul,42,Santa Catarina,4211702,Orleans,421170225,Brusque do Sul,700
4,Sul,42,Santa Catarina,4211702,Orleans,421170230,Rio Pinheiros,729
4,Sul,42,Santa Catarina,4211751,Otacílio Costa,421175105,Otacílio Costa,17312
4,Sul,42,Santa Catarina,4211801,Ouro,421180105,Ouro,6376
4,Sul,42,Santa Catarina,4211801,Ouro,421180115,Santa Lúcia,656
4,Sul,42,Santa Catarina,4211850,Ouro Verde,421185005,Ouro Verde,2181
4,Sul,42,Santa Catarina,4211876,Paial,421187605,Paial,1927
4,Sul,42,Santa Catarina,4211892,Painel,421189205,Painel,2215
4,Sul,42,Santa Catarina,4211900,Palhoça,421190005,Palhoça,198286
4,Sul,42,Santa Catarina,4211900,Palhoça,421190010,Enseada de Brito,24312
4,Sul,42,Santa Catarina,4212007,Palma Sola,421200705,Palma Sola,7005
4,Sul,42,Santa Catarina,4212007,Palma Sola,421200710,Cerro Azul,148
4,Sul,42,Santa Catarina,4212007,Palma Sola,421200720,Rene Damo,452
4,Sul,42,Santa Catarina,4212056,Palmeira,421205605,Palmeira,2561
4,Sul,42,Santa Catarina,4212106,Palmitos,421210605,Palmitos,11241
4,Sul,42,Santa Catarina,4212106,Palmitos,421210610,Diamantina,985
4,Sul,42,Santa Catarina,4212106,Palmitos,421210620,Oldemburg,1210
4,Sul,42,Santa Catarina,4212106,Palmitos,421210625,Santa Lúcia,2190
4,Sul,42,Santa Catarina,4212205,Papanduva,421220505,Papanduva,18144
4,Sul,42,Santa Catarina,4212205,Papanduva,421220510,Nova Cultura,1006
4,Sul,42,Santa Catarina,4212239,Paraíso,421223905,Paraíso,3379
4,Sul,42,Santa Catarina,4212239,Paraíso,421223910,Grápia,888
4,Sul,42,Santa Catarina,4212254,Passo de Torres,421225405,Passo de Torres,9951
4,Sul,42,Santa Catarina,4212254,Passo de Torres,421225410,Balneário Rosa do Mar,2946
4,Sul,42,Santa Catarina,4212270,Passos Maia,421227005,Passos Maia,4034
4,Sul,42,Santa Catarina,4212304,Paulo Lopes,421230405,Paulo Lopes,9063
4,Sul,42,Santa Catarina,4212403,Pedras Grandes,421240305,Pedras Grandes,3039
4,Sul,42,Santa Catarina,4212403,Pedras Grandes,421240310,Azambuja,1206
4,Sul,42,Santa Catarina,4212502,Penha,421250205,Penha,33663
4,Sul,42,Santa Catarina,4212601,Peritiba,421260105,Peritiba,2992
4,Sul,42,Santa Catarina,4212650,Pescaria Brava,421265005,Pescaria Brava,10190
4,Sul,42,Santa Catarina,4212700,Petrolândia,421270005,Petrolândia,4643
4,Sul,42,Santa Catarina,4212700,Petrolândia,421270010,Rio Antinha,2073
4,Sul,42,Santa Catarina,4212809,Balneário Piçarras,421280905,Balneário Piçarras,27127
4,Sul,42,Santa Catarina,4212908,Pinhalzinho,421290805,Pinhalzinho,21396
4,Sul,42,Santa Catarina,4212908,Pinhalzinho,421290815,Machado,576
4,Sul,42,Santa Catarina,4213005,Pinheiro Preto,421300505,Pinheiro Preto,3473
4,Sul,42,Santa Catarina,4213104,Piratuba,421310405,Piratuba,5020
4,Sul,42,Santa Catarina,4213104,Piratuba,421310410,Uruguai,749
4,Sul,42,Santa Catarina,4213153,Planalto Alegre,421315305,Planalto Alegre,2946
4,Sul,42,Santa Catarina,4213203,Pomerode,421320305,Pomerode,34289
4,Sul,42,Santa Catarina,4213302,Ponte Alta,421330205,Ponte Alta,4437
4,Sul,42,Santa Catarina,4213351,Ponte Alta do Norte,421335105,Ponte Alta do Norte,3210
4,Sul,42,Santa Catarina,4213401,Ponte Serrada,421340105,Ponte Serrada,7615
4,Sul,42,Santa Catarina,4213401,Ponte Serrada,421340108,Baía Alta,3034
4,Sul,42,Santa Catarina,4213500,Porto Belo,421350005,Porto Belo,27688
4,Sul,42,Santa Catarina,4213609,Porto União,421360905,Porto União,29847
4,Sul,42,Santa Catarina,4213609,Porto União,421360910,Santa Cruz do Timbó,2238
4,Sul,42,Santa Catarina,4213609,Porto União,421360920,São Miguel da Serra,885
4,Sul,42,Santa Catarina,4213708,Pouso Redondo,421370805,Pouso Redondo,14928
4,Sul,42,Santa Catarina,4213708,Pouso Redondo,421370810,Aterrado Torto,2195
4,Sul,42,Santa Catarina,4213807,Praia Grande,421380705,Praia Grande,7490
4,Sul,42,Santa Catarina,4213807,Praia Grande,421380710,Cachoeira de Fátima,780
4,Sul,42,Santa Catarina,4213906,Presidente Castello Branco,421390605,Presidente Castello Branco,1689
4,Sul,42,Santa Catarina,4214003,Presidente Getúlio,421400305,Presidente Getúlio,18169
4,Sul,42,Santa Catarina,4214003,Presidente Getúlio,421400310,Mirador,1841
4,Sul,42,Santa Catarina,4214102,Presidente Nereu,421410205,Presidente Nereu,2301
4,Sul,42,Santa Catarina,4214151,Princesa,421415105,Princesa,2964
4,Sul,42,Santa Catarina,4214201,Quilombo,421420105,Quilombo,11022
4,Sul,42,Santa Catarina,4214300,Rancho Queimado,421430005,Rancho Queimado,2014
4,Sul,42,Santa Catarina,4214300,Rancho Queimado,421430010,Taquaras,1265
4,Sul,42,Santa Catarina,4214409,Rio das Antas,421440905,Rio das Antas,3707
4,Sul,42,Santa Catarina,4214409,Rio das Antas,421440910,Ipoméia,2546
4,Sul,42,Santa Catarina,4214508,Rio do Campo,421450805,Rio do Campo,6452
4,Sul,42,Santa Catarina,4214607,Rio do Oeste,421460705,Rio do Oeste,7747
4,Sul,42,Santa Catarina,4214706,Rio dos Cedros,421470605,Rio dos Cedros,8200
4,Sul,42,Santa Catarina,4214706,Rio dos Cedros,421470610,Cedro Alto,2665
4,Sul,42,Santa Catarina,4214805,Rio do Sul,421480505,Rio do Sul,72587
4,Sul,42,Santa Catarina,4214904,Rio Fortuna,421490405,Rio Fortuna,4847
4,Sul,42,Santa Catarina,4215000,Rio Negrinho,421500005,Rio Negrinho,36417
4,Sul,42,Santa Catarina,4215000,Rio Negrinho,421500030,Vila de Volta Grande,2844
4,Sul,42,Santa Catarina,4215059,Rio Rufino,421505905,Rio Rufino,2397
4,Sul,42,Santa Catarina,4215075,Riqueza,421507505,Riqueza,4768
4,Sul,42,Santa Catarina,4215109,Rodeio,421510905,Rodeio,12757
4,Sul,42,Santa Catarina,4215208,Romelândia,421520805,Romelândia,4823
4,Sul,42,Santa Catarina,4215307,Salete,421530705,Salete,7489
4,Sul,42,Santa Catarina,4215356,Saltinho,421535605,Saltinho,3632
4,Sul,42,Santa Catarina,4215406,Salto Veloso,421540605,Salto Veloso,4390
4,Sul,42,Santa Catarina,4215455,Sangão,421545505,Sangão,6348
4,Sul,42,Santa Catarina,4215455,Sangão,421545515,Morro Grande,6534
4,Sul,42,Santa Catarina,4215505,Santa Cecília,421550505,Santa Cecília,15546
4,Sul,42,Santa Catarina,4215554,Santa Helena,421555405,Santa Helena,2425
4,Sul,42,Santa Catarina,4215604,Santa Rosa de Lima,421560405,Santa Rosa de Lima,2088
4,Sul,42,Santa Catarina,4215653,Santa Rosa do Sul,421565305,Santa Rosa do Sul,9792
4,Sul,42,Santa Catarina,4215679,Santa Terezinha,421567905,Santa Terezinha,4653
4,Sul,42,Santa Catarina,4215679,Santa Terezinha,421567915,Craveiro,1539
4,Sul,42,Santa Catarina,4215679,Santa Terezinha,421567925,Rio da Anta,1874
4,Sul,42,Santa Catarina,4215687,Santa Terezinha do Progresso,421568705,Santa Terezinha do Progresso,2576
4,Sul,42,Santa Catarina,4215695,Santiago do Sul,421569505,Santiago do Sul,1651
4,Sul,42,Santa Catarina,4215703,Santo Amaro da Imperatriz,421570305,Santo Amaro da Imperatriz,27272
4,Sul,42,Santa Catarina,4215752,São Bernardino,421575205,São Bernardino,2684
4,Sul,42,Santa Catarina,4215802,São Bento do Sul,421580205,São Bento do Sul,83277
4,Sul,42,Santa Catarina,4215901,São Bonifácio,421590105,São Bonifácio,2946
4,Sul,42,Santa Catarina,4216008,São Carlos,421600805,São Carlos,10282
4,Sul,42,Santa Catarina,4216057,São Cristóvão do Sul,421605705,São Cristóvão do Sul,6084
4,Sul,42,Santa Catarina,4216107,São Domingos,421610705,São Domingos,8087
4,Sul,42,Santa Catarina,4216107,São Domingos,421610715,Maratá,560
4,Sul,42,Santa Catarina,4216107,São Domingos,421610730,Vila Milani,579
4,Sul,42,Santa Catarina,4216206,São Francisco do Sul,421620605,São Francisco do Sul,50119
4,Sul,42,Santa Catarina,4216206,São Francisco do Sul,421620610,Saí,2555
4,Sul,42,Santa Catarina,4216255,São João do Oeste,421625505,São João do Oeste,6295
4,Sul,42,Santa Catarina,4216305,São João Batista,421630505,São João Batista,30920
4,Sul,42,Santa Catarina,4216305,São João Batista,421630510,Tijipió,1767
4,Sul,42,Santa Catarina,4216354,São João do Itaperiú,421635405,São João do Itaperiú,4463
4,Sul,42,Santa Catarina,4216404,São João do Sul,421640405,São João do Sul,2974
4,Sul,42,Santa Catarina,4216404,São João do Sul,421640415,Vila Conceição,2416
4,Sul,42,Santa Catarina,4216404,São João do Sul,421640420,Vila Santa Catarina,3278
4,Sul,42,Santa Catarina,4216503,São Joaquim,421650305,São Joaquim,24248
4,Sul,42,Santa Catarina,4216503,São Joaquim,421650310,Pericó,665
4,Sul,42,Santa Catarina,4216503,São Joaquim,421650313,Santa Izabel,541
4,Sul,42,Santa Catarina,4216503,São Joaquim,421650315,São Sebastião do Arvoredo,485
4,Sul,42,Santa Catarina,4216602,São José,421660205,São José,31045
4,Sul,42,Santa Catarina,4216602,São José,421660210,Barreiros,125037
4,Sul,42,Santa Catarina,4216602,São José,421660213,Centro Histórico de São José,114217
4,Sul,42,Santa Catarina,4216701,São José do Cedro,421670105,São José do Cedro,12307
4,Sul,42,Santa Catarina,4216701,São José do Cedro,421670110,Mariflor,824
4,Sul,42,Santa Catarina,4216701,São José do Cedro,421670112,Padre Reus,1036
4,Sul,42,Santa Catarina,4216800,São José do Cerrito,421680005,São José do Cerrito,6771
4,Sul,42,Santa Catarina,4216800,São José do Cerrito,421680010,Salto dos Marianos,1937
4,Sul,42,Santa Catarina,4216909,São Lourenço do Oeste,421690905,São Lourenço do Oeste,20339
4,Sul,42,Santa Catarina,4216909,São Lourenço do Oeste,421690910,Frederico Wastner,1058
4,Sul,42,Santa Catarina,4216909,São Lourenço do Oeste,421690920,Presidente Juscelino,2138
4,Sul,42,Santa Catarina,4216909,São Lourenço do Oeste,421690929,São Roque,1256
4,Sul,42,Santa Catarina,4217006,São Ludgero,421700605,São Ludgero,13509
4,Sul,42,Santa Catarina,4217105,São Martinho,421710505,São Martinho,2987
4,Sul,42,Santa Catarina,4217105,São Martinho,421710510,Vargem do Cedro,418
4,Sul,42,Santa Catarina,4217154,São Miguel da Boa Vista,421715405,São Miguel da Boa Vista,1781
4,Sul,42,Santa Catarina,4217204,São Miguel do Oeste,421720405,São Miguel do Oeste,44330
4,Sul,42,Santa Catarina,4217253,São Pedro de Alcântara,421725305,São Pedro de Alcântara,5776
4,Sul,42,Santa Catarina,4217303,Saudades,421730305,Saudades,8954
4,Sul,42,Santa Catarina,4217303,Saudades,421730310,Juvêncio,1311
4,Sul,42,Santa Catarina,4217402,Schroeder,421740205,Schroeder,20061
4,Sul,42,Santa Catarina,4217501,Seara,421750105,Seara,16274
4,Sul,42,Santa Catarina,4217501,Seara,421750115,Caraíba,1264
4,Sul,42,Santa Catarina,4217501,Seara,421750120,Nova Teutônia,1082
4,Sul,42,Santa Catarina,4217550,Serra Alta,421755005,Serra Alta,3303
4,Sul,42,Santa Catarina,4217600,Siderópolis,421760005,Siderópolis,13714
4,Sul,42,Santa Catarina,4217709,Sombrio,421770905,Sombrio,23682
4,Sul,42,Santa Catarina,4217709,Sombrio,421770909,Boa Esperança,2208
4,Sul,42,Santa Catarina,4217709,Sombrio,421770915,Nova Guarita,4101
4,Sul,42,Santa Catarina,4217758,Sul Brasil,421775805,Sul Brasil,2832
4,Sul,42,Santa Catarina,4217808,Taió,421780805,Taió,17222
4,Sul,42,Santa Catarina,4217808,Taió,421780815,Passo Manso,1088
4,Sul,42,Santa Catarina,4217907,Tangará,421790705,Tangará,6760
4,Sul,42,Santa Catarina,4217907,Tangará,421790715,Irakitan,723
4,Sul,42,Santa Catarina,4217907,Tangará,421790720,Marari,660
4,Sul,42,Santa Catarina,4217956,Tigrinhos,421795605,Tigrinhos,2329
4,Sul,42,Santa Catarina,4218004,Tijucas,421800405,Tijucas,51592
4,Sul,42,Santa Catarina,4218103,Timbé do Sul,421810305,Timbé do Sul,5386
4,Sul,42,Santa Catarina,4218202,Timbó,421820205,Timbó,46099
4,Sul,42,Santa Catarina,4218251,Timbó Grande,421825105,Timbó Grande,7342
4,Sul,42,Santa Catarina,4218301,Três Barras,421830105,Três Barras,10629
4,Sul,42,Santa Catarina,4218301,Três Barras,421830110,São Cristóvão,9117
4,Sul,42,Santa Catarina,4218350,Treviso,421835005,Treviso,3782
4,Sul,42,Santa Catarina,4218400,Treze de Maio,421840005,Treze de Maio,6252
4,Sul,42,Santa Catarina,4218400,Treze de Maio,421840010,São Gabriel,1110
4,Sul,42,Santa Catarina,4218509,Treze Tílias,421850905,Treze Tílias,8787
4,Sul,42,Santa Catarina,4218608,Trombudo Central,421860805,Trombudo Central,7274
4,Sul,42,Santa Catarina,4218707,Tubarão,421870705,Tubarão,110088
4,Sul,42,Santa Catarina,4218756,Tunápolis,421875605,Tunápolis,4916
4,Sul,42,Santa Catarina,4218806,Turvo,421880605,Turvo,12099
4,Sul,42,Santa Catarina,4218806,Turvo,421880620,Morro Chato,944
4,Sul,42,Santa Catarina,4218855,União do Oeste,421885505,União do Oeste,2774
4,Sul,42,Santa Catarina,4218905,Urubici,421890505,Urubici,7858
4,Sul,42,Santa Catarina,4218905,Urubici,421890510,Águas Brancas,1623
4,Sul,42,Santa Catarina,4218905,Urubici,421890520,Santa Teresinha,1353
4,Sul,42,Santa Catarina,4218954,Urupema,421895405,Urupema,2656
4,Sul,42,Santa Catarina,4219002,Urussanga,421900205,Urussanga,20919
4,Sul,42,Santa Catarina,4219101,Vargeão,421910105,Vargeão,3634
4,Sul,42,Santa Catarina,4219150,Vargem,421915005,Vargem,2627
4,Sul,42,Santa Catarina,4219176,Vargem Bonita,421917605,Vargem Bonita,4576
4,Sul,42,Santa Catarina,4219200,Vidal Ramos,421920005,Vidal Ramos,6189
4,Sul,42,Santa Catarina,4219309,Videira,421930905,Videira,52850
4,Sul,42,Santa Catarina,4219309,Videira,421930910,Anta Gorda,1370
4,Sul,42,Santa Catarina,4219309,Videira,421930925,Lourdes,1246
4,Sul,42,Santa Catarina,4219358,Vitor Meireles,421935805,Vitor Meireles,5066
4,Sul,42,Santa Catarina,4219358,Vitor Meireles,421935810,Barra da Prata,304
4,Sul,42,Santa Catarina,4219408,Witmarsum,421940805,Witmarsum,4255
4,Sul,42,Santa Catarina,4219507,Xanxerê,421950705,Xanxerê,50991
4,Sul,42,Santa Catarina,4219507,Xanxerê,421950715,Cambuinzal,616
4,Sul,42,Santa Catarina,4219606,Xavantina,421960605,Xavantina,1912
4,Sul,42,Santa Catarina,4219606,Xavantina,421960610,Linha das Palmeiras,1741
4,Sul,42,Santa Catarina,4219705,Xaxim,421970505,Xaxim,30564
4,Sul,42,Santa Catarina,4219705,Xaxim,421970511,Anita Garibaldi,339
4,Sul,42,Santa Catarina,4219705,Xaxim,421970516,Diadema,1015
4,Sul,42,Santa Catarina,4219853,Zortéa,421985305,Zortéa,3930
4,Sul,42,Santa Catarina,4220000,Balneário Rincão,422000005,Balneário Rincão,15981
4,Sul,43,Rio Grande do Sul,4300034,Aceguá,430003405,Aceguá,1531
4,Sul,43,Rio Grande do Sul,4300034,Aceguá,430003415,Colônia Nova,1050
4,Sul,43,Rio Grande do Sul,4300034,Aceguá,430003425,Minuano,1437
4,Sul,43,Rio Grande do Sul,4300034,Aceguá,430003435,Rio Negro,152
4,Sul,43,Rio Grande do Sul,4300059,Água Santa,430005905,Água Santa,2944
4,Sul,43,Rio Grande do Sul,4300059,Água Santa,430005915,Engenho Grande,337
4,Sul,43,Rio Grande do Sul,4300059,Água Santa,430005925,Santo Antônio dos Pinheirinhos,293
4,Sul,43,Rio Grande do Sul,4300059,Água Santa,430005928,São Caetano,338
4,Sul,43,Rio Grande do Sul,4300109,Agudo,430010905,Agudo,16041
4,Sul,43,Rio Grande do Sul,4300208,Ajuricaba,430020805,Ajuricaba,5832
4,Sul,43,Rio Grande do Sul,4300208,Ajuricaba,430020815,Medianeira,888
4,Sul,43,Rio Grande do Sul,4300307,Alecrim,430030705,Alecrim,6123
4,Sul,43,Rio Grande do Sul,4300406,Alegrete,430040605,Alegrete,71251
4,Sul,43,Rio Grande do Sul,4300406,Alegrete,430040610,Passo Novo,1158
4,Sul,43,Rio Grande do Sul,4300455,Alegria,430045505,Alegria,2975
4,Sul,43,Rio Grande do Sul,4300455,Alegria,430045510,Espírito Santo,676
4,Sul,43,Rio Grande do Sul,4300471,Almirante Tamandaré do Sul,430047105,Almirante Tamandaré do Sul,1267
4,Sul,43,Rio Grande do Sul,4300471,Almirante Tamandaré do Sul,430047115,Linha Vitória,267
4,Sul,43,Rio Grande do Sul,4300471,Almirante Tamandaré do Sul,430047130,Rincão do Segredo,435
4,Sul,43,Rio Grande do Sul,4300505,Alpestre,430050505,Alpestre,4055
4,Sul,43,Rio Grande do Sul,4300505,Alpestre,430050510,Farinhas,1354
4,Sul,43,Rio Grande do Sul,4300505,Alpestre,430050515,Sertãozinho,955
4,Sul,43,Rio Grande do Sul,4300505,Alpestre,430050520,Volta Grande,753
4,Sul,43,Rio Grande do Sul,4300554,Alto Alegre,430055405,Alto Alegre,1137
4,Sul,43,Rio Grande do Sul,4300554,Alto Alegre,430055410,Linha Bonita,294
4,Sul,43,Rio Grande do Sul,4300554,Alto Alegre,430055420,Santa Lúcia,117
4,Sul,43,Rio Grande do Sul,4300554,Alto Alegre,430055425,São José,108
4,Sul,43,Rio Grande do Sul,4300554,Alto Alegre,430055430,Treze de Maio,144
4,Sul,43,Rio Grande do Sul,4300570,Alto Feliz,430057005,Alto Feliz,3072
4,Sul,43,Rio Grande do Sul,4300604,Alvorada,430060405,Alvorada,165368
4,Sul,43,Rio Grande do Sul,4300604,Alvorada,430060410,Estância Grande,21947
4,Sul,43,Rio Grande do Sul,4300638,Amaral Ferrador,430063805,Amaral Ferrador,5310
4,Sul,43,Rio Grande do Sul,4300646,Ametista do Sul,430064605,Ametista do Sul,7200
4,Sul,43,Rio Grande do Sul,4300646,Ametista do Sul,430064625,São Valentin da Gruta,450
4,Sul,43,Rio Grande do Sul,4300661,André da Rocha,430066105,André da Rocha,1135
4,Sul,43,Rio Grande do Sul,4300703,Anta Gorda,430070305,Anta Gorda,5525
4,Sul,43,Rio Grande do Sul,4300703,Anta Gorda,430070310,Itapuca,432
4,Sul,43,Rio Grande do Sul,4300802,Antônio Prado,430080205,Antônio Prado,11163
4,Sul,43,Rio Grande do Sul,4300802,Antônio Prado,430080207,Linha 21 de Abril,924
4,Sul,43,Rio Grande do Sul,4300802,Antônio Prado,430080230,Santana,958
4,Sul,43,Rio Grande do Sul,4300851,Arambaré,430085105,Arambaré,3292
4,Sul,43,Rio Grande do Sul,4300851,Arambaré,430085120,Santa Rita do Sul,820
4,Sul,43,Rio Grande do Sul,4300877,Araricá,430087705,Araricá,8525
4,Sul,43,Rio Grande do Sul,4300901,Aratiba,430090105,Aratiba,4668
4,Sul,43,Rio Grande do Sul,4300901,Aratiba,430090115,Dourado,650
4,Sul,43,Rio Grande do Sul,4300901,Aratiba,430090118,Pio X,432
4,Sul,43,Rio Grande do Sul,4300901,Aratiba,430090120,Rio Azul,320
4,Sul,43,Rio Grande do Sul,4300901,Aratiba,430090125,Três Barras,238
4,Sul,43,Rio Grande do Sul,4300901,Aratiba,430090130,Volta Fechada,175
4,Sul,43,Rio Grande do Sul,4301008,Arroio do Meio,430100805,Arroio do Meio,19471
4,Sul,43,Rio Grande do Sul,4301008,Arroio do Meio,430100816,Forqueta,951
4,Sul,43,Rio Grande do Sul,4301008,Arroio do Meio,430100818,Palmas,729
4,Sul,43,Rio Grande do Sul,4301008,Arroio do Meio,430100830,Vale do Arroio Grande,807
4,Sul,43,Rio Grande do Sul,4301057,Arroio do Sal,430105705,Arroio do Sal,11057
4,Sul,43,Rio Grande do Sul,4301073,Arroio do Padre,430107305,Arroio do Padre,2599
4,Sul,43,Rio Grande do Sul,4301107,Arroio dos Ratos,430110705,Arroio dos Ratos,14601
4,Sul,43,Rio Grande do Sul,4301206,Arroio do Tigre,430120605,Arroio do Tigre,7042
4,Sul,43,Rio Grande do Sul,4301206,Arroio do Tigre,430120610,Coloninha,628
4,Sul,43,Rio Grande do Sul,4301206,Arroio do Tigre,430120618,Linha Ocidental,1082
4,Sul,43,Rio Grande do Sul,4301206,Arroio do Tigre,430120625,Vila Progresso,1150
4,Sul,43,Rio Grande do Sul,4301206,Arroio do Tigre,430120635,Sítio Alto,952
4,Sul,43,Rio Grande do Sul,4301206,Arroio do Tigre,430120640,Taboãozinho,628
4,Sul,43,Rio Grande do Sul,4301206,Arroio do Tigre,430120645,Taquaral,576
4,Sul,43,Rio Grande do Sul,4301305,Arroio Grande,430130505,Arroio Grande,15918
4,Sul,43,Rio Grande do Sul,4301305,Arroio Grande,430130510,Mauá,259
4,Sul,43,Rio Grande do Sul,4301305,Arroio Grande,430130515,Pedreiras,692
4,Sul,43,Rio Grande do Sul,4301305,Arroio Grande,430130520,Santa Izabel do Sul,689
4,Sul,43,Rio Grande do Sul,4301404,Arvorezinha,430140405,Arvorezinha,9150
4,Sul,43,Rio Grande do Sul,4301404,Arvorezinha,430140420,Pinhal Queimado,1172
4,Sul,43,Rio Grande do Sul,4301503,Augusto Pestana,430150305,Augusto Pestana,6735
4,Sul,43,Rio Grande do Sul,4301503,Augusto Pestana,430150310,Rosário,414
4,Sul,43,Rio Grande do Sul,4301552,Áurea,430155205,Áurea,3396
4,Sul,43,Rio Grande do Sul,4301602,Bagé,430160205,Bagé,114652
4,Sul,43,Rio Grande do Sul,4301602,Bagé,430160217,Joca Tavares,598
4,Sul,43,Rio Grande do Sul,4301602,Bagé,430160220,José Otávio,1865
4,Sul,43,Rio Grande do Sul,4301602,Bagé,430160221,Palmas,604
4,Sul,43,Rio Grande do Sul,4301602,Bagé,430160222,Piraí,219
4,Sul,43,Rio Grande do Sul,4301636,Balneário Pinhal,430163605,Balneário Pinhal,7210
4,Sul,43,Rio Grande do Sul,4301636,Balneário Pinhal,430163610,Magistério,6174
4,Sul,43,Rio Grande do Sul,4301636,Balneário Pinhal,430163615,Túnel Verde,1571
4,Sul,43,Rio Grande do Sul,4301651,Barão,430165105,Barão,3617
4,Sul,43,Rio Grande do Sul,4301651,Barão,430165110,Arroio Canoas,695
4,Sul,43,Rio Grande do Sul,4301651,Barão,430165125,Francesa Alta,896
4,Sul,43,Rio Grande do Sul,4301651,Barão,430165127,Francesa Baixa,851
4,Sul,43,Rio Grande do Sul,4301651,Barão,430165130,General Neto,402
4,Sul,43,Rio Grande do Sul,4301701,Barão de Cotegipe,430170105,Barão de Cotegipe,7144
4,Sul,43,Rio Grande do Sul,4301750,Barão do Triunfo,430175005,Barão do Triunfo,5889
4,Sul,43,Rio Grande do Sul,4301800,Barracão,430180005,Barracão,4507
4,Sul,43,Rio Grande do Sul,4301800,Barracão,430180010,Espigão Alto,324
4,Sul,43,Rio Grande do Sul,4301859,Barra do Guarita,430185905,Barra do Guarita,3161
4,Sul,43,Rio Grande do Sul,4301875,Barra do Quaraí,430187505,Barra do Quaraí,3441
4,Sul,43,Rio Grande do Sul,4301875,Barra do Quaraí,430187515,Francisco Borges,225
4,Sul,43,Rio Grande do Sul,4301875,Barra do Quaraí,430187518,Guterrez,341
4,Sul,43,Rio Grande do Sul,4301875,Barra do Quaraí,430187525,Passo da Cruz,234
4,Sul,43,Rio Grande do Sul,4301909,Barra do Ribeiro,430190905,Barra do Ribeiro,11105
4,Sul,43,Rio Grande do Sul,4301909,Barra do Ribeiro,430190910,Douradilho,1120
4,Sul,43,Rio Grande do Sul,4301925,Barra do Rio Azul,430192505,Barra do Rio Azul,1696
4,Sul,43,Rio Grande do Sul,4301958,Barra Funda,430195805,Barra Funda,2498
4,Sul,43,Rio Grande do Sul,4302006,Barros Cassal,430200605,Barros Cassal,9296
4,Sul,43,Rio Grande do Sul,4302055,Benjamin Constant do Sul,430205505,Benjamin Constant do Sul,2082
4,Sul,43,Rio Grande do Sul,4302105,Bento Gonçalves,430210505,Bento Gonçalves,115410
4,Sul,43,Rio Grande do Sul,4302105,Bento Gonçalves,430210507,São Pedro,1070
4,Sul,43,Rio Grande do Sul,4302105,Bento Gonçalves,430210510,Faria Lemos,2111
4,Sul,43,Rio Grande do Sul,4302105,Bento Gonçalves,430210530,Tuiuty,2887
4,Sul,43,Rio Grande do Sul,4302105,Bento Gonçalves,430210540,Vale dos Vinhedos,1673
4,Sul,43,Rio Grande do Sul,4302154,Boa Vista das Missões,430215405,Boa Vista das Missões,1709
4,Sul,43,Rio Grande do Sul,4302154,Boa Vista das Missões,430215430,São João,224
4,Sul,43,Rio Grande do Sul,4302204,Boa Vista do Buricá,430220405,Boa Vista do Buricá,6966
4,Sul,43,Rio Grande do Sul,4302220,Boa Vista do Cadeado,430222005,Boa Vista do Cadeado,1012
4,Sul,43,Rio Grande do Sul,4302220,Boa Vista do Cadeado,430222015,Cadeado,233
4,Sul,43,Rio Grande do Sul,4302220,Boa Vista do Cadeado,430222020,Capela,289
4,Sul,43,Rio Grande do Sul,4302220,Boa Vista do Cadeado,430222025,Faxinal,142
4,Sul,43,Rio Grande do Sul,4302220,Boa Vista do Cadeado,430222030,Formigueiro,191
4,Sul,43,Rio Grande do Sul,4302220,Boa Vista do Cadeado,430222040,Ponte Queimada,93
4,Sul,43,Rio Grande do Sul,4302220,Boa Vista do Cadeado,430222045,Rincão do Tigre,269
4,Sul,43,Rio Grande do Sul,4302238,Boa Vista do Incra,430223805,Boa Vista do Incra,2271
4,Sul,43,Rio Grande do Sul,4302253,Boa Vista do Sul,430225305,Boa Vista do Sul,2779
4,Sul,43,Rio Grande do Sul,4302303,Bom Jesus,430230305,Bom Jesus,9154
4,Sul,43,Rio Grande do Sul,4302303,Bom Jesus,430230308,Capão do Tigre,575
4,Sul,43,Rio Grande do Sul,4302303,Bom Jesus,430230311,Capela São Francisco,547
4,Sul,43,Rio Grande do Sul,4302303,Bom Jesus,430230313,Casa Branca,268
4,Sul,43,Rio Grande do Sul,4302303,Bom Jesus,430230315,Itaimbezinho,350
4,Sul,43,Rio Grande do Sul,4302303,Bom Jesus,430230320,Santo Inácio,308
4,Sul,43,Rio Grande do Sul,4302352,Bom Princípio,430235205,Bom Princípio,13142
4,Sul,43,Rio Grande do Sul,4302378,Bom Progresso,430237805,Bom Progresso,2096
4,Sul,43,Rio Grande do Sul,4302402,Bom Retiro do Sul,430240205,Bom Retiro do Sul,11874
4,Sul,43,Rio Grande do Sul,4302402,Bom Retiro do Sul,430240215,Pinhal,420
4,Sul,43,Rio Grande do Sul,4302451,Boqueirão do Leão,430245105,Boqueirão do Leão,6247
4,Sul,43,Rio Grande do Sul,4302501,Bossoroca,430250105,Bossoroca,4664
4,Sul,43,Rio Grande do Sul,4302501,Bossoroca,430250107,Esquina Piratini,604
4,Sul,43,Rio Grande do Sul,4302501,Bossoroca,430250110,Ivaí,171
4,Sul,43,Rio Grande do Sul,4302501,Bossoroca,430250115,Timbaúva,451
4,Sul,43,Rio Grande do Sul,4302584,Bozano,430258405,Bozano,1558
4,Sul,43,Rio Grande do Sul,4302584,Bozano,430258425,Salto,593
4,Sul,43,Rio Grande do Sul,4302600,Braga,430260005,Braga,2646
4,Sul,43,Rio Grande do Sul,4302600,Braga,430260010,Pedro Gárcia,622
4,Sul,43,Rio Grande do Sul,4302659,Brochier,430265905,Brochier,4782
4,Sul,43,Rio Grande do Sul,4302659,Brochier,430265920,Linha Pinheiro Machado,184
4,Sul,43,Rio Grande do Sul,4302709,Butiá,430270905,Butiá,18847
4,Sul,43,Rio Grande do Sul,4302709,Butiá,430270910,Cerro do Roque,237
4,Sul,43,Rio Grande do Sul,4302808,Caçapava do Sul,430280805,Caçapava do Sul,28632
4,Sul,43,Rio Grande do Sul,4302808,Caçapava do Sul,430280810,Bom Jardim,649
4,Sul,43,Rio Grande do Sul,4302808,Caçapava do Sul,430280815,Carajá Seival,306
4,Sul,43,Rio Grande do Sul,4302808,Caçapava do Sul,430280820,Cerro do Martins,1132
4,Sul,43,Rio Grande do Sul,4302808,Caçapava do Sul,430280825,Forninho,1340
4,Sul,43,Rio Grande do Sul,4302808,Caçapava do Sul,430280830,Santa Bárbara,456
4,Sul,43,Rio Grande do Sul,4302907,Cacequi,430290705,Cacequi,9716
4,Sul,43,Rio Grande do Sul,4302907,Cacequi,430290710,Saicã,766
4,Sul,43,Rio Grande do Sul,4302907,Cacequi,430290715,Umbu,675
4,Sul,43,Rio Grande do Sul,4303004,Cachoeira do Sul,430300405,Cachoeira do Sul,68224
4,Sul,43,Rio Grande do Sul,4303004,Cachoeira do Sul,430300410,Barro Vermelho,1718
4,Sul,43,Rio Grande do Sul,4303004,Cachoeira do Sul,430300412,Bosque,1860
4,Sul,43,Rio Grande do Sul,4303004,Cachoeira do Sul,430300415,Capané,1220
4,Sul,43,Rio Grande do Sul,4303004,Cachoeira do Sul,430300425,Cordilheira,2782
4,Sul,43,Rio Grande do Sul,4303004,Cachoeira do Sul,430300430,Ferreira,2321
4,Sul,43,Rio Grande do Sul,4303004,Cachoeira do Sul,430300445,Três Vendas,1945
4,Sul,43,Rio Grande do Sul,4303103,Cachoeirinha,430310305,Cachoeirinha,136258
4,Sul,43,Rio Grande do Sul,4303202,Cacique Doble,430320205,Cacique Doble,3659
4,Sul,43,Rio Grande do Sul,4303202,Cacique Doble,430320210,São Luís Rei,944
4,Sul,43,Rio Grande do Sul,4303301,Caibaté,430330105,Caibaté,4704
4,Sul,43,Rio Grande do Sul,4303400,Caiçara,430340005,Caiçara,3931
4,Sul,43,Rio Grande do Sul,4303400,Caiçara,430340010,Ipuaçu,905
4,Sul,43,Rio Grande do Sul,4303509,Camaquã,430350905,Camaquã,50755
4,Sul,43,Rio Grande do Sul,4303509,Camaquã,430350912,Bandeirinha,1749
4,Sul,43,Rio Grande do Sul,4303509,Camaquã,430350915,Banhado do Colégio,1378
4,Sul,43,Rio Grande do Sul,4303509,Camaquã,430350920,Bonito,2684
4,Sul,43,Rio Grande do Sul,4303509,Camaquã,430350922,Capela Santo Antônio,1154
4,Sul,43,Rio Grande do Sul,4303509,Camaquã,430350925,Capela Velha,1479
4,Sul,43,Rio Grande do Sul,4303509,Camaquã,430350935,Pacheca,1102
4,Sul,43,Rio Grande do Sul,4303509,Camaquã,430350940,Sant'Auta,1899
4,Sul,43,Rio Grande do Sul,4303558,Camargo,430355805,Camargo,2846
4,Sul,43,Rio Grande do Sul,4303558,Camargo,430355810,Paraíso,135
4,Sul,43,Rio Grande do Sul,4303608,Cambará do Sul,430360805,Cambará do Sul,4000
4,Sul,43,Rio Grande do Sul,4303608,Cambará do Sul,430360810,Bom Retiro,243
4,Sul,43,Rio Grande do Sul,4303608,Cambará do Sul,430360815,Osvaldo Kroeff,2118
4,Sul,43,Rio Grande do Sul,4303673,Campestre da Serra,430367305,Campestre da Serra,3242
4,Sul,43,Rio Grande do Sul,4303707,Campina das Missões,430370705,Campina das Missões,5882
4,Sul,43,Rio Grande do Sul,4303806,Campinas do Sul,430380605,Campinas do Sul,5284
4,Sul,43,Rio Grande do Sul,4303905,Campo Bom,430390505,Campo Bom,62886
4,Sul,43,Rio Grande do Sul,4304002,Campo Novo,430400205,Campo Novo,4625
4,Sul,43,Rio Grande do Sul,4304002,Campo Novo,430400215,Vila Turvo,350
4,Sul,43,Rio Grande do Sul,4304101,Campos Borges,430410105,Campos Borges,2963
4,Sul,43,Rio Grande do Sul,4304101,Campos Borges,430410115,Linha Ferrari,80
4,Sul,43,Rio Grande do Sul,4304101,Campos Borges,430410120,Mundo Novo,142
4,Sul,43,Rio Grande do Sul,4304101,Campos Borges,430410125,Rincão dos Toledos,121
4,Sul,43,Rio Grande do Sul,4304101,Campos Borges,430410130,São José dos Campos Borges,70
4,Sul,43,Rio Grande do Sul,4304101,Campos Borges,430410135,Varame,67
4,Sul,43,Rio Grande do Sul,4304101,Campos Borges,430410140,Volta Vitória,170
4,Sul,43,Rio Grande do Sul,4304200,Candelária,430420005,Candelária,20302
4,Sul,43,Rio Grande do Sul,4304200,Candelária,430420010,Botucaraí,2403
4,Sul,43,Rio Grande do Sul,4304200,Candelária,430420015,Linha Brasil,1665
4,Sul,43,Rio Grande do Sul,4304200,Candelária,430420020,Linha do Rio,1500
4,Sul,43,Rio Grande do Sul,4304200,Candelária,430420025,Pinheiro,1122
4,Sul,43,Rio Grande do Sul,4304200,Candelária,430420030,Vila União,1914
4,Sul,43,Rio Grande do Sul,4304309,Cândido Godói,430430905,Cândido Godói,6294
4,Sul,43,Rio Grande do Sul,4304358,Candiota,430435805,Candiota,6407
4,Sul,43,Rio Grande do Sul,4304358,Candiota,430435810,Baú,1325
4,Sul,43,Rio Grande do Sul,4304358,Candiota,430435820,Jaguarão Grande,1931
4,Sul,43,Rio Grande do Sul,4304358,Candiota,430435825,Passo Real de Candiota,368
4,Sul,43,Rio Grande do Sul,4304358,Candiota,430435830,Seival,679
4,Sul,43,Rio Grande do Sul,4304408,Canela,430440805,Canela,48946
4,Sul,43,Rio Grande do Sul,4304507,Canguçu,430450705,Canguçu,31209
4,Sul,43,Rio Grande do Sul,4304507,Canguçu,430450710,Quarto Distrito,3513
4,Sul,43,Rio Grande do Sul,4304507,Canguçu,430450715,Quinto Distrito,2443
4,Sul,43,Rio Grande do Sul,4304507,Canguçu,430450720,Segundo Distrito,7511
4,Sul,43,Rio Grande do Sul,4304507,Canguçu,430450725,Terceiro Distrito,5004
4,Sul,43,Rio Grande do Sul,4304606,Canoas,430460605,Canoas,347657
4,Sul,43,Rio Grande do Sul,4304614,Canudos do Vale,430461405,Canudos do Vale,1656
4,Sul,43,Rio Grande do Sul,4304622,Capão Bonito do Sul,430462205,Capão Bonito do Sul,1322
4,Sul,43,Rio Grande do Sul,4304622,Capão Bonito do Sul,430462210,Barretos,411
4,Sul,43,Rio Grande do Sul,4304630,Capão da Canoa,430463005,Capão da Canoa,50043
4,Sul,43,Rio Grande do Sul,4304630,Capão da Canoa,430463006,Arroio Teixeira,1952
4,Sul,43,Rio Grande do Sul,4304630,Capão da Canoa,430463007,Capão Novo,10835
4,Sul,43,Rio Grande do Sul,4304630,Capão da Canoa,430463010,Curumim,764
4,Sul,43,Rio Grande do Sul,4304655,Capão do Cipó,430465505,Capão do Cipó,3119
4,Sul,43,Rio Grande do Sul,4304663,Capão do Leão,430466305,Capão do Leão,25287
4,Sul,43,Rio Grande do Sul,4304663,Capão do Leão,430466310,Hidráulica,415
4,Sul,43,Rio Grande do Sul,4304663,Capão do Leão,430466315,Passo das Pedras,631
4,Sul,43,Rio Grande do Sul,4304663,Capão do Leão,430466320,Pavão,154
4,Sul,43,Rio Grande do Sul,4304671,Capivari do Sul,430467105,Capivari do Sul,3170
4,Sul,43,Rio Grande do Sul,4304671,Capivari do Sul,430467110,Rancho Velho,133
4,Sul,43,Rio Grande do Sul,4304671,Capivari do Sul,430467115,Santa Rosa,688
4,Sul,43,Rio Grande do Sul,4304689,Capela de Santana,430468905,Capela de Santana,10437
4,Sul,43,Rio Grande do Sul,4304689,Capela de Santana,430468910,Pareci Velho,125
4,Sul,43,Rio Grande do Sul,4304689,Capela de Santana,430468915,Passo Taquara,156
4,Sul,43,Rio Grande do Sul,4304689,Capela de Santana,430468920,San Martin,137
4,Sul,43,Rio Grande do Sul,4304689,Capela de Santana,430468925,Paquete,63
4,Sul,43,Rio Grande do Sul,4304689,Capela de Santana,430468930,Sanga Funda,241
4,Sul,43,Rio Grande do Sul,4304697,Capitão,430469705,Capitão,2921
4,Sul,43,Rio Grande do Sul,4304705,Carazinho,430470505,Carazinho,60875
4,Sul,43,Rio Grande do Sul,4304705,Carazinho,430470525,Pinheiro Marcado,415
4,Sul,43,Rio Grande do Sul,4304705,Carazinho,430470533,São Bento,514
4,Sul,43,Rio Grande do Sul,4304713,Caraá,430471305,Caraá,7394
4,Sul,43,Rio Grande do Sul,4304804,Carlos Barbosa,430480405,Carlos Barbosa,26304
4,Sul,43,Rio Grande do Sul,4304804,Carlos Barbosa,430480410,Arco Verde,1055
4,Sul,43,Rio Grande do Sul,4304804,Carlos Barbosa,430480413,Cinco da Boa Vista,809
4,Sul,43,Rio Grande do Sul,4304804,Carlos Barbosa,430480420,Santa Luiza,1107
4,Sul,43,Rio Grande do Sul,4304804,Carlos Barbosa,430480425,Santo Antônio de Castro,1145
4,Sul,43,Rio Grande do Sul,4304853,Carlos Gomes,430485305,Carlos Gomes,1368
4,Sul,43,Rio Grande do Sul,4304903,Casca,430490305,Casca,8163
4,Sul,43,Rio Grande do Sul,4304903,Casca,430490310,Evangelista,1302
4,Sul,43,Rio Grande do Sul,4304952,Caseiros,430495205,Caseiros,3000
4,Sul,43,Rio Grande do Sul,4305009,Catuípe,430500905,Catuípe,6419
4,Sul,43,Rio Grande do Sul,4305009,Catuípe,430500910,Colônia das Almas,786
4,Sul,43,Rio Grande do Sul,4305009,Catuípe,430500912,Esquina Bom Sucesso,292
4,Sul,43,Rio Grande do Sul,4305009,Catuípe,430500913,Esquina Brasil Neves,104
4,Sul,43,Rio Grande do Sul,4305009,Catuípe,430500917,Passo Burmann,290
4,Sul,43,Rio Grande do Sul,4305009,Catuípe,430500918,Pontão Santo Antônio,229
4,Sul,43,Rio Grande do Sul,4305009,Catuípe,430500920,Santa Tereza,554
4,Sul,43,Rio Grande do Sul,4305108,Caxias do Sul,430510805,Caxias do Sul,450436
4,Sul,43,Rio Grande do Sul,4305108,Caxias do Sul,430510815,Criúva,1745
4,Sul,43,Rio Grande do Sul,4305108,Caxias do Sul,430510820,Fazenda Souza,3048
4,Sul,43,Rio Grande do Sul,4305108,Caxias do Sul,430510835,Oliva,1534
4,Sul,43,Rio Grande do Sul,4305108,Caxias do Sul,430510840,Santa Lúcia do Piaí,2589
4,Sul,43,Rio Grande do Sul,4305108,Caxias do Sul,430510845,Seca,2502
4,Sul,43,Rio Grande do Sul,4305108,Caxias do Sul,430510850,Vila Cristina,1647
4,Sul,43,Rio Grande do Sul,4305116,Centenário,430511605,Centenário,2721
4,Sul,43,Rio Grande do Sul,4305124,Cerrito,430512405,Cerrito,3434
4,Sul,43,Rio Grande do Sul,4305124,Cerrito,430512410,Alto Alegre,411
4,Sul,43,Rio Grande do Sul,4305124,Cerrito,430512415,Vila Freire,1963
4,Sul,43,Rio Grande do Sul,4305132,Cerro Branco,430513205,Cerro Branco,3802
4,Sul,43,Rio Grande do Sul,4305157,Cerro Grande,430515705,Cerro Grande,2379
4,Sul,43,Rio Grande do Sul,4305173,Cerro Grande do Sul,430517305,Cerro Grande do Sul,9178
4,Sul,43,Rio Grande do Sul,4305207,Cerro Largo,430520705,Cerro Largo,12662
4,Sul,43,Rio Grande do Sul,4305207,Cerro Largo,430520713,Santo Antônio,469
4,Sul,43,Rio Grande do Sul,4305207,Cerro Largo,430520714,São Francisco,574
4,Sul,43,Rio Grande do Sul,4305306,Chapada,430530605,Chapada,6340
4,Sul,43,Rio Grande do Sul,4305306,Chapada,430530610,Boi Preto,888
4,Sul,43,Rio Grande do Sul,4305306,Chapada,430530615,Santana,742
4,Sul,43,Rio Grande do Sul,4305306,Chapada,430530620,São Miguel,426
4,Sul,43,Rio Grande do Sul,4305306,Chapada,430530625,Tesouras,918
4,Sul,43,Rio Grande do Sul,4305306,Chapada,430530630,Vila Rica,226
4,Sul,43,Rio Grande do Sul,4305355,Charqueadas,430535505,Charqueadas,35012
4,Sul,43,Rio Grande do Sul,4305371,Charrua,430537105,Charrua,2768
4,Sul,43,Rio Grande do Sul,4305405,Chiapetta,430540505,Chiapetta,3913
4,Sul,43,Rio Grande do Sul,4305439,Chuí,430543905,Chuí,6262
4,Sul,43,Rio Grande do Sul,4305447,Chuvisca,430544705,Chuvisca,4597
4,Sul,43,Rio Grande do Sul,4305454,Cidreira,430545405,Cidreira,14286
4,Sul,43,Rio Grande do Sul,4305454,Cidreira,430545409,Costa do Sol,2785
4,Sul,43,Rio Grande do Sul,4305504,Ciríaco,430550405,Ciríaco,3306
4,Sul,43,Rio Grande do Sul,4305504,Ciríaco,430550407,Cruzaltinha,266
4,Sul,43,Rio Grande do Sul,4305504,Ciríaco,430550415,São João Bosco,577
4,Sul,43,Rio Grande do Sul,4305587,Colinas,430558705,Colinas,2423
4,Sul,43,Rio Grande do Sul,4305603,Colorado,430560305,Colorado,2512
4,Sul,43,Rio Grande do Sul,4305603,Colorado,430560310,Vista Alegre,746
4,Sul,43,Rio Grande do Sul,4305702,Condor,430570205,Condor,6406
4,Sul,43,Rio Grande do Sul,4305801,Constantina,430580105,Constantina,8970
4,Sul,43,Rio Grande do Sul,4305801,Constantina,430580106,Barra Curta Baixa,263
4,Sul,43,Rio Grande do Sul,4305801,Constantina,430580107,Capinzal,569
4,Sul,43,Rio Grande do Sul,4305801,Constantina,430580114,São Marcos Baixo,583
4,Sul,43,Rio Grande do Sul,4305835,Coqueiro Baixo,430583505,Coqueiro Baixo,1168
4,Sul,43,Rio Grande do Sul,4305835,Coqueiro Baixo,430583510,Arroio da Laje,122
4,Sul,43,Rio Grande do Sul,4305850,Coqueiros do Sul,430585005,Coqueiros do Sul,809
4,Sul,43,Rio Grande do Sul,4305850,Coqueiros do Sul,430585015,Igrejinha,609
4,Sul,43,Rio Grande do Sul,4305850,Coqueiros do Sul,430585020,Rio Bonito,167
4,Sul,43,Rio Grande do Sul,4305850,Coqueiros do Sul,430585022,Serra do Pontão,220
4,Sul,43,Rio Grande do Sul,4305850,Coqueiros do Sul,430585025,Xadrez,406
4,Sul,43,Rio Grande do Sul,4305871,Coronel Barros,430587105,Coronel Barros,2750
4,Sul,43,Rio Grande do Sul,4305871,Coronel Barros,430587110,Linha 8,72
4,Sul,43,Rio Grande do Sul,4305900,Coronel Bicaco,430590005,Coronel Bicaco,5537
4,Sul,43,Rio Grande do Sul,4305900,Coronel Bicaco,430590010,Antônio Kerpel,38
4,Sul,43,Rio Grande do Sul,4305900,Coronel Bicaco,430590015,Campo Santo,394
4,Sul,43,Rio Grande do Sul,4305900,Coronel Bicaco,430590020,Turvinho,175
4,Sul,43,Rio Grande do Sul,4305934,Coronel Pilar,430593405,Coronel Pilar,1607
4,Sul,43,Rio Grande do Sul,4305959,Cotiporã,430595905,Cotiporã,3305
4,Sul,43,Rio Grande do Sul,4305959,Cotiporã,430595910,Lageado Bonito,541
4,Sul,43,Rio Grande do Sul,4305975,Coxilha,430597505,Coxilha,2667
4,Sul,43,Rio Grande do Sul,4306007,Crissiumal,430600705,Crissiumal,10329
4,Sul,43,Rio Grande do Sul,4306007,Crissiumal,430600710,Esquina Gaúcha,998
4,Sul,43,Rio Grande do Sul,4306007,Crissiumal,430600715,Lajeado Grande,356
4,Sul,43,Rio Grande do Sul,4306007,Crissiumal,430600720,Planalto,509
4,Sul,43,Rio Grande do Sul,4306007,Crissiumal,430600730,Vista Nova,694
4,Sul,43,Rio Grande do Sul,4306056,Cristal,430605605,Cristal,4193
4,Sul,43,Rio Grande do Sul,4306056,Cristal,430605610,Bom Será,1186
4,Sul,43,Rio Grande do Sul,4306056,Cristal,430605615,Cordeiro,1417
4,Sul,43,Rio Grande do Sul,4306056,Cristal,430605625,Passo do Mendonça,503
4,Sul,43,Rio Grande do Sul,4306072,Cristal do Sul,430607205,Cristal do Sul,2692
4,Sul,43,Rio Grande do Sul,4306106,Cruz Alta,430610605,Cruz Alta,58429
4,Sul,43,Rio Grande do Sul,4306106,Cruz Alta,430610613,Colônia São João,484
4,Sul,43,Rio Grande do Sul,4306130,Cruzaltense,430613005,Cruzaltense,1635
4,Sul,43,Rio Grande do Sul,4306205,Cruzeiro do Sul,430620505,Cruzeiro do Sul,11600
4,Sul,43,Rio Grande do Sul,4306304,David Canabarro,430630405,David Canabarro,4321
4,Sul,43,Rio Grande do Sul,4306320,Derrubadas,430632005,Derrubadas,2751
4,Sul,43,Rio Grande do Sul,4306353,Dezesseis de Novembro,430635305,Dezesseis de Novembro,2507
4,Sul,43,Rio Grande do Sul,4306379,Dilermando de Aguiar,430637905,Dilermando de Aguiar,2806
4,Sul,43,Rio Grande do Sul,4306403,Dois Irmãos,430640305,Dois Irmãos,30709
4,Sul,43,Rio Grande do Sul,4306429,Dois Irmãos das Missões,430642905,Dois Irmãos das Missões,2090
4,Sul,43,Rio Grande do Sul,4306452,Dois Lajeados,430645205,Dois Lajeados,3097
4,Sul,43,Rio Grande do Sul,4306502,Dom Feliciano,430650205,Dom Feliciano,13051
4,Sul,43,Rio Grande do Sul,4306551,Dom Pedro de Alcântara,430655105,Dom Pedro de Alcântara,853
4,Sul,43,Rio Grande do Sul,4306551,Dom Pedro de Alcântara,430655110,Arroio dos Mengues,465
4,Sul,43,Rio Grande do Sul,4306551,Dom Pedro de Alcântara,430655115,Morro dos Leffas,533
4,Sul,43,Rio Grande do Sul,4306551,Dom Pedro de Alcântara,430655120,Porto Colônia,711
4,Sul,43,Rio Grande do Sul,4306601,Dom Pedrito,430660105,Dom Pedrito,36350
4,Sul,43,Rio Grande do Sul,4306601,Dom Pedrito,430660110,Torquato Severo,631
4,Sul,43,Rio Grande do Sul,4306700,Dona Francisca,430670005,Dona Francisca,3079
4,Sul,43,Rio Grande do Sul,4306734,Doutor Maurício Cardoso,430673405,Doutor Maurício Cardoso,3230
4,Sul,43,Rio Grande do Sul,4306734,Doutor Maurício Cardoso,430673415,Pitanga,485
4,Sul,43,Rio Grande do Sul,4306734,Doutor Maurício Cardoso,430673420,Pranchada,755
4,Sul,43,Rio Grande do Sul,4306759,Doutor Ricardo,430675905,Doutor Ricardo,1888
4,Sul,43,Rio Grande do Sul,4306767,Eldorado do Sul,430676705,Eldorado do Sul,32246
4,Sul,43,Rio Grande do Sul,4306767,Eldorado do Sul,430676710,Bom Retiro,863
4,Sul,43,Rio Grande do Sul,4306767,Eldorado do Sul,430676715,Parque Eldorado,6450
4,Sul,43,Rio Grande do Sul,4306809,Encantado,430680905,Encantado,21950
4,Sul,43,Rio Grande do Sul,4306809,Encantado,430680925,Valdástico,1012
4,Sul,43,Rio Grande do Sul,4306908,Encruzilhada do Sul,430690805,Encruzilhada do Sul,17561
4,Sul,43,Rio Grande do Sul,4306908,Encruzilhada do Sul,430690809,Capitão Noronha,786
4,Sul,43,Rio Grande do Sul,4306908,Encruzilhada do Sul,430690815,Cerro Partido,1576
4,Sul,43,Rio Grande do Sul,4306908,Encruzilhada do Sul,430690820,Coronel Prestes,1148
4,Sul,43,Rio Grande do Sul,4306908,Encruzilhada do Sul,430690825,Maria Santa,914
4,Sul,43,Rio Grande do Sul,4306908,Encruzilhada do Sul,430690830,Pompeu Machado,815
4,Sul,43,Rio Grande do Sul,4306908,Encruzilhada do Sul,430690835,Santa Bárbara,1019
4,Sul,43,Rio Grande do Sul,4306924,Engenho Velho,430692405,Engenho Velho,1296
4,Sul,43,Rio Grande do Sul,4306932,Entre-Ijuís,430693205,Entre-Ijuís,9158
4,Sul,43,Rio Grande do Sul,4306957,Entre Rios do Sul,430695705,Entre Rios do Sul,2685
4,Sul,43,Rio Grande do Sul,4306973,Erebango,430697305,Erebango,3054
4,Sul,43,Rio Grande do Sul,4307005,Erechim,430700505,Erechim,104327
4,Sul,43,Rio Grande do Sul,4307005,Erechim,430700510,Capo-Erê,936
4,Sul,43,Rio Grande do Sul,4307005,Erechim,430700515,Jaguaretê,442
4,Sul,43,Rio Grande do Sul,4307054,Ernestina,430705405,Ernestina,3034
4,Sul,43,Rio Grande do Sul,4307104,Herval,430710405,Herval,4332
4,Sul,43,Rio Grande do Sul,4307104,Herval,430710410,Basílio,545
4,Sul,43,Rio Grande do Sul,4307104,Herval,430710415,Bote,407
4,Sul,43,Rio Grande do Sul,4307104,Herval,430710420,Cerro Chato,448
4,Sul,43,Rio Grande do Sul,4307104,Herval,430710425,Coxilha do Lageado,134
4,Sul,43,Rio Grande do Sul,4307104,Herval,430710430,Jaguarão Chico,139
4,Sul,43,Rio Grande do Sul,4307104,Herval,430710435,Mingote,186
4,Sul,43,Rio Grande do Sul,4307203,Erval Grande,430720305,Erval Grande,3875
4,Sul,43,Rio Grande do Sul,4307203,Erval Grande,430720310,Goio-Êm,168
4,Sul,43,Rio Grande do Sul,4307203,Erval Grande,430720315,Pinhalzinho,327
4,Sul,43,Rio Grande do Sul,4307203,Erval Grande,430720320,Santana,153
4,Sul,43,Rio Grande do Sul,4307203,Erval Grande,430720325,Sete de Setembro,407
4,Sul,43,Rio Grande do Sul,4307302,Erval Seco,430730205,Erval Seco,3942
4,Sul,43,Rio Grande do Sul,4307302,Erval Seco,430730210,Arco Íris,297
4,Sul,43,Rio Grande do Sul,4307302,Erval Seco,430730212,Capivara,199
4,Sul,43,Rio Grande do Sul,4307302,Erval Seco,430730215,Coronel Finzito,774
4,Sul,43,Rio Grande do Sul,4307302,Erval Seco,430730222,Fortaleza,276
4,Sul,43,Rio Grande do Sul,4307302,Erval Seco,430730225,São Bom Jesus,505
4,Sul,43,Rio Grande do Sul,4307302,Erval Seco,430730240,Vista Gaúcha,794
4,Sul,43,Rio Grande do Sul,4307401,Esmeralda,430740105,Esmeralda,3035
4,Sul,43,Rio Grande do Sul,4307401,Esmeralda,430740110,São Sebastião,160
4,Sul,43,Rio Grande do Sul,4307450,Esperança do Sul,430745005,Esperança do Sul,1588
4,Sul,43,Rio Grande do Sul,4307450,Esperança do Sul,430745007,Açoita Cavalo,159
4,Sul,43,Rio Grande do Sul,4307450,Esperança do Sul,430745008,Bom Jardim,263
4,Sul,43,Rio Grande do Sul,4307450,Esperança do Sul,430745010,Lara,392
4,Sul,43,Rio Grande do Sul,4307450,Esperança do Sul,430745020,Ismael,824
4,Sul,43,Rio Grande do Sul,4307500,Espumoso,430750005,Espumoso,12928
4,Sul,43,Rio Grande do Sul,4307500,Espumoso,430750015,Avelino Paranhos,684
4,Sul,43,Rio Grande do Sul,4307500,Espumoso,430750020,Campina Redonda,411
4,Sul,43,Rio Grande do Sul,4307500,Espumoso,430750030,Depósito,740
4,Sul,43,Rio Grande do Sul,4307500,Espumoso,430750050,Volta Alegre,410
4,Sul,43,Rio Grande do Sul,4307559,Estação,430755905,Estação,5582
4,Sul,43,Rio Grande do Sul,4307609,Estância Velha,430760905,Estância Velha,47924
4,Sul,43,Rio Grande do Sul,4307708,Esteio,430770805,Esteio,76137
4,Sul,43,Rio Grande do Sul,4307807,Estrela,430780705,Estrela,26393
4,Sul,43,Rio Grande do Sul,4307807,Estrela,430780723,Costão,1253
4,Sul,43,Rio Grande do Sul,4307807,Estrela,430780726,Novo Paraíso,2260
4,Sul,43,Rio Grande do Sul,4307807,Estrela,430780727,Delfina,1588
4,Sul,43,Rio Grande do Sul,4307807,Estrela,430780735,Glória,689
4,Sul,43,Rio Grande do Sul,4307815,Estrela Velha,430781505,Estrela Velha,1451
4,Sul,43,Rio Grande do Sul,4307815,Estrela Velha,430781510,Itaúba,848
4,Sul,43,Rio Grande do Sul,4307815,Estrela Velha,430781515,Rincão da Estrela,404
4,Sul,43,Rio Grande do Sul,4307815,Estrela Velha,430781520,São Luiz,367
4,Sul,43,Rio Grande do Sul,4307831,Eugênio de Castro,430783105,Eugênio de Castro,2633
4,Sul,43,Rio Grande do Sul,4307864,Fagundes Varela,430786405,Fagundes Varela,2566
4,Sul,43,Rio Grande do Sul,4307906,Farroupilha,430790605,Farroupilha,60376
4,Sul,43,Rio Grande do Sul,4307906,Farroupilha,430790610,Jansen,2058
4,Sul,43,Rio Grande do Sul,4307906,Farroupilha,430790615,Nova Milano,2024
4,Sul,43,Rio Grande do Sul,4307906,Farroupilha,430790620,Nova Sardenha,5828
4,Sul,43,Rio Grande do Sul,4308003,Faxinal do Soturno,430800305,Faxinal do Soturno,6702
4,Sul,43,Rio Grande do Sul,4308052,Faxinalzinho,430805205,Faxinalzinho,1683
4,Sul,43,Rio Grande do Sul,4308052,Faxinalzinho,430805210,Coxilhão,148
4,Sul,43,Rio Grande do Sul,4308052,Faxinalzinho,430805215,Votouro,445
4,Sul,43,Rio Grande do Sul,4308052,Faxinalzinho,430805220,Faxinal Grande,224
4,Sul,43,Rio Grande do Sul,4308052,Faxinalzinho,430805225,Nossa Senhora dos Navegantes,20
4,Sul,43,Rio Grande do Sul,4308078,Fazenda Vilanova,430807805,Fazenda Vilanova,4291
4,Sul,43,Rio Grande do Sul,4308102,Feliz,430810205,Feliz,13764
4,Sul,43,Rio Grande do Sul,4308201,Flores da Cunha,430820105,Flores da Cunha,28589
4,Sul,43,Rio Grande do Sul,4308201,Flores da Cunha,430820108,Mato Perso,613
4,Sul,43,Rio Grande do Sul,4308201,Flores da Cunha,430820115,Otávio Rocha,1690
4,Sul,43,Rio Grande do Sul,4308250,Floriano Peixoto,430825005,Floriano Peixoto,1668
4,Sul,43,Rio Grande do Sul,4308300,Fontoura Xavier,430830005,Fontoura Xavier,7276
4,Sul,43,Rio Grande do Sul,4308300,Fontoura Xavier,430830007,Campo Novo,522
4,Sul,43,Rio Grande do Sul,4308300,Fontoura Xavier,430830010,Gramado São Pedro,681
4,Sul,43,Rio Grande do Sul,4308300,Fontoura Xavier,430830020,Linha Silveira,665
4,Sul,43,Rio Grande do Sul,4308300,Fontoura Xavier,430830035,Três Pinheiros,406
4,Sul,43,Rio Grande do Sul,4308409,Formigueiro,430840905,Formigueiro,6413
4,Sul,43,Rio Grande do Sul,4308433,Forquetinha,430843305,Forquetinha,2393
4,Sul,43,Rio Grande do Sul,4308458,Fortaleza dos Valos,430845805,Fortaleza dos Valos,4041
4,Sul,43,Rio Grande do Sul,4308458,Fortaleza dos Valos,430845815,Fazenda Colorado,436
4,Sul,43,Rio Grande do Sul,4308508,Frederico Westphalen,430850805,Frederico Westphalen,30564
4,Sul,43,Rio Grande do Sul,4308508,Frederico Westphalen,430850810,Castelinho,815
4,Sul,43,Rio Grande do Sul,4308508,Frederico Westphalen,430850815,Osvaldo Cruz,665
4,Sul,43,Rio Grande do Sul,4308508,Frederico Westphalen,430850818,São João do Porto,583
4,Sul,43,Rio Grande do Sul,4308607,Garibaldi,430860705,Garibaldi,33004
4,Sul,43,Rio Grande do Sul,4308607,Garibaldi,430860725,Marcorama,1015
4,Sul,43,Rio Grande do Sul,4308607,Garibaldi,430860728,São José de Costa Real,316
4,Sul,43,Rio Grande do Sul,4308656,Garruchos,430865605,Garruchos,2688
4,Sul,43,Rio Grande do Sul,4308706,Gaurama,430870605,Gaurama,4979
4,Sul,43,Rio Grande do Sul,4308706,Gaurama,430870615,Baliza,686
4,Sul,43,Rio Grande do Sul,4308805,General Câmara,430880505,General Câmara,5102
4,Sul,43,Rio Grande do Sul,4308805,General Câmara,430880508,Boca da Picada,550
4,Sul,43,Rio Grande do Sul,4308805,General Câmara,430880510,Boqueirão,971
4,Sul,43,Rio Grande do Sul,4308805,General Câmara,430880525,Santo Amaro do Sul,989
4,Sul,43,Rio Grande do Sul,4308854,Gentil,430885405,Gentil,1390
4,Sul,43,Rio Grande do Sul,4308854,Gentil,430885410,Campo do Meio,354
4,Sul,43,Rio Grande do Sul,4308904,Getúlio Vargas,430890405,Getúlio Vargas,15192
4,Sul,43,Rio Grande do Sul,4308904,Getúlio Vargas,430890425,Rio Toldo,863
4,Sul,43,Rio Grande do Sul,4308904,Getúlio Vargas,430890430,Souza Ramos,547
4,Sul,43,Rio Grande do Sul,4309001,Giruá,430900105,Giruá,13419
4,Sul,43,Rio Grande do Sul,4309001,Giruá,430900110,Cândido Freire,422
4,Sul,43,Rio Grande do Sul,4309001,Giruá,430900120,Mato Grande,727
4,Sul,43,Rio Grande do Sul,4309001,Giruá,430900122,Quinze de Novembro,405
4,Sul,43,Rio Grande do Sul,4309001,Giruá,430900123,Rincão dos Mellos,276
4,Sul,43,Rio Grande do Sul,4309001,Giruá,430900124,Rincão Maciel,389
4,Sul,43,Rio Grande do Sul,4309001,Giruá,430900126,São Paulo das Tunas,375
4,Sul,43,Rio Grande do Sul,4309050,Glorinha,430905005,Glorinha,4847
4,Sul,43,Rio Grande do Sul,4309050,Glorinha,430905010,Capão Grande,690
4,Sul,43,Rio Grande do Sul,4309050,Glorinha,430905015,Maracanã,1089
4,Sul,43,Rio Grande do Sul,4309050,Glorinha,430905020,Vila Nova,1032
4,Sul,43,Rio Grande do Sul,4309100,Gramado,430910005,Gramado,40134
4,Sul,43,Rio Grande do Sul,4309126,Gramado dos Loureiros,430912605,Gramado dos Loureiros,2014
4,Sul,43,Rio Grande do Sul,4309159,Gramado Xavier,430915905,Gramado Xavier,3304
4,Sul,43,Rio Grande do Sul,4309209,Gravataí,430920905,Gravataí,232525
4,Sul,43,Rio Grande do Sul,4309209,Gravataí,430920915,Barro Vermelho,8159
4,Sul,43,Rio Grande do Sul,4309209,Gravataí,430920930,Ipiranga,6829
4,Sul,43,Rio Grande do Sul,4309209,Gravataí,430920933,Itacolomi,9817
4,Sul,43,Rio Grande do Sul,4309209,Gravataí,430920935,Morungava,7744
4,Sul,43,Rio Grande do Sul,4309258,Guabiju,430925805,Guabiju,1417
4,Sul,43,Rio Grande do Sul,4309308,Guaíba,430930805,Guaíba,92924
4,Sul,43,Rio Grande do Sul,4309407,Guaporé,430940705,Guaporé,23818
4,Sul,43,Rio Grande do Sul,4309407,Guaporé,430940707,Colombo,844
4,Sul,43,Rio Grande do Sul,4309407,Guaporé,430940735,Santo Antônio,606
4,Sul,43,Rio Grande do Sul,4309506,Guarani das Missões,430950605,Guarani das Missões,6028
4,Sul,43,Rio Grande do Sul,4309506,Guarani das Missões,430950609,Linha Harmonia,955
4,Sul,43,Rio Grande do Sul,4309506,Guarani das Missões,430950620,Linha Porto Alegre,432
4,Sul,43,Rio Grande do Sul,4309555,Harmonia,430955505,Harmonia,5378
4,Sul,43,Rio Grande do Sul,4309571,Herveiras,430957105,Herveiras,2565
4,Sul,43,Rio Grande do Sul,4309605,Horizontina,430960505,Horizontina,18030
4,Sul,43,Rio Grande do Sul,4309605,Horizontina,430960510,Cascata,821
4,Sul,43,Rio Grande do Sul,4309654,Hulha Negra,430965405,Hulha Negra,5976
4,Sul,43,Rio Grande do Sul,4309704,Humaitá,430970405,Humaitá,4681
4,Sul,43,Rio Grande do Sul,4309753,Ibarama,430975305,Ibarama,3732
4,Sul,43,Rio Grande do Sul,4309803,Ibiaçá,430980305,Ibiaçá,3856
4,Sul,43,Rio Grande do Sul,4309803,Ibiaçá,430980310,Rio Telha,122
4,Sul,43,Rio Grande do Sul,4309803,Ibiaçá,430980315,Vitória,549
4,Sul,43,Rio Grande do Sul,4309902,Ibiraiaras,430990205,Ibiraiaras,5879
4,Sul,43,Rio Grande do Sul,4309902,Ibiraiaras,430990207,Nossa Senhora da Saúde,114
4,Sul,43,Rio Grande do Sul,4309902,Ibiraiaras,430990209,São Luiz,200
4,Sul,43,Rio Grande do Sul,4309902,Ibiraiaras,430990210,São Sebastião,583
4,Sul,43,Rio Grande do Sul,4309951,Ibirapuitã,430995105,Ibirapuitã,3723
4,Sul,43,Rio Grande do Sul,4310009,Ibirubá,431000905,Ibirubá,20395
4,Sul,43,Rio Grande do Sul,4310009,Ibirubá,431000910,Alfredo Brenner,847
4,Sul,43,Rio Grande do Sul,4310009,Ibirubá,431000920,Santo Antônio do Bom Retiro,341
4,Sul,43,Rio Grande do Sul,4310108,Igrejinha,431010805,Igrejinha,32808
4,Sul,43,Rio Grande do Sul,4310207,Ijuí,431020705,Ijuí,77653
4,Sul,43,Rio Grande do Sul,4310207,Ijuí,431020707,Alto da União,1214
4,Sul,43,Rio Grande do Sul,4310207,Ijuí,431020708,Barreiro,545
4,Sul,43,Rio Grande do Sul,4310207,Ijuí,431020710,Chorão,704
4,Sul,43,Rio Grande do Sul,4310207,Ijuí,431020725,Floresta,537
4,Sul,43,Rio Grande do Sul,4310207,Ijuí,431020727,Itaí,672
4,Sul,43,Rio Grande do Sul,4310207,Ijuí,431020730,Mauá,685
4,Sul,43,Rio Grande do Sul,4310207,Ijuí,431020737,Santana,1375
4,Sul,43,Rio Grande do Sul,4310207,Ijuí,431020740,Santo Antônio,265
4,Sul,43,Rio Grande do Sul,4310207,Ijuí,431020750,Linha 6 Norte,591
4,Sul,43,Rio Grande do Sul,4310207,Ijuí,431020755,Esquina Heidmann,539
4,Sul,43,Rio Grande do Sul,4310306,Ilópolis,431030605,Ilópolis,4157
4,Sul,43,Rio Grande do Sul,4310330,Imbé,431033005,Imbé,26824
4,Sul,43,Rio Grande do Sul,4310363,Imigrante,431036305,Imigrante,3080
4,Sul,43,Rio Grande do Sul,4310405,Independência,431040505,Independência,5321
4,Sul,43,Rio Grande do Sul,4310405,Independência,431040510,Colônia Medeiros,222
4,Sul,43,Rio Grande do Sul,4310405,Independência,431040515,Esquina Araújo,539
4,Sul,43,Rio Grande do Sul,4310405,Independência,431040520,São Valentim,345
4,Sul,43,Rio Grande do Sul,4310413,Inhacorá,431041305,Inhacorá,2014
4,Sul,43,Rio Grande do Sul,4310439,Ipê,431043905,Ipê,4045
4,Sul,43,Rio Grande do Sul,4310439,Ipê,431043920,Vila São Paulo,481
4,Sul,43,Rio Grande do Sul,4310439,Ipê,431043925,Vila Segredo,873
4,Sul,43,Rio Grande do Sul,4310462,Ipiranga do Sul,431046205,Ipiranga do Sul,1720
4,Sul,43,Rio Grande do Sul,4310504,Iraí,431050405,Iraí,7148
4,Sul,43,Rio Grande do Sul,4310504,Iraí,431050430,Vila Salete,334
4,Sul,43,Rio Grande do Sul,4310538,Itaara,431053805,Itaara,5572
4,Sul,43,Rio Grande do Sul,4310553,Itacurubi,431055305,Itacurubi,2995
4,Sul,43,Rio Grande do Sul,4310579,Itapuca,431057905,Itapuca,1937
4,Sul,43,Rio Grande do Sul,4310603,Itaqui,431060305,Itaqui,31899
4,Sul,43,Rio Grande do Sul,4310603,Itaqui,431060312,Ibicuí,1371
4,Sul,43,Rio Grande do Sul,4310603,Itaqui,431060330,Itaó,992
4,Sul,43,Rio Grande do Sul,4310603,Itaqui,431060340,Pintado,542
4,Sul,43,Rio Grande do Sul,4310603,Itaqui,431060345,Tupuraí,964
4,Sul,43,Rio Grande do Sul,4310652,Itati,431065205,Itati,2638
4,Sul,43,Rio Grande do Sul,4310702,Itatiba do Sul,431070205,Itatiba do Sul,2101
4,Sul,43,Rio Grande do Sul,4310702,Itatiba do Sul,431070210,Povoado Tozzo,355
4,Sul,43,Rio Grande do Sul,4310702,Itatiba do Sul,431070215,Saltinho,265
4,Sul,43,Rio Grande do Sul,4310702,Itatiba do Sul,431070220,Sete Lagoas,487
4,Sul,43,Rio Grande do Sul,4310751,Ivorá,431075105,Ivorá,1929
4,Sul,43,Rio Grande do Sul,4310801,Ivoti,431080105,Ivoti,22983
4,Sul,43,Rio Grande do Sul,4310850,Jaboticaba,431085005,Jaboticaba,2936
4,Sul,43,Rio Grande do Sul,4310850,Jaboticaba,431085020,Trentin,843
4,Sul,43,Rio Grande do Sul,4310876,Jacuizinho,431087605,Jacuizinho,2040
4,Sul,43,Rio Grande do Sul,4310900,Jacutinga,431090005,Jacutinga,2979
4,Sul,43,Rio Grande do Sul,4310900,Jacutinga,431090012,Barão Hirsch,359
4,Sul,43,Rio Grande do Sul,4311007,Jaguarão,431100705,Jaguarão,26603
4,Sul,43,Rio Grande do Sul,4311106,Jaguari,431110605,Jaguari,7759
4,Sul,43,Rio Grande do Sul,4311106,Jaguari,431110610,Ijucapirama,1731
4,Sul,43,Rio Grande do Sul,4311106,Jaguari,431110617,Santo Izidro,218
4,Sul,43,Rio Grande do Sul,4311106,Jaguari,431110620,Taquarichim,871
4,Sul,43,Rio Grande do Sul,4311122,Jaquirana,431112205,Jaquirana,3121
4,Sul,43,Rio Grande do Sul,4311122,Jaquirana,431112210,Chapada,569
4,Sul,43,Rio Grande do Sul,4311130,Jari,431113005,Jari,3349
4,Sul,43,Rio Grande do Sul,4311155,Jóia,431115505,Jóia,7184
4,Sul,43,Rio Grande do Sul,4311205,Júlio de Castilhos,431120505,Júlio de Castilhos,16938
4,Sul,43,Rio Grande do Sul,4311205,Júlio de Castilhos,431120525,São João dos Mellos,393
4,Sul,43,Rio Grande do Sul,4311205,Júlio de Castilhos,431120530,Três Mártires,895
4,Sul,43,Rio Grande do Sul,4311239,Lagoa Bonita do Sul,431123905,Lagoa Bonita do Sul,2251
4,Sul,43,Rio Grande do Sul,4311254,Lagoão,431125405,Lagoão,5341
4,Sul,43,Rio Grande do Sul,4311270,Lagoa dos Três Cantos,431127005,Lagoa dos Três Cantos,1449
4,Sul,43,Rio Grande do Sul,4311270,Lagoa dos Três Cantos,431127020,Linha Glória,289
4,Sul,43,Rio Grande do Sul,4311304,Lagoa Vermelha,431130405,Lagoa Vermelha,25454
4,Sul,43,Rio Grande do Sul,4311304,Lagoa Vermelha,431130408,Boqueirão,410
4,Sul,43,Rio Grande do Sul,4311304,Lagoa Vermelha,431130411,Campinas,404
4,Sul,43,Rio Grande do Sul,4311304,Lagoa Vermelha,431130414,Capão do Cedro,195
4,Sul,43,Rio Grande do Sul,4311304,Lagoa Vermelha,431130425,Clemente Argolo,338
4,Sul,43,Rio Grande do Sul,4311304,Lagoa Vermelha,431130427,Nossa Senhora de Fátima,235
4,Sul,43,Rio Grande do Sul,4311304,Lagoa Vermelha,431130430,Santa Luzia,436
4,Sul,43,Rio Grande do Sul,4311304,Lagoa Vermelha,431130435,Tupinambá,187
4,Sul,43,Rio Grande do Sul,4311403,Lajeado,431140305,Lajeado,93646
4,Sul,43,Rio Grande do Sul,4311429,Lajeado do Bugre,431142905,Lajeado do Bugre,2601
4,Sul,43,Rio Grande do Sul,4311502,Lavras do Sul,431150205,Lavras do Sul,6470
4,Sul,43,Rio Grande do Sul,4311502,Lavras do Sul,431150210,Ibaré,687
4,Sul,43,Rio Grande do Sul,4311601,Liberato Salzano,431160105,Liberato Salzano,3737
4,Sul,43,Rio Grande do Sul,4311601,Liberato Salzano,431160110,Pinhalzinho,1044
4,Sul,43,Rio Grande do Sul,4311627,Lindolfo Collor,431162705,Lindolfo Collor,6248
4,Sul,43,Rio Grande do Sul,4311643,Linha Nova,431164305,Linha Nova,1683
4,Sul,43,Rio Grande do Sul,4311700,Machadinho,431170005,Machadinho,5246
4,Sul,43,Rio Grande do Sul,4311700,Machadinho,431170010,Bela Vista,489
4,Sul,43,Rio Grande do Sul,4311718,Maçambará,431171805,Maçambará,2387
4,Sul,43,Rio Grande do Sul,4311718,Maçambará,431171810,Bororé,937
4,Sul,43,Rio Grande do Sul,4311718,Maçambará,431171815,Encruzilhada,293
4,Sul,43,Rio Grande do Sul,4311718,Maçambará,431171820,Passo do Goulart,808
4,Sul,43,Rio Grande do Sul,4311734,Mampituba,431173405,Mampituba,1394
4,Sul,43,Rio Grande do Sul,4311734,Mampituba,431173410,Rio de Dentro,862
4,Sul,43,Rio Grande do Sul,4311734,Mampituba,431173415,Roça da Estância,875
4,Sul,43,Rio Grande do Sul,4311759,Manoel Viana,431175905,Manoel Viana,5376
4,Sul,43,Rio Grande do Sul,4311759,Manoel Viana,431175910,Barragem do Itú,638
4,Sul,43,Rio Grande do Sul,4311759,Manoel Viana,431175920,Pirajú,787
4,Sul,43,Rio Grande do Sul,4311775,Maquiné,431177505,Maquiné,4435
4,Sul,43,Rio Grande do Sul,4311775,Maquiné,431177510,Barra do Ouro,1402
4,Sul,43,Rio Grande do Sul,4311775,Maquiné,431177515,Morro Alto,1581
4,Sul,43,Rio Grande do Sul,4311791,Maratá,431179105,Maratá,1295
4,Sul,43,Rio Grande do Sul,4311791,Maratá,431179115,Esperança,406
4,Sul,43,Rio Grande do Sul,4311791,Maratá,431179120,Macega,398
4,Sul,43,Rio Grande do Sul,4311791,Maratá,431179125,São Pedro do Maratá,371
4,Sul,43,Rio Grande do Sul,4311809,Marau,431180905,Marau,43240
4,Sul,43,Rio Grande do Sul,4311809,Marau,431180909,Laranjeira,613
4,Sul,43,Rio Grande do Sul,4311809,Marau,431180917,Veado Pardo,688
4,Sul,43,Rio Grande do Sul,4311809,Marau,431180935,São Miguel,583
4,Sul,43,Rio Grande do Sul,4311908,Marcelino Ramos,431190805,Marcelino Ramos,2810
4,Sul,43,Rio Grande do Sul,4311908,Marcelino Ramos,431190810,Coronel Teixeira,1029
4,Sul,43,Rio Grande do Sul,4311908,Marcelino Ramos,431190820,Pinhalzinho,481
4,Sul,43,Rio Grande do Sul,4311981,Mariana Pimentel,431198105,Mariana Pimentel,3916
4,Sul,43,Rio Grande do Sul,4312005,Mariano Moro,431200505,Mariano Moro,1858
4,Sul,43,Rio Grande do Sul,4312054,Marques de Souza,431205405,Marques de Souza,2828
4,Sul,43,Rio Grande do Sul,4312054,Marques de Souza,431205410,Bela Vista do Fão,424
4,Sul,43,Rio Grande do Sul,4312054,Marques de Souza,431205415,Tamanduá,717
4,Sul,43,Rio Grande do Sul,4312104,Mata,431210405,Mata,4070
4,Sul,43,Rio Grande do Sul,4312104,Mata,431210410,Clara,628
4,Sul,43,Rio Grande do Sul,4312138,Mato Castelhano,431213805,Mato Castelhano,2383
4,Sul,43,Rio Grande do Sul,4312138,Mato Castelhano,431213810,Capingui,170
4,Sul,43,Rio Grande do Sul,4312153,Mato Leitão,431215305,Mato Leitão,2303
4,Sul,43,Rio Grande do Sul,4312153,Mato Leitão,431215315,Arroio Bonito,404
4,Sul,43,Rio Grande do Sul,4312153,Mato Leitão,431215340,Sampaio,323
4,Sul,43,Rio Grande do Sul,4312153,Mato Leitão,431215345,Santo Antônio,1829
4,Sul,43,Rio Grande do Sul,4312179,Mato Queimado,431217905,Mato Queimado,1795
4,Sul,43,Rio Grande do Sul,4312203,Maximiliano de Almeida,431220305,Maximiliano de Almeida,4191
4,Sul,43,Rio Grande do Sul,4312252,Minas do Leão,431225205,Minas do Leão,7505
4,Sul,43,Rio Grande do Sul,4312302,Miraguaí,431230205,Miraguaí,2758
4,Sul,43,Rio Grande do Sul,4312302,Miraguaí,431230210,Sítio Gabriel,461
4,Sul,43,Rio Grande do Sul,4312302,Miraguaí,431230215,Tronqueiras,1208
4,Sul,43,Rio Grande do Sul,4312351,Montauri,431235105,Montauri,1499
4,Sul,43,Rio Grande do Sul,4312377,Monte Alegre dos Campos,431237705,Monte Alegre dos Campos,487
4,Sul,43,Rio Grande do Sul,4312377,Monte Alegre dos Campos,431237710,Capela da Luz,348
4,Sul,43,Rio Grande do Sul,4312377,Monte Alegre dos Campos,431237715,Carmo,244
4,Sul,43,Rio Grande do Sul,4312377,Monte Alegre dos Campos,431237720,Enxovia,389
4,Sul,43,Rio Grande do Sul,4312377,Monte Alegre dos Campos,431237725,Passo do Carro,657
4,Sul,43,Rio Grande do Sul,4312377,Monte Alegre dos Campos,431237730,Ranchinho,244
4,Sul,43,Rio Grande do Sul,4312377,Monte Alegre dos Campos,431237735,Santo Antonio,149
4,Sul,43,Rio Grande do Sul,4312377,Monte Alegre dos Campos,431237738,São Francisco,296
4,Sul,43,Rio Grande do Sul,4312377,Monte Alegre dos Campos,431237740,São José,132
4,Sul,43,Rio Grande do Sul,4312377,Monte Alegre dos Campos,431237745,São Judas,184
4,Sul,43,Rio Grande do Sul,4312377,Monte Alegre dos Campos,431237750,Saúde,50
4,Sul,43,Rio Grande do Sul,4312385,Monte Belo do Sul,431238505,Monte Belo do Sul,2557
4,Sul,43,Rio Grande do Sul,4312401,Montenegro,431240105,Montenegro,55913
4,Sul,43,Rio Grande do Sul,4312401,Montenegro,431240113,Costa da Serra,1820
4,Sul,43,Rio Grande do Sul,4312401,Montenegro,431240118,Fortaleza,935
4,Sul,43,Rio Grande do Sul,4312401,Montenegro,431240127,Pesqueiro,2212
4,Sul,43,Rio Grande do Sul,4312401,Montenegro,431240135,Santos Reis,1434
4,Sul,43,Rio Grande do Sul,4312401,Montenegro,431240140,Vendinha,2008
4,Sul,43,Rio Grande do Sul,4312427,Mormaço,431242705,Mormaço,2756
4,Sul,43,Rio Grande do Sul,4312443,Morrinhos do Sul,431244305,Morrinhos do Sul,1326
4,Sul,43,Rio Grande do Sul,4312443,Morrinhos do Sul,431244310,Costão,420
4,Sul,43,Rio Grande do Sul,4312443,Morrinhos do Sul,431244315,Morro de Dentro,271
4,Sul,43,Rio Grande do Sul,4312443,Morrinhos do Sul,431244320,Morro do Forno,1054
4,Sul,43,Rio Grande do Sul,4312450,Morro Redondo,431245005,Morro Redondo,6046
4,Sul,43,Rio Grande do Sul,4312476,Morro Reuter,431247605,Morro Reuter,6029
4,Sul,43,Rio Grande do Sul,4312500,Mostardas,431250005,Mostardas,8056
4,Sul,43,Rio Grande do Sul,4312500,Mostardas,431250010,Doutor Edgardo Pereira Velho,2348
4,Sul,43,Rio Grande do Sul,4312500,Mostardas,431250013,Rincão do Cristóvão Pereira,251
4,Sul,43,Rio Grande do Sul,4312500,Mostardas,431250015,São Simão,1435
4,Sul,43,Rio Grande do Sul,4312609,Muçum,431260905,Muçum,4601
4,Sul,43,Rio Grande do Sul,4312617,Muitos Capões,431261705,Muitos Capões,1574
4,Sul,43,Rio Grande do Sul,4312617,Muitos Capões,431261710,Bom Retiro,204
4,Sul,43,Rio Grande do Sul,4312617,Muitos Capões,431261715,Capão Grande,299
4,Sul,43,Rio Grande do Sul,4312617,Muitos Capões,431261720,Encruzilhada São Sebastião,51
4,Sul,43,Rio Grande do Sul,4312617,Muitos Capões,431261725,Fazenda Laranjeiras,260
4,Sul,43,Rio Grande do Sul,4312617,Muitos Capões,431261735,Morro Grande,115
4,Sul,43,Rio Grande do Sul,4312617,Muitos Capões,431261745,Santa Rita,60
4,Sul,43,Rio Grande do Sul,4312617,Muitos Capões,431261750,Várzea dos Antunes,194
4,Sul,43,Rio Grande do Sul,4312617,Muitos Capões,431261755,Vila Ituim,122
4,Sul,43,Rio Grande do Sul,4312625,Muliterno,431262505,Muliterno,1721
4,Sul,43,Rio Grande do Sul,4312658,Não-Me-Toque,431265805,Não-Me-Toque,17406
4,Sul,43,Rio Grande do Sul,4312658,Não-Me-Toque,431265815,São José do Centro,492
4,Sul,43,Rio Grande do Sul,4312674,Nicolau Vergueiro,431267405,Nicolau Vergueiro,1932
4,Sul,43,Rio Grande do Sul,4312708,Nonoai,431270805,Nonoai,13719
4,Sul,43,Rio Grande do Sul,4312757,Nova Alvorada,431275705,Nova Alvorada,2652
4,Sul,43,Rio Grande do Sul,4312757,Nova Alvorada,431275715,General Cadorna,511
4,Sul,43,Rio Grande do Sul,4312807,Nova Araçá,431280705,Nova Araçá,4954
4,Sul,43,Rio Grande do Sul,4312906,Nova Bassano,431290605,Nova Bassano,9649
4,Sul,43,Rio Grande do Sul,4312955,Nova Boa Vista,431295505,Nova Boa Vista,2042
4,Sul,43,Rio Grande do Sul,4313003,Nova Bréscia,431300305,Nova Bréscia,3044
4,Sul,43,Rio Grande do Sul,4313011,Nova Candelária,431301105,Nova Candelária,3061
4,Sul,43,Rio Grande do Sul,4313037,Nova Esperança do Sul,431303705,Nova Esperança do Sul,4865
4,Sul,43,Rio Grande do Sul,4313060,Nova Hartz,431306005,Nova Hartz,20088
4,Sul,43,Rio Grande do Sul,4313086,Nova Pádua,431308605,Nova Pádua,2343
4,Sul,43,Rio Grande do Sul,4313102,Nova Palma,431310205,Nova Palma,4767
4,Sul,43,Rio Grande do Sul,4313102,Nova Palma,431310210,Canhemborá,381
4,Sul,43,Rio Grande do Sul,4313102,Nova Palma,431310215,Vila Cruz,438
4,Sul,43,Rio Grande do Sul,4313201,Nova Petrópolis,431320105,Nova Petrópolis,16267
4,Sul,43,Rio Grande do Sul,4313201,Nova Petrópolis,431320107,Dos Boêmios,4284
4,Sul,43,Rio Grande do Sul,4313201,Nova Petrópolis,431320115,Pinhal Alto,1778
4,Sul,43,Rio Grande do Sul,4313201,Nova Petrópolis,431320120,Vale do Rio Caí,971
4,Sul,43,Rio Grande do Sul,4313300,Nova Prata,431330005,Nova Prata,25692
4,Sul,43,Rio Grande do Sul,4313334,Nova Ramada,431333405,Nova Ramada,2163
4,Sul,43,Rio Grande do Sul,4313359,Nova Roma do Sul,431335905,Nova Roma do Sul,3466
4,Sul,43,Rio Grande do Sul,4313375,Nova Santa Rita,431337505,Nova Santa Rita,29024
4,Sul,43,Rio Grande do Sul,4313391,Novo Cabrais,431339105,Novo Cabrais,3568
4,Sul,43,Rio Grande do Sul,4313409,Novo Hamburgo,431340905,Novo Hamburgo,227646
4,Sul,43,Rio Grande do Sul,4313425,Novo Machado,431342505,Novo Machado,1811
4,Sul,43,Rio Grande do Sul,4313425,Novo Machado,431342515,Pratos,1387
4,Sul,43,Rio Grande do Sul,4313441,Novo Tiradentes,431344105,Novo Tiradentes,2146
4,Sul,43,Rio Grande do Sul,4313466,Novo Xingu,431346605,Novo Xingu,1646
4,Sul,43,Rio Grande do Sul,4313490,Novo Barreiro,431349005,Novo Barreiro,4272
4,Sul,43,Rio Grande do Sul,4313508,Osório,431350805,Osório,39595
4,Sul,43,Rio Grande do Sul,4313508,Osório,431350811,Aguapés,1252
4,Sul,43,Rio Grande do Sul,4313508,Osório,431350827,Atlântida-Sul,3506
4,Sul,43,Rio Grande do Sul,4313508,Osório,431350828,Borussia,1396
4,Sul,43,Rio Grande do Sul,4313508,Osório,431350835,Passinhos,744
4,Sul,43,Rio Grande do Sul,4313508,Osório,431350845,Santa Luzia,903
4,Sul,43,Rio Grande do Sul,4313607,Paim Filho,431360705,Paim Filho,3629
4,Sul,43,Rio Grande do Sul,4313656,Palmares do Sul,431365605,Palmares do Sul,4063
4,Sul,43,Rio Grande do Sul,4313656,Palmares do Sul,431365615,Bacupari,789
4,Sul,43,Rio Grande do Sul,4313656,Palmares do Sul,431365616,Butiatuva,277
4,Sul,43,Rio Grande do Sul,4313656,Palmares do Sul,431365617,Casa Velha,121
4,Sul,43,Rio Grande do Sul,4313656,Palmares do Sul,431365620,Granja Getúlio Vargas,1550
4,Sul,43,Rio Grande do Sul,4313656,Palmares do Sul,431365625,Frei Sebastião,610
4,Sul,43,Rio Grande do Sul,4313656,Palmares do Sul,431365630,Quintão,5434
4,Sul,43,Rio Grande do Sul,4313706,Palmeira das Missões,431370605,Palmeira das Missões,31130
4,Sul,43,Rio Grande do Sul,4313706,Palmeira das Missões,431370617,Quebrado,284
4,Sul,43,Rio Grande do Sul,4313706,Palmeira das Missões,431370642,Santa Rosa,536
4,Sul,43,Rio Grande do Sul,4313706,Palmeira das Missões,431370645,Santa Teresinha,657
4,Sul,43,Rio Grande do Sul,4313706,Palmeira das Missões,431370652,São Bento,609
4,Sul,43,Rio Grande do Sul,4313805,Palmitinho,431380505,Palmitinho,7839
4,Sul,43,Rio Grande do Sul,4313904,Panambi,431390405,Panambi,43515
4,Sul,43,Rio Grande do Sul,4313953,Pantano Grande,431395305,Pantano Grande,8221
4,Sul,43,Rio Grande do Sul,4313953,Pantano Grande,431395310,Aroeiras,416
4,Sul,43,Rio Grande do Sul,4313953,Pantano Grande,431395320,Monte Castelo,881
4,Sul,43,Rio Grande do Sul,4313953,Pantano Grande,431395330,Várzea,694
4,Sul,43,Rio Grande do Sul,4314001,Paraí,431400105,Paraí,7194
4,Sul,43,Rio Grande do Sul,4314027,Paraíso do Sul,431402705,Paraíso do Sul,6519
4,Sul,43,Rio Grande do Sul,4314035,Pareci Novo,431403505,Pareci Novo,4319
4,Sul,43,Rio Grande do Sul,4314050,Parobé,431405005,Parobé,49575
4,Sul,43,Rio Grande do Sul,4314050,Parobé,431405012,Poço Fundo,669
4,Sul,43,Rio Grande do Sul,4314050,Parobé,431405015,Santa Cristina,1814
4,Sul,43,Rio Grande do Sul,4314068,Passa Sete,431406805,Passa Sete,1418
4,Sul,43,Rio Grande do Sul,4314068,Passa Sete,431406810,Campo de Sobradinho,1008
4,Sul,43,Rio Grande do Sul,4314068,Passa Sete,431406820,Murta,921
4,Sul,43,Rio Grande do Sul,4314068,Passa Sete,431406830,Pitingal,636
4,Sul,43,Rio Grande do Sul,4314076,Passo do Sobrado,431407605,Passo do Sobrado,6025
4,Sul,43,Rio Grande do Sul,4314100,Passo Fundo,431410005,Passo Fundo,201946
4,Sul,43,Rio Grande do Sul,4314100,Passo Fundo,431410010,Bela Vista,581
4,Sul,43,Rio Grande do Sul,4314100,Passo Fundo,431410017,Bom Recreio,1105
4,Sul,43,Rio Grande do Sul,4314100,Passo Fundo,431410035,Pulador,383
4,Sul,43,Rio Grande do Sul,4314100,Passo Fundo,431410040,São Roque,1375
4,Sul,43,Rio Grande do Sul,4314100,Passo Fundo,431410045,Sede Independência,392
4,Sul,43,Rio Grande do Sul,4314100,Passo Fundo,431410050,Santo Antônio do Capinzal,433
4,Sul,43,Rio Grande do Sul,4314134,Paulo Bento,431413405,Paulo Bento,2144
4,Sul,43,Rio Grande do Sul,4314159,Paverama,431415905,Paverama,6657
4,Sul,43,Rio Grande do Sul,4314159,Paverama,431415915,Fazenda São José,1260
4,Sul,43,Rio Grande do Sul,4314159,Paverama,431415920,Bom Jardim,61
4,Sul,43,Rio Grande do Sul,4314175,Pedras Altas,431417505,Pedras Altas,968
4,Sul,43,Rio Grande do Sul,4314175,Pedras Altas,431417510,Arroio Mau,512
4,Sul,43,Rio Grande do Sul,4314175,Pedras Altas,431417515,Cerro do Baú,38
4,Sul,43,Rio Grande do Sul,4314175,Pedras Altas,431417525,São Diogo,543
4,Sul,43,Rio Grande do Sul,4314209,Pedro Osório,431420905,Pedro Osório,6951
4,Sul,43,Rio Grande do Sul,4314209,Pedro Osório,431420920,Matarazzo,533
4,Sul,43,Rio Grande do Sul,4314308,Pejuçara,431430805,Pejuçara,3745
4,Sul,43,Rio Grande do Sul,4314407,Pelotas,431440705,Pelotas,305656
4,Sul,43,Rio Grande do Sul,4314407,Pelotas,431440720,Cascata,2804
4,Sul,43,Rio Grande do Sul,4314407,Pelotas,431440725,Cerrito Alegre,2690
4,Sul,43,Rio Grande do Sul,4314407,Pelotas,431440727,Z/3,3374
4,Sul,43,Rio Grande do Sul,4314407,Pelotas,431440735,Monte Bonito,2883
4,Sul,43,Rio Grande do Sul,4314407,Pelotas,431440742,Rincão da Cruz,1891
4,Sul,43,Rio Grande do Sul,4314407,Pelotas,431440745,Quilombo,2224
4,Sul,43,Rio Grande do Sul,4314407,Pelotas,431440750,Santa Silvana,2078
4,Sul,43,Rio Grande do Sul,4314407,Pelotas,431440760,Triunfo,2085
4,Sul,43,Rio Grande do Sul,4314423,Picada Café,431442305,Picada Café,5351
4,Sul,43,Rio Grande do Sul,4314456,Pinhal,431445605,Pinhal,2959
4,Sul,43,Rio Grande do Sul,4314464,Pinhal da Serra,431446405,Pinhal da Serra,2248
4,Sul,43,Rio Grande do Sul,4314472,Pinhal Grande,431447205,Pinhal Grande,3474
4,Sul,43,Rio Grande do Sul,4314472,Pinhal Grande,431447220,Rincão do Appel,331
4,Sul,43,Rio Grande do Sul,4314498,Pinheirinho do Vale,431449805,Pinheirinho do Vale,4540
4,Sul,43,Rio Grande do Sul,4314506,Pinheiro Machado,431450605,Pinheiro Machado,9926
4,Sul,43,Rio Grande do Sul,4314506,Pinheiro Machado,431450610,Candiota,588
4,Sul,43,Rio Grande do Sul,4314506,Pinheiro Machado,431450620,Torrinhas,700
4,Sul,43,Rio Grande do Sul,4314548,Pinto Bandeira,431454805,Pinto Bandeira,2723
4,Sul,43,Rio Grande do Sul,4314555,Pirapó,431455505,Pirapó,1940
4,Sul,43,Rio Grande do Sul,4314555,Pirapó,431455510,Figueira,320
4,Sul,43,Rio Grande do Sul,4314605,Piratini,431460505,Piratini,12812
4,Sul,43,Rio Grande do Sul,4314605,Piratini,431460510,Segundo Distrito,1554
4,Sul,43,Rio Grande do Sul,4314605,Piratini,431460515,Terceiro Distrito,1240
4,Sul,43,Rio Grande do Sul,4314605,Piratini,431460520,Quarto Distrito,585
4,Sul,43,Rio Grande do Sul,4314605,Piratini,431460525,Quinto Distrito,1313
4,Sul,43,Rio Grande do Sul,4314704,Planalto,431470405,Planalto,8268
4,Sul,43,Rio Grande do Sul,4314704,Planalto,431470412,São Luiz,714
4,Sul,43,Rio Grande do Sul,4314704,Planalto,431470415,Santa Cruz,1060
4,Sul,43,Rio Grande do Sul,4314704,Planalto,431470420,São José,364
4,Sul,43,Rio Grande do Sul,4314753,Poço das Antas,431475305,Poço das Antas,2171
4,Sul,43,Rio Grande do Sul,4314779,Pontão,431477905,Pontão,3070
4,Sul,43,Rio Grande do Sul,4314779,Pontão,431477910,Sagrisa,226
4,Sul,43,Rio Grande do Sul,4314787,Ponte Preta,431478705,Ponte Preta,1253
4,Sul,43,Rio Grande do Sul,4314787,Ponte Preta,431478730,Souto Neto,322
4,Sul,43,Rio Grande do Sul,4314803,Portão,431480305,Portão,34071
4,Sul,43,Rio Grande do Sul,4314902,Porto Alegre,431490205,Porto Alegre,1332845
4,Sul,43,Rio Grande do Sul,4315008,Porto Lucena,431500805,Porto Lucena,4360
4,Sul,43,Rio Grande do Sul,4315057,Porto Mauá,431505705,Porto Mauá,2142
4,Sul,43,Rio Grande do Sul,4315073,Porto Vera Cruz,431507305,Porto Vera Cruz,1560
4,Sul,43,Rio Grande do Sul,4315107,Porto Xavier,431510705,Porto Xavier,9702
4,Sul,43,Rio Grande do Sul,4315107,Porto Xavier,431510720,Rincão Comprido,236
4,Sul,43,Rio Grande do Sul,4315131,Pouso Novo,431513105,Pouso Novo,1739
4,Sul,43,Rio Grande do Sul,4315149,Presidente Lucena,431514905,Presidente Lucena,3077
4,Sul,43,Rio Grande do Sul,4315156,Progresso,431515605,Progresso,2803
4,Sul,43,Rio Grande do Sul,4315156,Progresso,431515607,Batovira,362
4,Sul,43,Rio Grande do Sul,4315156,Progresso,431515610,Campo Branco,1282
4,Sul,43,Rio Grande do Sul,4315156,Progresso,431515612,Constantino,467
4,Sul,43,Rio Grande do Sul,4315156,Progresso,431515620,Xaxim,426
4,Sul,43,Rio Grande do Sul,4315172,Protásio Alves,431517205,Protásio Alves,2025
4,Sul,43,Rio Grande do Sul,4315206,Putinga,431520605,Putinga,3317
4,Sul,43,Rio Grande do Sul,4315206,Putinga,431520615,Xarqueada,430
4,Sul,43,Rio Grande do Sul,4315305,Quaraí,431530505,Quaraí,23500
4,Sul,43,Rio Grande do Sul,4315313,Quatro Irmãos,431531305,Quatro Irmãos,1552
4,Sul,43,Rio Grande do Sul,4315321,Quevedos,431532105,Quevedos,2507
4,Sul,43,Rio Grande do Sul,4315354,Quinze de Novembro,431535405,Quinze de Novembro,3014
4,Sul,43,Rio Grande do Sul,4315354,Quinze de Novembro,431535420,Santa Clara do Ingaí,378
4,Sul,43,Rio Grande do Sul,4315354,Quinze de Novembro,431535425,Sede Aurora,518
4,Sul,43,Rio Grande do Sul,4315404,Redentora,431540405,Redentora,4001
4,Sul,43,Rio Grande do Sul,4315404,Redentora,431540410,São João,4301
4,Sul,43,Rio Grande do Sul,4315404,Redentora,431540430,Sítio Cassemiro,1436
4,Sul,43,Rio Grande do Sul,4315453,Relvado,431545305,Relvado,1796
4,Sul,43,Rio Grande do Sul,4315503,Restinga Sêca,431550305,Restinga Sêca,14939
4,Sul,43,Rio Grande do Sul,4315552,Rio dos Índios,431555205,Rio dos Índios,1817
4,Sul,43,Rio Grande do Sul,4315552,Rio dos Índios,431555210,Posse dos Linhares,306
4,Sul,43,Rio Grande do Sul,4315552,Rio dos Índios,431555215,Encruzilhada Bela Vista,712
4,Sul,43,Rio Grande do Sul,4315602,Rio Grande,431560205,Rio Grande,173650
4,Sul,43,Rio Grande do Sul,4315602,Rio Grande,431560215,Povo Novo,5310
4,Sul,43,Rio Grande do Sul,4315602,Rio Grande,431560220,Quinta,10325
4,Sul,43,Rio Grande do Sul,4315602,Rio Grande,431560225,Taim,1449
4,Sul,43,Rio Grande do Sul,4315602,Rio Grande,431560230,Ilha dos Marinheiros,1166
4,Sul,43,Rio Grande do Sul,4315701,Rio Pardo,431570105,Rio Pardo,23724
4,Sul,43,Rio Grande do Sul,4315701,Rio Pardo,431570110,Albardão,2339
4,Sul,43,Rio Grande do Sul,4315701,Rio Pardo,431570115,Bexiga,951
4,Sul,43,Rio Grande do Sul,4315701,Rio Pardo,431570122,Iruí,189
4,Sul,43,Rio Grande do Sul,4315701,Rio Pardo,431570123,João Rodrigues,1074
4,Sul,43,Rio Grande do Sul,4315701,Rio Pardo,431570124,Passo da Areia,3767
4,Sul,43,Rio Grande do Sul,4315701,Rio Pardo,431570127,Passo do Adão,568
4,Sul,43,Rio Grande do Sul,4315701,Rio Pardo,431570130,Rincão del Rei,2042
4,Sul,43,Rio Grande do Sul,4315750,Riozinho,431575005,Riozinho,4473
4,Sul,43,Rio Grande do Sul,4315800,Roca Sales,431580005,Roca Sales,10065
4,Sul,43,Rio Grande do Sul,4315800,Roca Sales,431580010,Campinho,353
4,Sul,43,Rio Grande do Sul,4315909,Rodeio Bonito,431590905,Rodeio Bonito,5551
4,Sul,43,Rio Grande do Sul,4315909,Rodeio Bonito,431590910,Saltinho,1103
4,Sul,43,Rio Grande do Sul,4315958,Rolador,431595805,Rolador,971
4,Sul,43,Rio Grande do Sul,4315958,Rolador,431595810,Igrejinha,397
4,Sul,43,Rio Grande do Sul,4315958,Rolador,431595825,Passo do Faxinal,133
4,Sul,43,Rio Grande do Sul,4315958,Rolador,431595830,Passo do Quaresma,378
4,Sul,43,Rio Grande do Sul,4315958,Rolador,431595840,Serrinha do Rosário,412
4,Sul,43,Rio Grande do Sul,4316006,Rolante,431600605,Rolante,16549
4,Sul,43,Rio Grande do Sul,4316006,Rolante,431600610,Boa Esperança,323
4,Sul,43,Rio Grande do Sul,4316006,Rolante,431600617,Rolantinho,4381
4,Sul,43,Rio Grande do Sul,4316105,Ronda Alta,431610505,Ronda Alta,8872
4,Sul,43,Rio Grande do Sul,4316105,Ronda Alta,431610510,Alto Recreio,905
4,Sul,43,Rio Grande do Sul,4316204,Rondinha,431620405,Rondinha,4991
4,Sul,43,Rio Grande do Sul,4316303,Roque Gonzales,431630305,Roque Gonzales,4798
4,Sul,43,Rio Grande do Sul,4316303,Roque Gonzales,431630310,Dona Otília,857
4,Sul,43,Rio Grande do Sul,4316303,Roque Gonzales,431630315,Rincão Vermelho,921
4,Sul,43,Rio Grande do Sul,4316402,Rosário do Sul,431640205,Rosário do Sul,34351
4,Sul,43,Rio Grande do Sul,4316402,Rosário do Sul,431640210,Campo Sêco,529
4,Sul,43,Rio Grande do Sul,4316402,Rosário do Sul,431640215,Caverá,581
4,Sul,43,Rio Grande do Sul,4316402,Rosário do Sul,431640220,Mangueiras,549
4,Sul,43,Rio Grande do Sul,4316402,Rosário do Sul,431640225,São Carlos,285
4,Sul,43,Rio Grande do Sul,4316402,Rosário do Sul,431640230,Touro Passo,335
4,Sul,43,Rio Grande do Sul,4316428,Sagrada Família,431642805,Sagrada Família,2022
4,Sul,43,Rio Grande do Sul,4316428,Sagrada Família,431642815,Leonel Rocha,458
4,Sul,43,Rio Grande do Sul,4316436,Saldanha Marinho,431643605,Saldanha Marinho,2398
4,Sul,43,Rio Grande do Sul,4316436,Saldanha Marinho,431643610,Campinas,177
4,Sul,43,Rio Grande do Sul,4316451,Salto do Jacuí,431645105,Salto do Jacuí,8892
4,Sul,43,Rio Grande do Sul,4316451,Salto do Jacuí,431645107,Capão Bonito,553
4,Sul,43,Rio Grande do Sul,4316451,Salto do Jacuí,431645115,Tabajara,199
4,Sul,43,Rio Grande do Sul,4316451,Salto do Jacuí,431645121,Júlio Borges,293
4,Sul,43,Rio Grande do Sul,4316451,Salto do Jacuí,431645123,Passo Real,106
4,Sul,43,Rio Grande do Sul,4316451,Salto do Jacuí,431645124,Rincão do Ivaí,160
4,Sul,43,Rio Grande do Sul,4316477,Salvador das Missões,431647705,Salvador das Missões,1525
4,Sul,43,Rio Grande do Sul,4316477,Salvador das Missões,431647720,Santa Catarina,1352
4,Sul,43,Rio Grande do Sul,4316501,Salvador do Sul,431650105,Salvador do Sul,5317
4,Sul,43,Rio Grande do Sul,4316501,Salvador do Sul,431650109,Campestre,869
4,Sul,43,Rio Grande do Sul,4316501,Salvador do Sul,431650120,Linha Comprida,417
4,Sul,43,Rio Grande do Sul,4316501,Salvador do Sul,431650125,Linha São João,276
4,Sul,43,Rio Grande do Sul,4316600,Sananduva,431660005,Sananduva,16076
4,Sul,43,Rio Grande do Sul,4316600,Sananduva,431660010,Rio Tigre,323
4,Sul,43,Rio Grande do Sul,4316709,Santa Bárbara do Sul,431670905,Santa Bárbara do Sul,7322
4,Sul,43,Rio Grande do Sul,4316709,Santa Bárbara do Sul,431670918,Capão Alto,340
4,Sul,43,Rio Grande do Sul,4316709,Santa Bárbara do Sul,431670925,Itaíba,460
4,Sul,43,Rio Grande do Sul,4316733,Santa Cecília do Sul,431673305,Santa Cecília do Sul,1674
4,Sul,43,Rio Grande do Sul,4316758,Santa Clara do Sul,431675805,Santa Clara do Sul,6887
4,Sul,43,Rio Grande do Sul,4316808,Santa Cruz do Sul,431680805,Santa Cruz do Sul,122297
4,Sul,43,Rio Grande do Sul,4316808,Santa Cruz do Sul,431680807,Alto Paredão,1203
4,Sul,43,Rio Grande do Sul,4316808,Santa Cruz do Sul,431680810,Boa Vista,2150
4,Sul,43,Rio Grande do Sul,4316808,Santa Cruz do Sul,431680830,Monte Alverne,2668
4,Sul,43,Rio Grande do Sul,4316808,Santa Cruz do Sul,431680835,Rio Pardinho,2525
4,Sul,43,Rio Grande do Sul,4316808,Santa Cruz do Sul,431680838,Saraiva,974
4,Sul,43,Rio Grande do Sul,4316808,Santa Cruz do Sul,431680841,São José da Reserva,773
4,Sul,43,Rio Grande do Sul,4316808,Santa Cruz do Sul,431680842,São Martinho,640
4,Sul,43,Rio Grande do Sul,4316907,Santa Maria,431690705,Santa Maria,255522
4,Sul,43,Rio Grande do Sul,4316907,Santa Maria,431690710,Arroio do Só,805
4,Sul,43,Rio Grande do Sul,4316907,Santa Maria,431690712,Arroio Grande,3087
4,Sul,43,Rio Grande do Sul,4316907,Santa Maria,431690715,Boca do Monte,2968
4,Sul,43,Rio Grande do Sul,4316907,Santa Maria,431690720,Pains,4968
4,Sul,43,Rio Grande do Sul,4316907,Santa Maria,431690723,Palma,797
4,Sul,43,Rio Grande do Sul,4316907,Santa Maria,431690733,Passo do Verde,510
4,Sul,43,Rio Grande do Sul,4316907,Santa Maria,431690735,Santa Flora,919
4,Sul,43,Rio Grande do Sul,4316907,Santa Maria,431690738,Santo Antão,1495
4,Sul,43,Rio Grande do Sul,4316907,Santa Maria,431690750,São Valentim,664
4,Sul,43,Rio Grande do Sul,4316956,Santa Maria do Herval,431695605,Santa Maria do Herval,6340
4,Sul,43,Rio Grande do Sul,4316972,Santa Margarida do Sul,431697205,Santa Margarida do Sul,1510
4,Sul,43,Rio Grande do Sul,4316972,Santa Margarida do Sul,431697210,Bolso,437
4,Sul,43,Rio Grande do Sul,4316972,Santa Margarida do Sul,431697215,Cambaizinho,116
4,Sul,43,Rio Grande do Sul,4316972,Santa Margarida do Sul,431697220,Canas,366
4,Sul,43,Rio Grande do Sul,4316972,Santa Margarida do Sul,431697230,Serrinha,167
4,Sul,43,Rio Grande do Sul,4317004,Santana da Boa Vista,431700405,Santana da Boa Vista,7024
4,Sul,43,Rio Grande do Sul,4317103,Sant'Ana do Livramento,431710305,Sant'Ana do Livramento,80132
4,Sul,43,Rio Grande do Sul,4317103,Sant'Ana do Livramento,431710306,Cati,114
4,Sul,43,Rio Grande do Sul,4317103,Sant'Ana do Livramento,431710307,Espinilho,392
4,Sul,43,Rio Grande do Sul,4317103,Sant'Ana do Livramento,431710308,Ibicuí,1518
4,Sul,43,Rio Grande do Sul,4317103,Sant'Ana do Livramento,431710310,Pampeiro,1192
4,Sul,43,Rio Grande do Sul,4317103,Sant'Ana do Livramento,431710320,São Diogo,227
4,Sul,43,Rio Grande do Sul,4317103,Sant'Ana do Livramento,431710325,Upamaroti,846
4,Sul,43,Rio Grande do Sul,4317202,Santa Rosa,431720205,Santa Rosa,74672
4,Sul,43,Rio Grande do Sul,4317202,Santa Rosa,431720210,Sete de Setembro,2291
4,Sul,43,Rio Grande do Sul,4317251,Santa Tereza,431725105,Santa Tereza,1505
4,Sul,43,Rio Grande do Sul,4317301,Santa Vitória do Palmar,431730105,Santa Vitória do Palmar,24385
4,Sul,43,Rio Grande do Sul,4317301,Santa Vitória do Palmar,431730107,Árvore Só,1308
4,Sul,43,Rio Grande do Sul,4317301,Santa Vitória do Palmar,431730109,Atlântico,2599
4,Sul,43,Rio Grande do Sul,4317301,Santa Vitória do Palmar,431730115,Curral Alto,1363
4,Sul,43,Rio Grande do Sul,4317301,Santa Vitória do Palmar,431730120,Mirim,995
4,Sul,43,Rio Grande do Sul,4317301,Santa Vitória do Palmar,431730130,Taim,333
4,Sul,43,Rio Grande do Sul,4317400,Santiago,431740005,Santiago,46630
4,Sul,43,Rio Grande do Sul,4317400,Santiago,431740015,Ernesto Alves,848
4,Sul,43,Rio Grande do Sul,4317400,Santiago,431740020,Florida,994
4,Sul,43,Rio Grande do Sul,4317400,Santiago,431740030,Tupantuba,466
4,Sul,43,Rio Grande do Sul,4317509,Santo Ângelo,431750905,Santo Ângelo,72268
4,Sul,43,Rio Grande do Sul,4317509,Santo Ângelo,431750907,Atafona,608
4,Sul,43,Rio Grande do Sul,4317509,Santo Ângelo,431750910,Buriti,663
4,Sul,43,Rio Grande do Sul,4317509,Santo Ângelo,431750920,Colônia Municipal,403
4,Sul,43,Rio Grande do Sul,4317509,Santo Ângelo,431750925,Comandaí,359
4,Sul,43,Rio Grande do Sul,4317509,Santo Ângelo,431750933,Cristo Rei,281
4,Sul,43,Rio Grande do Sul,4317509,Santo Ângelo,431750941,Lajeado Cerne,240
4,Sul,43,Rio Grande do Sul,4317509,Santo Ângelo,431750942,Restinga Seca,366
4,Sul,43,Rio Grande do Sul,4317509,Santo Ângelo,431750943,Rincão dos Mendes,492
4,Sul,43,Rio Grande do Sul,4317509,Santo Ângelo,431750946,Rincão dos Meotti,170
4,Sul,43,Rio Grande do Sul,4317509,Santo Ângelo,431750947,Rincão dos Roratos,264
4,Sul,43,Rio Grande do Sul,4317509,Santo Ângelo,431750948,Ressaca Buriti,205
4,Sul,43,Rio Grande do Sul,4317509,Santo Ângelo,431750955,Sossego,130
4,Sul,43,Rio Grande do Sul,4317509,Santo Ângelo,431750960,União,336
4,Sul,43,Rio Grande do Sul,4317509,Santo Ângelo,431750970,Lajeado Micuim,132
4,Sul,43,Rio Grande do Sul,4317558,Santo Antônio do Palma,431755805,Santo Antônio do Palma,1571
4,Sul,43,Rio Grande do Sul,4317558,Santo Antônio do Palma,431755820,Montes Carpatos,149
4,Sul,43,Rio Grande do Sul,4317558,Santo Antônio do Palma,431755825,Santa Terezinha,193
4,Sul,43,Rio Grande do Sul,4317558,Santo Antônio do Palma,431755830,São José,178
4,Sul,43,Rio Grande do Sul,4317608,Santo Antônio da Patrulha,431760805,Santo Antônio da Patrulha,32363
4,Sul,43,Rio Grande do Sul,4317608,Santo Antônio da Patrulha,431760811,Catanduva Grande,1132
4,Sul,43,Rio Grande do Sul,4317608,Santo Antônio da Patrulha,431760812,Chicolomã,982
4,Sul,43,Rio Grande do Sul,4317608,Santo Antônio da Patrulha,431760816,Evaristo,2571
4,Sul,43,Rio Grande do Sul,4317608,Santo Antônio da Patrulha,431760820,Miraguaia,4751
4,Sul,43,Rio Grande do Sul,4317608,Santo Antônio da Patrulha,431760830,Pinheirinhos,1148
4,Sul,43,Rio Grande do Sul,4317707,Santo Antônio das Missões,431770705,Santo Antônio das Missões,8794
4,Sul,43,Rio Grande do Sul,4317707,Santo Antônio das Missões,431770710,São José,1506
4,Sul,43,Rio Grande do Sul,4317756,Santo Antônio do Planalto,431775605,Santo Antônio do Planalto,2023
4,Sul,43,Rio Grande do Sul,4317756,Santo Antônio do Planalto,431775620,Rincão Doce,66
4,Sul,43,Rio Grande do Sul,4317806,Santo Augusto,431780605,Santo Augusto,12001
4,Sul,43,Rio Grande do Sul,4317806,Santo Augusto,431780609,Nossa Senhora de Fátima,319
4,Sul,43,Rio Grande do Sul,4317806,Santo Augusto,431780610,Pedro Paiva,734
4,Sul,43,Rio Grande do Sul,4317806,Santo Augusto,431780613,Rincão dos Paivas,248
4,Sul,43,Rio Grande do Sul,4317806,Santo Augusto,431780615,Santo Antônio,600
4,Sul,43,Rio Grande do Sul,4317905,Santo Cristo,431790505,Santo Cristo,12502
4,Sul,43,Rio Grande do Sul,4317905,Santo Cristo,431790510,Sírio,985
4,Sul,43,Rio Grande do Sul,4317905,Santo Cristo,431790512,Vila Bom Princípio Baixo,1197
4,Sul,43,Rio Grande do Sul,4317905,Santo Cristo,431790515,Vila Laranjeira,636
4,Sul,43,Rio Grande do Sul,4317954,Santo Expedito do Sul,431795405,Santo Expedito do Sul,2349
4,Sul,43,Rio Grande do Sul,4318002,São Borja,431800205,São Borja,53229
4,Sul,43,Rio Grande do Sul,4318002,São Borja,431800225,Nhú-Porã,4869
4,Sul,43,Rio Grande do Sul,4318002,São Borja,431800235,Samburá,675
4,Sul,43,Rio Grande do Sul,4318002,São Borja,431800240,Sarandi,903
4,Sul,43,Rio Grande do Sul,4318051,São Domingos do Sul,431805105,São Domingos do Sul,1856
4,Sul,43,Rio Grande do Sul,4318051,São Domingos do Sul,431805115,Santa Gema,898
4,Sul,43,Rio Grande do Sul,4318101,São Francisco de Assis,431810105,São Francisco de Assis,14626
4,Sul,43,Rio Grande do Sul,4318101,São Francisco de Assis,431810110,Beluno,818
4,Sul,43,Rio Grande do Sul,4318101,São Francisco de Assis,431810118,Boa Vista,442
4,Sul,43,Rio Grande do Sul,4318101,São Francisco de Assis,431810120,Toroquá,1732
4,Sul,43,Rio Grande do Sul,4318200,São Francisco de Paula,431820005,São Francisco de Paula,15957
4,Sul,43,Rio Grande do Sul,4318200,São Francisco de Paula,431820010,Cazuza Ferreira,1035
4,Sul,43,Rio Grande do Sul,4318200,São Francisco de Paula,431820020,Eletra,813
4,Sul,43,Rio Grande do Sul,4318200,São Francisco de Paula,431820030,Juá,1417
4,Sul,43,Rio Grande do Sul,4318200,São Francisco de Paula,431820035,Lajeado Grande,1080
4,Sul,43,Rio Grande do Sul,4318200,São Francisco de Paula,431820040,Rincão dos Kroeff,506
4,Sul,43,Rio Grande do Sul,4318200,São Francisco de Paula,431820045,Tainhas,1085
4,Sul,43,Rio Grande do Sul,4318309,São Gabriel,431830905,São Gabriel,51005
4,Sul,43,Rio Grande do Sul,4318309,São Gabriel,431830910,Azevedo Sodré,427
4,Sul,43,Rio Grande do Sul,4318309,São Gabriel,431830911,Batovi,1172
4,Sul,43,Rio Grande do Sul,4318309,São Gabriel,431830912,Catuçaba,1984
4,Sul,43,Rio Grande do Sul,4318309,São Gabriel,431830913,Cerro do Ouro,239
4,Sul,43,Rio Grande do Sul,4318309,São Gabriel,431830915,Suspiro,256
4,Sul,43,Rio Grande do Sul,4318309,São Gabriel,431830920,Tiaraju,1675
4,Sul,43,Rio Grande do Sul,4318309,São Gabriel,431830925,Vacacaí,1729
4,Sul,43,Rio Grande do Sul,4318408,São Jerônimo,431840805,São Jerônimo,17314
4,Sul,43,Rio Grande do Sul,4318408,São Jerônimo,431840817,Gramal,1303
4,Sul,43,Rio Grande do Sul,4318408,São Jerônimo,431840820,Morrinhos,994
4,Sul,43,Rio Grande do Sul,4318408,São Jerônimo,431840825,Quitéria,1417
4,Sul,43,Rio Grande do Sul,4318424,São João da Urtiga,431842405,São João da Urtiga,4461
4,Sul,43,Rio Grande do Sul,4318432,São João do Polêsine,431843205,São João do Polêsine,2234
4,Sul,43,Rio Grande do Sul,4318432,São João do Polêsine,431843225,Recanto Maestro,10
4,Sul,43,Rio Grande do Sul,4318432,São João do Polêsine,431843230,Vale Vêneto,405
4,Sul,43,Rio Grande do Sul,4318440,São Jorge,431844005,São Jorge,2912
4,Sul,43,Rio Grande do Sul,4318457,São José das Missões,431845705,São José das Missões,2362
4,Sul,43,Rio Grande do Sul,4318465,São José do Herval,431846505,São José do Herval,1902
4,Sul,43,Rio Grande do Sul,4318481,São José do Hortêncio,431848105,São José do Hortêncio,4447
4,Sul,43,Rio Grande do Sul,4318499,São José do Inhacorá,431849905,São José do Inhacorá,2406
4,Sul,43,Rio Grande do Sul,4318507,São José do Norte,431850705,São José do Norte,21331
4,Sul,43,Rio Grande do Sul,4318507,São José do Norte,431850710,Bojuru,2005
4,Sul,43,Rio Grande do Sul,4318507,São José do Norte,431850715,Estreito,2107
4,Sul,43,Rio Grande do Sul,4318606,São José do Ouro,431860605,São José do Ouro,4740
4,Sul,43,Rio Grande do Sul,4318606,São José do Ouro,431860609,Brugnarotto,160
4,Sul,43,Rio Grande do Sul,4318606,São José do Ouro,431860611,Cerro Azul,333
4,Sul,43,Rio Grande do Sul,4318606,São José do Ouro,431860614,Jardim Alegre,292
4,Sul,43,Rio Grande do Sul,4318606,São José do Ouro,431860617,Marmeleiro,348
4,Sul,43,Rio Grande do Sul,4318606,São José do Ouro,431860619,São Miguel,391
4,Sul,43,Rio Grande do Sul,4318606,São José do Ouro,431860620,São Pedro do Iraxim,182
4,Sul,43,Rio Grande do Sul,4318606,São José do Ouro,431860625,Tanque,302
4,Sul,43,Rio Grande do Sul,4318606,São José do Ouro,431860632,Vila Souza,86
4,Sul,43,Rio Grande do Sul,4318614,São José do Sul,431861405,São José do Sul,2380
4,Sul,43,Rio Grande do Sul,4318622,São José dos Ausentes,431862205,São José dos Ausentes,2750
4,Sul,43,Rio Grande do Sul,4318622,São José dos Ausentes,431862210,Faxinal Preto,424
4,Sul,43,Rio Grande do Sul,4318622,São José dos Ausentes,431862215,São Gonçalo,74
4,Sul,43,Rio Grande do Sul,4318622,São José dos Ausentes,431862220,Silveira,729
4,Sul,43,Rio Grande do Sul,4318622,São José dos Ausentes,431862225,Várzea,195
4,Sul,43,Rio Grande do Sul,4318705,São Leopoldo,431870505,São Leopoldo,217409
4,Sul,43,Rio Grande do Sul,4318804,São Lourenço do Sul,431880405,São Lourenço do Sul,25324
4,Sul,43,Rio Grande do Sul,4318804,São Lourenço do Sul,431880408,Boa Vista,2444
4,Sul,43,Rio Grande do Sul,4318804,São Lourenço do Sul,431880410,Boqueirão,2916
4,Sul,43,Rio Grande do Sul,4318804,São Lourenço do Sul,431880415,Esperança,2093
4,Sul,43,Rio Grande do Sul,4318804,São Lourenço do Sul,431880420,Faxinal,2628
4,Sul,43,Rio Grande do Sul,4318804,São Lourenço do Sul,431880425,Harmonia,2776
4,Sul,43,Rio Grande do Sul,4318804,São Lourenço do Sul,431880435,Prado Novo,1394
4,Sul,43,Rio Grande do Sul,4318804,São Lourenço do Sul,431880440,Taquaral,2414
4,Sul,43,Rio Grande do Sul,4318903,São Luiz Gonzaga,431890305,São Luiz Gonzaga,32160
4,Sul,43,Rio Grande do Sul,4318903,São Luiz Gonzaga,431890310,Afonso Rodrigues,900
4,Sul,43,Rio Grande do Sul,4318903,São Luiz Gonzaga,431890314,Capela São Paulo,117
4,Sul,43,Rio Grande do Sul,4318903,São Luiz Gonzaga,431890320,Rincão de São Pedro,520
4,Sul,43,Rio Grande do Sul,4318903,São Luiz Gonzaga,431890323,Rincão dos Pintos,214
4,Sul,43,Rio Grande do Sul,4318903,São Luiz Gonzaga,431890330,Santa Inês,265
4,Sul,43,Rio Grande do Sul,4318903,São Luiz Gonzaga,431890335,São Lourenço das Missões,576
4,Sul,43,Rio Grande do Sul,4319000,São Marcos,431900005,São Marcos,19923
4,Sul,43,Rio Grande do Sul,4319000,São Marcos,431900020,Pedras Brancas,1161
4,Sul,43,Rio Grande do Sul,4319109,São Martinho,431910905,São Martinho,5481
4,Sul,43,Rio Grande do Sul,4319125,São Martinho da Serra,431912505,São Martinho da Serra,2860
4,Sul,43,Rio Grande do Sul,4319158,São Miguel das Missões,431915805,São Miguel das Missões,4709
4,Sul,43,Rio Grande do Sul,4319158,São Miguel das Missões,431915810,Campestre,190
4,Sul,43,Rio Grande do Sul,4319158,São Miguel das Missões,431915815,Coimbra,397
4,Sul,43,Rio Grande do Sul,4319158,São Miguel das Missões,431915820,Mato Grande,312
4,Sul,43,Rio Grande do Sul,4319158,São Miguel das Missões,431915827,Rincão dos Moraes,284
4,Sul,43,Rio Grande do Sul,4319158,São Miguel das Missões,431915830,São João das Missões,781
4,Sul,43,Rio Grande do Sul,4319158,São Miguel das Missões,431915835,São José,383
4,Sul,43,Rio Grande do Sul,4319208,São Nicolau,431920805,São Nicolau,4595
4,Sul,43,Rio Grande do Sul,4319208,São Nicolau,431920820,Santo Isidro,523
4,Sul,43,Rio Grande do Sul,4319307,São Paulo das Missões,431930705,São Paulo das Missões,3954
4,Sul,43,Rio Grande do Sul,4319307,São Paulo das Missões,431930710,Pinheiro Machado,1892
4,Sul,43,Rio Grande do Sul,4319356,São Pedro da Serra,431935605,São Pedro da Serra,3548
4,Sul,43,Rio Grande do Sul,4319364,São Pedro das Missões,431936405,São Pedro das Missões,1757
4,Sul,43,Rio Grande do Sul,4319372,São Pedro do Butiá,431937205,São Pedro do Butiá,2677
4,Sul,43,Rio Grande do Sul,4319372,São Pedro do Butiá,431937210,Butiá Inferior,393
4,Sul,43,Rio Grande do Sul,4319406,São Pedro do Sul,431940605,São Pedro do Sul,12731
4,Sul,43,Rio Grande do Sul,4319406,São Pedro do Sul,431940610,Cerro Claro,842
4,Sul,43,Rio Grande do Sul,4319406,São Pedro do Sul,431940615,Guassupi,1072
4,Sul,43,Rio Grande do Sul,4319406,São Pedro do Sul,431940645,Xiniquá,932
4,Sul,43,Rio Grande do Sul,4319505,São Sebastião do Caí,431950505,São Sebastião do Caí,24428
4,Sul,43,Rio Grande do Sul,4319604,São Sepé,431960405,São Sepé,17792
4,Sul,43,Rio Grande do Sul,4319604,São Sepé,431960420,Cerrito do Ouro,947
4,Sul,43,Rio Grande do Sul,4319604,São Sepé,431960425,Jazidas,1086
4,Sul,43,Rio Grande do Sul,4319604,São Sepé,431960428,Tupanci,646
4,Sul,43,Rio Grande do Sul,4319604,São Sepé,431960430,Vila Block,748
4,Sul,43,Rio Grande do Sul,4319703,São Valentim,431970305,São Valentim,3264
4,Sul,43,Rio Grande do Sul,4319711,São Valentim do Sul,431971105,São Valentim do Sul,1636
4,Sul,43,Rio Grande do Sul,4319711,São Valentim do Sul,431971110,Fazenda Fialho,164
4,Sul,43,Rio Grande do Sul,4319711,São Valentim do Sul,431971120,Santa Bárbara,407
4,Sul,43,Rio Grande do Sul,4319737,São Valério do Sul,431973705,São Valério do Sul,2543
4,Sul,43,Rio Grande do Sul,4319752,São Vendelino,431975205,São Vendelino,2251
4,Sul,43,Rio Grande do Sul,4319802,São Vicente do Sul,431980205,São Vicente do Sul,7102
4,Sul,43,Rio Grande do Sul,4319802,São Vicente do Sul,431980210,Cavajuretã,255
4,Sul,43,Rio Grande do Sul,4319802,São Vicente do Sul,431980215,Loreto,740
4,Sul,43,Rio Grande do Sul,4319901,Sapiranga,431990105,Sapiranga,74940
4,Sul,43,Rio Grande do Sul,4319901,Sapiranga,431990125,Picada São Jacob,708
4,Sul,43,Rio Grande do Sul,4320008,Sapucaia do Sul,432000805,Sapucaia do Sul,132107
4,Sul,43,Rio Grande do Sul,4320107,Sarandi,432010705,Sarandi,21486
4,Sul,43,Rio Grande do Sul,4320107,Sarandi,432010710,Atiaçu,314
4,Sul,43,Rio Grande do Sul,4320107,Sarandi,432010720,Barreirinho,805
4,Sul,43,Rio Grande do Sul,4320107,Sarandi,432010730,Novo Sarandi,246
4,Sul,43,Rio Grande do Sul,4320206,Seberi,432020605,Seberi,10992
4,Sul,43,Rio Grande do Sul,4320206,Seberi,432020610,Barrinha,283
4,Sul,43,Rio Grande do Sul,4320206,Seberi,432020615,Lajeado Bonito,675
4,Sul,43,Rio Grande do Sul,4320230,Sede Nova,432023005,Sede Nova,2472
4,Sul,43,Rio Grande do Sul,4320230,Sede Nova,432023020,Monte Belo,232
4,Sul,43,Rio Grande do Sul,4320263,Segredo,432026305,Segredo,2747
4,Sul,43,Rio Grande do Sul,4320263,Segredo,432026310,Bela Vista,1666
4,Sul,43,Rio Grande do Sul,4320263,Segredo,432026318,Serrinha Velha,642
4,Sul,43,Rio Grande do Sul,4320263,Segredo,432026320,Tamanduá,954
4,Sul,43,Rio Grande do Sul,4320305,Selbach,432030505,Selbach,4248
4,Sul,43,Rio Grande do Sul,4320305,Selbach,432030510,Arroio Grande,601
4,Sul,43,Rio Grande do Sul,4320305,Selbach,432030520,Floresta,258
4,Sul,43,Rio Grande do Sul,4320321,Senador Salgado Filho,432032105,Senador Salgado Filho,1445
4,Sul,43,Rio Grande do Sul,4320321,Senador Salgado Filho,432032110,Esquina Ipiranga,349
4,Sul,43,Rio Grande do Sul,4320321,Senador Salgado Filho,432032112,Giruazinho,373
4,Sul,43,Rio Grande do Sul,4320321,Senador Salgado Filho,432032115,Vila Oito de Agosto,506
4,Sul,43,Rio Grande do Sul,4320354,Sentinela do Sul,432035405,Sentinela do Sul,5306
4,Sul,43,Rio Grande do Sul,4320404,Serafina Corrêa,432040405,Serafina Corrêa,16604
4,Sul,43,Rio Grande do Sul,4320404,Serafina Corrêa,432040415,Silva Jardim,357
4,Sul,43,Rio Grande do Sul,4320453,Sério,432045305,Sério,1941
4,Sul,43,Rio Grande do Sul,4320503,Sertão,432050305,Sertão,4898
4,Sul,43,Rio Grande do Sul,4320503,Sertão,432050310,Engenheiro Luiz Englert,643
4,Sul,43,Rio Grande do Sul,4320552,Sertão Santana,432055205,Sertão Santana,5863
4,Sul,43,Rio Grande do Sul,4320578,Sete de Setembro,432057805,Sete de Setembro,1830
4,Sul,43,Rio Grande do Sul,4320602,Severiano de Almeida,432060205,Severiano de Almeida,2960
4,Sul,43,Rio Grande do Sul,4320602,Severiano de Almeida,432060210,Mirim,446
4,Sul,43,Rio Grande do Sul,4320651,Silveira Martins,432065105,Silveira Martins,2028
4,Sul,43,Rio Grande do Sul,4320677,Sinimbu,432067705,Sinimbu,8578
4,Sul,43,Rio Grande do Sul,4320701,Sobradinho,432070105,Sobradinho,14226
4,Sul,43,Rio Grande do Sul,4320800,Soledade,432080005,Soledade,27769
4,Sul,43,Rio Grande do Sul,4320800,Soledade,432080012,Bugre,505
4,Sul,43,Rio Grande do Sul,4320800,Soledade,432080027,Pinhal,602
4,Sul,43,Rio Grande do Sul,4320800,Soledade,432080035,Santa Terezinha,1115
4,Sul,43,Rio Grande do Sul,4320859,Tabaí,432085905,Tabaí,4461
4,Sul,43,Rio Grande do Sul,4320909,Tapejara,432090905,Tapejara,23947
4,Sul,43,Rio Grande do Sul,4320909,Tapejara,432090930,Vila Campos,610
4,Sul,43,Rio Grande do Sul,4321006,Tapera,432100605,Tapera,9389
4,Sul,43,Rio Grande do Sul,4321006,Tapera,432100620,São Pedro,366
4,Sul,43,Rio Grande do Sul,4321006,Tapera,432100625,Vila Paz,837
4,Sul,43,Rio Grande do Sul,4321105,Tapes,432110505,Tapes,14695
4,Sul,43,Rio Grande do Sul,4321204,Taquara,432120405,Taquara,42620
4,Sul,43,Rio Grande do Sul,4321204,Taquara,432120407,Entrepelado,725
4,Sul,43,Rio Grande do Sul,4321204,Taquara,432120408,Fazenda Fialho,2834
4,Sul,43,Rio Grande do Sul,4321204,Taquara,432120410,Padilha,1171
4,Sul,43,Rio Grande do Sul,4321204,Taquara,432120413,Pega Fogo,2681
4,Sul,43,Rio Grande do Sul,4321204,Taquara,432120417,Rio da Ilha,1395
4,Sul,43,Rio Grande do Sul,4321204,Taquara,432120420,Santa Cruz da Concórdia,1816
4,Sul,43,Rio Grande do Sul,4321303,Taquari,432130305,Taquari,23687
4,Sul,43,Rio Grande do Sul,4321303,Taquari,432130307,Amoras,1511
4,Sul,43,Rio Grande do Sul,4321329,Taquaruçu do Sul,432132905,Taquaruçu do Sul,3119
4,Sul,43,Rio Grande do Sul,4321352,Tavares,432135205,Tavares,4297
4,Sul,43,Rio Grande do Sul,4321352,Tavares,432135210,Butiás,210
4,Sul,43,Rio Grande do Sul,4321352,Tavares,432135215,Capão Comprido,247
4,Sul,43,Rio Grande do Sul,4321352,Tavares,432135220,Tapera,458
4,Sul,43,Rio Grande do Sul,4321402,Tenente Portela,432140205,Tenente Portela,12949
4,Sul,43,Rio Grande do Sul,4321402,Tenente Portela,432140212,Braço Forte,194
4,Sul,43,Rio Grande do Sul,4321402,Tenente Portela,432140225,Daltro Filho,695
4,Sul,43,Rio Grande do Sul,4321402,Tenente Portela,432140240,São Pedro,659
4,Sul,43,Rio Grande do Sul,4321436,Terra de Areia,432143605,Terra de Areia,9607
4,Sul,43,Rio Grande do Sul,4321436,Terra de Areia,432143625,Sanga Funda,727
4,Sul,43,Rio Grande do Sul,4321451,Teutônia,432145105,Teutônia,31752
4,Sul,43,Rio Grande do Sul,4321451,Teutônia,432145110,Pontes Filho,1045
4,Sul,43,Rio Grande do Sul,4321469,Tio Hugo,432146905,Tio Hugo,3267
4,Sul,43,Rio Grande do Sul,4321477,Tiradentes do Sul,432147705,Tiradentes do Sul,2671
4,Sul,43,Rio Grande do Sul,4321477,Tiradentes do Sul,432147710,Alto Uruguai,526
4,Sul,43,Rio Grande do Sul,4321477,Tiradentes do Sul,432147713,Lajeado Bonito,845
4,Sul,43,Rio Grande do Sul,4321477,Tiradentes do Sul,432147717,Novo Planalto,660
4,Sul,43,Rio Grande do Sul,4321477,Tiradentes do Sul,432147720,Porto Soberbo,427
4,Sul,43,Rio Grande do Sul,4321493,Toropi,432149305,Toropi,1819
4,Sul,43,Rio Grande do Sul,4321493,Toropi,432149315,Linha Bonita,735
4,Sul,43,Rio Grande do Sul,4321501,Torres,432150105,Torres,41180
4,Sul,43,Rio Grande do Sul,4321501,Torres,432150110,Glória,571
4,Sul,43,Rio Grande do Sul,4321600,Tramandaí,432160005,Tramandaí,40991
4,Sul,43,Rio Grande do Sul,4321600,Tramandaí,432160015,Estância Velha,1871
4,Sul,43,Rio Grande do Sul,4321600,Tramandaí,432160025,Nova Tramandaí,11525
4,Sul,43,Rio Grande do Sul,4321626,Travesseiro,432162605,Travesseiro,2152
4,Sul,43,Rio Grande do Sul,4321634,Três Arroios,432163405,Três Arroios,2230
4,Sul,43,Rio Grande do Sul,4321634,Três Arroios,432163412,Coxilha Seca,361
4,Sul,43,Rio Grande do Sul,4321667,Três Cachoeiras,432166705,Três Cachoeiras,8643
4,Sul,43,Rio Grande do Sul,4321667,Três Cachoeiras,432166710,Morro Azul,591
4,Sul,43,Rio Grande do Sul,4321667,Três Cachoeiras,432166715,Rio do Terra,488
4,Sul,43,Rio Grande do Sul,4321667,Três Cachoeiras,432166720,Vila Fernando Ferrari,1240
4,Sul,43,Rio Grande do Sul,4321709,Três Coroas,432170905,Três Coroas,24425
4,Sul,43,Rio Grande do Sul,4321808,Três de Maio,432180805,Três de Maio,21162
4,Sul,43,Rio Grande do Sul,4321808,Três de Maio,432180811,Barrinha,581
4,Sul,43,Rio Grande do Sul,4321808,Três de Maio,432180815,Consolata,1372
4,Sul,43,Rio Grande do Sul,4321808,Três de Maio,432180820,Manchinha,808
4,Sul,43,Rio Grande do Sul,4321808,Três de Maio,432180825,Progresso,604
4,Sul,43,Rio Grande do Sul,4321808,Três de Maio,432180830,Quaraim,389
4,Sul,43,Rio Grande do Sul,4321832,Três Forquilhas,432183205,Três Forquilhas,2760
4,Sul,43,Rio Grande do Sul,4321857,Três Palmeiras,432185705,Três Palmeiras,3635
4,Sul,43,Rio Grande do Sul,4321857,Três Palmeiras,432185710,Progresso,1081
4,Sul,43,Rio Grande do Sul,4321907,Três Passos,432190705,Três Passos,19163
4,Sul,43,Rio Grande do Sul,4321907,Três Passos,432190708,Alto Erval Novo,351
4,Sul,43,Rio Grande do Sul,4321907,Três Passos,432190715,Bela Vista,1250
4,Sul,43,Rio Grande do Sul,4321907,Três Passos,432190722,Floresta,652
4,Sul,43,Rio Grande do Sul,4321907,Três Passos,432190735,Padre Gonzales,3586
4,Sul,43,Rio Grande do Sul,4321907,Três Passos,432190745,Santo Antônio,434
4,Sul,43,Rio Grande do Sul,4321956,Trindade do Sul,432195605,Trindade do Sul,7556
4,Sul,43,Rio Grande do Sul,4322004,Triunfo,432200405,Triunfo,14738
4,Sul,43,Rio Grande do Sul,4322004,Triunfo,432200410,Costa da Cadeia,3529
4,Sul,43,Rio Grande do Sul,4322004,Triunfo,432200415,Passo Raso,2926
4,Sul,43,Rio Grande do Sul,4322004,Triunfo,432200420,Porto Batista,6305
4,Sul,43,Rio Grande do Sul,4322103,Tucunduva,432210305,Tucunduva,5542
4,Sul,43,Rio Grande do Sul,4322152,Tunas,432215205,Tunas,1448
4,Sul,43,Rio Grande do Sul,4322152,Tunas,432215210,Cerro Preto,570
4,Sul,43,Rio Grande do Sul,4322152,Tunas,432215215,Despraiado,382
4,Sul,43,Rio Grande do Sul,4322152,Tunas,432215220,Nossa Senhora Aparecida,464
4,Sul,43,Rio Grande do Sul,4322152,Tunas,432215225,Pedregal,556
4,Sul,43,Rio Grande do Sul,4322152,Tunas,432215230,Rincão Comprido,261
4,Sul,43,Rio Grande do Sul,4322186,Tupanci do Sul,432218605,Tupanci do Sul,1374
4,Sul,43,Rio Grande do Sul,4322202,Tupanciretã,432220205,Tupanciretã,19131
4,Sul,43,Rio Grande do Sul,4322202,Tupanciretã,432220207,Espinilho Grande,874
4,Sul,43,Rio Grande do Sul,4322251,Tupandi,432225105,Tupandi,5029
4,Sul,43,Rio Grande do Sul,4322301,Tuparendi,432230105,Tuparendi,6683
4,Sul,43,Rio Grande do Sul,4322301,Tuparendi,432230110,Cerro Alto,537
4,Sul,43,Rio Grande do Sul,4322301,Tuparendi,432230115,Cinquentenário,1143
4,Sul,43,Rio Grande do Sul,4322327,Turuçu,432232705,Turuçu,3419
4,Sul,43,Rio Grande do Sul,4322343,Ubiretama,432234305,Ubiretama,1994
4,Sul,43,Rio Grande do Sul,4322350,União da Serra,432235005,São Luiz,37
4,Sul,43,Rio Grande do Sul,4322350,União da Serra,432235020,União da Serra,533
4,Sul,43,Rio Grande do Sul,4322350,União da Serra,432235025,Pulador,600
4,Sul,43,Rio Grande do Sul,4322376,Unistalda,432237605,Unistalda,1995
4,Sul,43,Rio Grande do Sul,4322400,Uruguaiana,432240005,Uruguaiana,112545
4,Sul,43,Rio Grande do Sul,4322400,Uruguaiana,432240020,João Arregui,695
4,Sul,43,Rio Grande do Sul,4322400,Uruguaiana,432240025,Plano Alto,1272
4,Sul,43,Rio Grande do Sul,4322400,Uruguaiana,432240030,São Marcos,2043
4,Sul,43,Rio Grande do Sul,4322400,Uruguaiana,432240035,Vertentes,655
4,Sul,43,Rio Grande do Sul,4322509,Vacaria,432250905,Vacaria,62044
4,Sul,43,Rio Grande do Sul,4322509,Vacaria,432250907,Bela Vista,558
4,Sul,43,Rio Grande do Sul,4322509,Vacaria,432250908,Capão da Herança,228
4,Sul,43,Rio Grande do Sul,4322509,Vacaria,432250910,Coxilha Grande,424
4,Sul,43,Rio Grande do Sul,4322509,Vacaria,432250920,Estrela,538
4,Sul,43,Rio Grande do Sul,4322509,Vacaria,432250940,Refugiado,405
4,Sul,43,Rio Grande do Sul,4322525,Vale Verde,432252505,Vale Verde,3150
4,Sul,43,Rio Grande do Sul,4322533,Vale do Sol,432253305,Vale do Sol,9897
4,Sul,43,Rio Grande do Sul,4322541,Vale Real,432254105,Vale Real,4304
4,Sul,43,Rio Grande do Sul,4322541,Vale Real,432254110,Arroio do Ouro,895
4,Sul,43,Rio Grande do Sul,4322541,Vale Real,432254115,Canto Krewer,434
4,Sul,43,Rio Grande do Sul,4322541,Vale Real,432254120,Forqueta Baixa,262
4,Sul,43,Rio Grande do Sul,4322541,Vale Real,432254125,Morro Gaúcho,163
4,Sul,43,Rio Grande do Sul,4322558,Vanini,432255805,Vanini,2004
4,Sul,43,Rio Grande do Sul,4322608,Venâncio Aires,432260805,Venâncio Aires,46729
4,Sul,43,Rio Grande do Sul,4322608,Venâncio Aires,432260807,Arlindo,4283
4,Sul,43,Rio Grande do Sul,4322608,Venâncio Aires,432260810,Centro Linha Brasil,2302
4,Sul,43,Rio Grande do Sul,4322608,Venâncio Aires,432260815,Deodoro,1938
4,Sul,43,Rio Grande do Sul,4322608,Venâncio Aires,432260817,Estância Nova,4401
4,Sul,43,Rio Grande do Sul,4322608,Venâncio Aires,432260820,Mariante,1496
4,Sul,43,Rio Grande do Sul,4322608,Venâncio Aires,432260822,Palanque,2842
4,Sul,43,Rio Grande do Sul,4322608,Venâncio Aires,432260830,Santa Emília,4146
4,Sul,43,Rio Grande do Sul,4322608,Venâncio Aires,432260845,Vale do Sampaio,626
4,Sul,43,Rio Grande do Sul,4322707,Vera Cruz,432270705,Vera Cruz,26710
4,Sul,43,Rio Grande do Sul,4322806,Veranópolis,432280605,Veranópolis,24021
4,Sul,43,Rio Grande do Sul,4322855,Vespasiano Corrêa,432285505,Vespasiano Corrêa,1818
4,Sul,43,Rio Grande do Sul,4322905,Viadutos,432290505,Viadutos,4769
4,Sul,43,Rio Grande do Sul,4323002,Viamão,432300205,Viamão,86939
4,Sul,43,Rio Grande do Sul,4323002,Viamão,432300210,Águas Claras,14837
4,Sul,43,Rio Grande do Sul,4323002,Viamão,432300215,Capão da Porteira,1822
4,Sul,43,Rio Grande do Sul,4323002,Viamão,432300220,Espigão,8312
4,Sul,43,Rio Grande do Sul,4323002,Viamão,432300225,Itapuã,4846
4,Sul,43,Rio Grande do Sul,4323002,Viamão,432300230,Passo da Areia,3493
4,Sul,43,Rio Grande do Sul,4323002,Viamão,432300235,Passo do Sabão,83567
4,Sul,43,Rio Grande do Sul,4323002,Viamão,432300240,Viamópolis,20296
4,Sul,43,Rio Grande do Sul,4323101,Vicente Dutra,432310105,Vicente Dutra,3491
4,Sul,43,Rio Grande do Sul,4323101,Vicente Dutra,432310110,Laranjeira,1174
4,Sul,43,Rio Grande do Sul,4323200,Victor Graeff,432320005,Victor Graeff,2355
4,Sul,43,Rio Grande do Sul,4323200,Victor Graeff,432320007,Faxinal,144
4,Sul,43,Rio Grande do Sul,4323200,Victor Graeff,432320015,São José da Glória,281
4,Sul,43,Rio Grande do Sul,4323309,Vila Flores,432330905,Vila Flores,3646
4,Sul,43,Rio Grande do Sul,4323358,Vila Lângaro,432335805,Vila Lângaro,2079
4,Sul,43,Rio Grande do Sul,4323408,Vila Maria,432340805,Vila Maria,4413
4,Sul,43,Rio Grande do Sul,4323457,Vila Nova do Sul,432345705,Vila Nova do Sul,3863
4,Sul,43,Rio Grande do Sul,4323507,Vista Alegre,432350705,Vista Alegre,2660
4,Sul,43,Rio Grande do Sul,4323606,Vista Alegre do Prata,432360605,Vista Alegre do Prata,1590
4,Sul,43,Rio Grande do Sul,4323705,Vista Gaúcha,432370505,Vista Gaúcha,2078
4,Sul,43,Rio Grande do Sul,4323705,Vista Gaúcha,432370510,Bom Plano,705
4,Sul,43,Rio Grande do Sul,4323754,Vitória das Missões,432375405,Vitória das Missões,1916
4,Sul,43,Rio Grande do Sul,4323754,Vitória das Missões,432375430,São João Batista,1344
4,Sul,43,Rio Grande do Sul,4323770,Westfália,432377005,Westfália,3098
4,Sul,43,Rio Grande do Sul,4323804,Xangri-lá,432380405,Xangri-lá,7559
4,Sul,43,Rio Grande do Sul,4323804,Xangri-lá,432380415,Guará,4083
4,Sul,43,Rio Grande do Sul,4323804,Xangri-lá,432380425,Rainha do Mar,4821
5,Centro-Oeste,50,Mato Grosso do Sul,5000203,Água Clara,500020305,Água Clara,16741
5,Centro-Oeste,50,Mato Grosso do Sul,5000252,Alcinópolis,500025205,Alcinópolis,4537
5,Centro-Oeste,50,Mato Grosso do Sul,5000609,Amambai,500060905,Amambai,39325
5,Centro-Oeste,50,Mato Grosso do Sul,5000708,Anastácio,500070805,Anastácio,24114
5,Centro-Oeste,50,Mato Grosso do Sul,5000807,Anaurilândia,500080705,Anaurilândia,7653
5,Centro-Oeste,50,Mato Grosso do Sul,5000856,Angélica,500085605,Angélica,9189
5,Centro-Oeste,50,Mato Grosso do Sul,5000856,Angélica,500085610,Ipezal,1540
5,Centro-Oeste,50,Mato Grosso do Sul,5000906,Antônio João,500090605,Antônio João,7676
5,Centro-Oeste,50,Mato Grosso do Sul,5000906,Antônio João,500090610,Campestre,1627
5,Centro-Oeste,50,Mato Grosso do Sul,5001003,Aparecida do Taboado,500100305,Aparecida do Taboado,27674
5,Centro-Oeste,50,Mato Grosso do Sul,5001102,Aquidauana,500110205,Aquidauana,40044
5,Centro-Oeste,50,Mato Grosso do Sul,5001102,Aquidauana,500110210,Camisão,716
5,Centro-Oeste,50,Mato Grosso do Sul,5001102,Aquidauana,500110215,Cipolândia,720
5,Centro-Oeste,50,Mato Grosso do Sul,5001102,Aquidauana,500110220,Piraputanga,712
5,Centro-Oeste,50,Mato Grosso do Sul,5001102,Aquidauana,500110225,Taunay,4611
5,Centro-Oeste,50,Mato Grosso do Sul,5001243,Aral Moreira,500124305,Aral Moreira,10748
5,Centro-Oeste,50,Mato Grosso do Sul,5001508,Bandeirantes,500150805,Bandeirantes,6933
5,Centro-Oeste,50,Mato Grosso do Sul,5001508,Bandeirantes,500150810,Congonha,1007
5,Centro-Oeste,50,Mato Grosso do Sul,5001904,Bataguassu,500190405,Bataguassu,22630
5,Centro-Oeste,50,Mato Grosso do Sul,5001904,Bataguassu,500190410,Porto XV de Novembro,401
5,Centro-Oeste,50,Mato Grosso do Sul,5002001,Batayporã,500200105,Batayporã,10712
5,Centro-Oeste,50,Mato Grosso do Sul,5002100,Bela Vista,500210005,Bela Vista,20913
5,Centro-Oeste,50,Mato Grosso do Sul,5002100,Bela Vista,500210010,Nossa Senhora de Fátima,700
5,Centro-Oeste,50,Mato Grosso do Sul,5002159,Bodoquena,500215905,Bodoquena,7487
5,Centro-Oeste,50,Mato Grosso do Sul,5002159,Bodoquena,500215910,Morraria do Sul,1080
5,Centro-Oeste,50,Mato Grosso do Sul,5002209,Bonito,500220905,Bonito,22459
5,Centro-Oeste,50,Mato Grosso do Sul,5002209,Bonito,500220910,Águas de Miranda,1200
5,Centro-Oeste,50,Mato Grosso do Sul,5002308,Brasilândia,500230805,Brasilândia,11332
5,Centro-Oeste,50,Mato Grosso do Sul,5002308,Brasilândia,500230815,Debrasa,247
5,Centro-Oeste,50,Mato Grosso do Sul,5002407,Caarapó,500240705,Caarapó,27169
5,Centro-Oeste,50,Mato Grosso do Sul,5002407,Caarapó,500240710,Cristalina,1150
5,Centro-Oeste,50,Mato Grosso do Sul,5002407,Caarapó,500240720,Nova América,2293
5,Centro-Oeste,50,Mato Grosso do Sul,5002605,Camapuã,500260505,Camapuã,12497
5,Centro-Oeste,50,Mato Grosso do Sul,5002605,Camapuã,500260535,Pontinha do Cocho,1086
5,Centro-Oeste,50,Mato Grosso do Sul,5002704,Campo Grande,500270405,Campo Grande,892312
5,Centro-Oeste,50,Mato Grosso do Sul,5002704,Campo Grande,500270460,Anhanduí,4413
5,Centro-Oeste,50,Mato Grosso do Sul,5002704,Campo Grande,500270480,Rochedinho,1375
5,Centro-Oeste,50,Mato Grosso do Sul,5002803,Caracol,500280305,Caracol,5036
5,Centro-Oeste,50,Mato Grosso do Sul,5002902,Cassilândia,500290205,Cassilândia,20041
5,Centro-Oeste,50,Mato Grosso do Sul,5002902,Cassilândia,500290215,Indaiá do Sul,947
5,Centro-Oeste,50,Mato Grosso do Sul,5002951,Chapadão do Sul,500295105,Chapadão do Sul,30993
5,Centro-Oeste,50,Mato Grosso do Sul,5003108,Corguinho,500310805,Corguinho,4473
5,Centro-Oeste,50,Mato Grosso do Sul,5003108,Corguinho,500310810,Baianópolis,310
5,Centro-Oeste,50,Mato Grosso do Sul,5003157,Coronel Sapucaia,500315705,Coronel Sapucaia,14289
5,Centro-Oeste,50,Mato Grosso do Sul,5003207,Corumbá,500320705,Corumbá,90788
5,Centro-Oeste,50,Mato Grosso do Sul,5003207,Corumbá,500320710,Albuquerque,1932
5,Centro-Oeste,50,Mato Grosso do Sul,5003207,Corumbá,500320715,Amolar,186
5,Centro-Oeste,50,Mato Grosso do Sul,5003207,Corumbá,500320720,Coimbra,243
5,Centro-Oeste,50,Mato Grosso do Sul,5003207,Corumbá,500320725,Nhecolândia,733
5,Centro-Oeste,50,Mato Grosso do Sul,5003207,Corumbá,500320730,Paiaguás,1631
5,Centro-Oeste,50,Mato Grosso do Sul,5003207,Corumbá,500320735,Porto Esperança,755
5,Centro-Oeste,50,Mato Grosso do Sul,5003256,Costa Rica,500325605,Costa Rica,24595
5,Centro-Oeste,50,Mato Grosso do Sul,5003256,Costa Rica,500325610,Baús,1442
5,Centro-Oeste,50,Mato Grosso do Sul,5003306,Coxim,500330605,Coxim,29953
5,Centro-Oeste,50,Mato Grosso do Sul,5003306,Coxim,500330608,Jauru,390
5,Centro-Oeste,50,Mato Grosso do Sul,5003306,Coxim,500330610,São Romão,327
5,Centro-Oeste,50,Mato Grosso do Sul,5003306,Coxim,500330615,Taquari,1481
5,Centro-Oeste,50,Mato Grosso do Sul,5003454,Deodápolis,500345405,Deodápolis,9926
5,Centro-Oeste,50,Mato Grosso do Sul,5003454,Deodápolis,500345410,Lagoa Bonita,1817
5,Centro-Oeste,50,Mato Grosso do Sul,5003454,Deodápolis,500345415,Porto Vilma,637
5,Centro-Oeste,50,Mato Grosso do Sul,5003454,Deodápolis,500345420,Presidente Castelo,544
5,Centro-Oeste,50,Mato Grosso do Sul,5003454,Deodápolis,500345425,Vila União,739
5,Centro-Oeste,50,Mato Grosso do Sul,5003488,Dois Irmãos do Buriti,500348805,Dois Irmãos do Buriti,9889
5,Centro-Oeste,50,Mato Grosso do Sul,5003488,Dois Irmãos do Buriti,500348810,Palmeiras,1211
5,Centro-Oeste,50,Mato Grosso do Sul,5003504,Douradina,500350405,Douradina,3591
5,Centro-Oeste,50,Mato Grosso do Sul,5003504,Douradina,500350410,Bocajá,1345
5,Centro-Oeste,50,Mato Grosso do Sul,5003504,Douradina,500350415,Cruzaltina,642
5,Centro-Oeste,50,Mato Grosso do Sul,5003702,Dourados,500370205,Dourados,229522
5,Centro-Oeste,50,Mato Grosso do Sul,5003702,Dourados,500370220,Guaçu,1340
5,Centro-Oeste,50,Mato Grosso do Sul,5003702,Dourados,500370225,Itaum,2252
5,Centro-Oeste,50,Mato Grosso do Sul,5003702,Dourados,500370230,Panambi,929
5,Centro-Oeste,50,Mato Grosso do Sul,5003702,Dourados,500370235,Picadinha,351
5,Centro-Oeste,50,Mato Grosso do Sul,5003702,Dourados,500370240,São Pedro,3077
5,Centro-Oeste,50,Mato Grosso do Sul,5003702,Dourados,500370245,Indápolis,2510
5,Centro-Oeste,50,Mato Grosso do Sul,5003702,Dourados,500370248,Vila Formosa,1240
5,Centro-Oeste,50,Mato Grosso do Sul,5003702,Dourados,500370250,Vila Vargas,2146
5,Centro-Oeste,50,Mato Grosso do Sul,5003751,Eldorado,500375105,Eldorado,10213
5,Centro-Oeste,50,Mato Grosso do Sul,5003751,Eldorado,500375110,Morumbi,1173
5,Centro-Oeste,50,Mato Grosso do Sul,5003801,Fátima do Sul,500380105,Fátima do Sul,18129
5,Centro-Oeste,50,Mato Grosso do Sul,5003801,Fátima do Sul,500380115,Culturama,2480
5,Centro-Oeste,50,Mato Grosso do Sul,5003900,Figueirão,500390005,Figueirão,3539
5,Centro-Oeste,50,Mato Grosso do Sul,5004007,Glória de Dourados,500400705,Glória de Dourados,9557
5,Centro-Oeste,50,Mato Grosso do Sul,5004007,Glória de Dourados,500400715,Guaçulândia,887
5,Centro-Oeste,50,Mato Grosso do Sul,5004106,Guia Lopes da Laguna,500410605,Guia Lopes da Laguna,9940
5,Centro-Oeste,50,Mato Grosso do Sul,5004304,Iguatemi,500430405,Iguatemi,13808
5,Centro-Oeste,50,Mato Grosso do Sul,5004403,Inocência,500440305,Inocência,6511
5,Centro-Oeste,50,Mato Grosso do Sul,5004403,Inocência,500440310,Morangas,575
5,Centro-Oeste,50,Mato Grosso do Sul,5004403,Inocência,500440315,São José do Sucuriú,502
5,Centro-Oeste,50,Mato Grosso do Sul,5004403,Inocência,500440320,São Pedro,816
5,Centro-Oeste,50,Mato Grosso do Sul,5004502,Itaporã,500450205,Itaporã,20267
5,Centro-Oeste,50,Mato Grosso do Sul,5004502,Itaporã,500450210,Carumbé,977
5,Centro-Oeste,50,Mato Grosso do Sul,5004502,Itaporã,500450215,Montese,1323
5,Centro-Oeste,50,Mato Grosso do Sul,5004502,Itaporã,500450220,Piraporã,901
5,Centro-Oeste,50,Mato Grosso do Sul,5004502,Itaporã,500450225,Santa Terezinha,669
5,Centro-Oeste,50,Mato Grosso do Sul,5004601,Itaquiraí,500460105,Itaquiraí,19423
5,Centro-Oeste,50,Mato Grosso do Sul,5004700,Ivinhema,500470005,Ivinhema,25965
5,Centro-Oeste,50,Mato Grosso do Sul,5004700,Ivinhema,500470010,Amandina,1856
5,Centro-Oeste,50,Mato Grosso do Sul,5004809,Japorã,500480905,Japorã,7313
5,Centro-Oeste,50,Mato Grosso do Sul,5004809,Japorã,500480910,Jacareí,835
5,Centro-Oeste,50,Mato Grosso do Sul,5004908,Jaraguari,500490805,Jaraguari,4798
5,Centro-Oeste,50,Mato Grosso do Sul,5004908,Jaraguari,500490810,Bom Fim,2341
5,Centro-Oeste,50,Mato Grosso do Sul,5005004,Jardim,500500405,Jardim,23373
5,Centro-Oeste,50,Mato Grosso do Sul,5005004,Jardim,500500410,Boqueirão,608
5,Centro-Oeste,50,Mato Grosso do Sul,5005103,Jateí,500510305,Jateí,3586
5,Centro-Oeste,50,Mato Grosso do Sul,5005152,Juti,500515205,Juti,6729
5,Centro-Oeste,50,Mato Grosso do Sul,5005202,Ladário,500520205,Ladário,21522
5,Centro-Oeste,50,Mato Grosso do Sul,5005251,Laguna Carapã,500525105,Laguna Carapã,6799
5,Centro-Oeste,50,Mato Grosso do Sul,5005400,Maracaju,500540005,Maracaju,42541
5,Centro-Oeste,50,Mato Grosso do Sul,5005400,Maracaju,500540010,Vista Alegre,2506
5,Centro-Oeste,50,Mato Grosso do Sul,5005608,Miranda,500560805,Miranda,25536
5,Centro-Oeste,50,Mato Grosso do Sul,5005681,Mundo Novo,500568105,Mundo Novo,19193
5,Centro-Oeste,50,Mato Grosso do Sul,5005707,Naviraí,500570705,Naviraí,50457
5,Centro-Oeste,50,Mato Grosso do Sul,5005806,Nioaque,500580605,Nioaque,13220
5,Centro-Oeste,50,Mato Grosso do Sul,5006002,Nova Alvorada do Sul,500600205,Nova Alvorada do Sul,19768
5,Centro-Oeste,50,Mato Grosso do Sul,5006002,Nova Alvorada do Sul,500600210,Pana,2054
5,Centro-Oeste,50,Mato Grosso do Sul,5006200,Nova Andradina,500620005,Nova Andradina,45306
5,Centro-Oeste,50,Mato Grosso do Sul,5006200,Nova Andradina,500620020,Nova Casa Verde,3257
5,Centro-Oeste,50,Mato Grosso do Sul,5006259,Novo Horizonte do Sul,500625905,Novo Horizonte do Sul,4721
5,Centro-Oeste,50,Mato Grosso do Sul,5006275,Paraíso das Águas,500627505,Paraíso das Águas,3972
5,Centro-Oeste,50,Mato Grosso do Sul,5006275,Paraíso das Águas,500627510,Alto Sucuriú,533
5,Centro-Oeste,50,Mato Grosso do Sul,5006275,Paraíso das Águas,500627515,Bela Alvorada,1005
5,Centro-Oeste,50,Mato Grosso do Sul,5006309,Paranaíba,500630905,Paranaíba,38622
5,Centro-Oeste,50,Mato Grosso do Sul,5006309,Paranaíba,500630908,Alto Santana,438
5,Centro-Oeste,50,Mato Grosso do Sul,5006309,Paranaíba,500630923,Raimundo,648
5,Centro-Oeste,50,Mato Grosso do Sul,5006309,Paranaíba,500630935,São João do Aporé,461
5,Centro-Oeste,50,Mato Grosso do Sul,5006309,Paranaíba,500630940,Tamandaré,392
5,Centro-Oeste,50,Mato Grosso do Sul,5006309,Paranaíba,500630945,Velhacaria,396
5,Centro-Oeste,50,Mato Grosso do Sul,5006358,Paranhos,500635805,Paranhos,12921
5,Centro-Oeste,50,Mato Grosso do Sul,5006408,Pedro Gomes,500640805,Pedro Gomes,6941
5,Centro-Oeste,50,Mato Grosso do Sul,5006606,Ponta Porã,500660605,Ponta Porã,86431
5,Centro-Oeste,50,Mato Grosso do Sul,5006606,Ponta Porã,500660615,Cabeceira do Apa,2098
5,Centro-Oeste,50,Mato Grosso do Sul,5006606,Ponta Porã,500660625,Sanga Puitã,3488
5,Centro-Oeste,50,Mato Grosso do Sul,5006903,Porto Murtinho,500690305,Porto Murtinho,12859
5,Centro-Oeste,50,Mato Grosso do Sul,5007109,Ribas do Rio Pardo,500710905,Ribas do Rio Pardo,22841
5,Centro-Oeste,50,Mato Grosso do Sul,5007109,Ribas do Rio Pardo,500710910,Bálsamo,309
5,Centro-Oeste,50,Mato Grosso do Sul,5007208,Rio Brilhante,500720805,Rio Brilhante,34512
5,Centro-Oeste,50,Mato Grosso do Sul,5007208,Rio Brilhante,500720810,Prudêncio Thomaz,3089
5,Centro-Oeste,50,Mato Grosso do Sul,5007307,Rio Negro,500730705,Rio Negro,4549
5,Centro-Oeste,50,Mato Grosso do Sul,5007307,Rio Negro,500730710,Nova Esperança,292
5,Centro-Oeste,50,Mato Grosso do Sul,5007406,Rio Verde de Mato Grosso,500740605,Rio Verde de Mato Grosso,19421
5,Centro-Oeste,50,Mato Grosso do Sul,5007406,Rio Verde de Mato Grosso,500740610,Juscelândia,397
5,Centro-Oeste,50,Mato Grosso do Sul,5007505,Rochedo,500750505,Rochedo,4894
5,Centro-Oeste,50,Mato Grosso do Sul,5007505,Rochedo,500750510,Água Boa,305
5,Centro-Oeste,50,Mato Grosso do Sul,5007554,Santa Rita do Pardo,500755405,Santa Rita do Pardo,7027
5,Centro-Oeste,50,Mato Grosso do Sul,5007695,São Gabriel do Oeste,500769505,São Gabriel do Oeste,27995
5,Centro-Oeste,50,Mato Grosso do Sul,5007695,São Gabriel do Oeste,500769510,Areado,1413
5,Centro-Oeste,50,Mato Grosso do Sul,5007695,São Gabriel do Oeste,500769515,Ponte Vermelha,171
5,Centro-Oeste,50,Mato Grosso do Sul,5007703,Sete Quedas,500770305,Sete Quedas,10994
5,Centro-Oeste,50,Mato Grosso do Sul,5007802,Selvíria,500780205,Selvíria,8142
5,Centro-Oeste,50,Mato Grosso do Sul,5007901,Sidrolândia,500790105,Sidrolândia,38314
5,Centro-Oeste,50,Mato Grosso do Sul,5007901,Sidrolândia,500790110,Capão Seco,7198
5,Centro-Oeste,50,Mato Grosso do Sul,5007901,Sidrolândia,500790115,Quebra Côco,1606
5,Centro-Oeste,50,Mato Grosso do Sul,5007935,Sonora,500793505,Sonora,14516
5,Centro-Oeste,50,Mato Grosso do Sul,5007950,Tacuru,500795005,Tacuru,10808
5,Centro-Oeste,50,Mato Grosso do Sul,5007976,Taquarussu,500797605,Taquarussu,3625
5,Centro-Oeste,50,Mato Grosso do Sul,5008008,Terenos,500800805,Terenos,17652
5,Centro-Oeste,50,Mato Grosso do Sul,5008305,Três Lagoas,500830505,Três Lagoas,128316
5,Centro-Oeste,50,Mato Grosso do Sul,5008305,Três Lagoas,500830510,Arapuá,1322
5,Centro-Oeste,50,Mato Grosso do Sul,5008305,Três Lagoas,500830515,Garcias,1808
5,Centro-Oeste,50,Mato Grosso do Sul,5008305,Três Lagoas,500830520,Ilha Comprida,
5,Centro-Oeste,50,Mato Grosso do Sul,5008305,Três Lagoas,500830525,Guadalupe do Alto Paraná,706
5,Centro-Oeste,50,Mato Grosso do Sul,5008404,Vicentina,500840405,Vicentina,4910
5,Centro-Oeste,50,Mato Grosso do Sul,5008404,Vicentina,500840440,São José,757
5,Centro-Oeste,50,Mato Grosso do Sul,5008404,Vicentina,500840445,Vila Rica,669
5,Centro-Oeste,51,Mato Grosso,5100102,Acorizal,510010205,Acorizal,3613
5,Centro-Oeste,51,Mato Grosso,5100102,Acorizal,510010207,Baús,714
5,Centro-Oeste,51,Mato Grosso,5100102,Acorizal,510010210,Aldeia,687
5,Centro-Oeste,51,Mato Grosso,5100201,Água Boa,510020105,Água Boa,27198
5,Centro-Oeste,51,Mato Grosso,5100201,Água Boa,510020115,Jaraguá,1146
5,Centro-Oeste,51,Mato Grosso,5100201,Água Boa,510020125,Serrinha,875
5,Centro-Oeste,51,Mato Grosso,5100250,Alta Floresta,510025005,Alta Floresta,58613
5,Centro-Oeste,51,Mato Grosso,5100300,Alto Araguaia,510030005,Alto Araguaia,16611
5,Centro-Oeste,51,Mato Grosso,5100300,Alto Araguaia,510030007,Buriti,582
5,Centro-Oeste,51,Mato Grosso,5100359,Alto Boa Vista,510035905,Alto Boa Vista,5715
5,Centro-Oeste,51,Mato Grosso,5100409,Alto Garças,510040905,Alto Garças,13052
5,Centro-Oeste,51,Mato Grosso,5100508,Alto Paraguai,510050805,Alto Paraguai,5721
5,Centro-Oeste,51,Mato Grosso,5100508,Alto Paraguai,510050807,Capão Verde,1350
5,Centro-Oeste,51,Mato Grosso,5100508,Alto Paraguai,510050810,Lavouras,938
5,Centro-Oeste,51,Mato Grosso,5100607,Alto Taquari,510060705,Alto Taquari,10904
5,Centro-Oeste,51,Mato Grosso,5100805,Apiacás,510080505,Apiacás,8590
5,Centro-Oeste,51,Mato Grosso,5101001,Araguaiana,510100105,Araguaiana,3795
5,Centro-Oeste,51,Mato Grosso,5101209,Araguainha,510120905,Araguainha,1010
5,Centro-Oeste,51,Mato Grosso,5101258,Araputanga,510125805,Araputanga,14786
5,Centro-Oeste,51,Mato Grosso,5101308,Arenápolis,510130805,Arenápolis,10576
5,Centro-Oeste,51,Mato Grosso,5101407,Aripuanã,510140705,Aripuanã,20361
5,Centro-Oeste,51,Mato Grosso,5101407,Aripuanã,510140735,Conselvan,4265
5,Centro-Oeste,51,Mato Grosso,5101605,Barão de Melgaço,510160505,Barão de Melgaço,5040
5,Centro-Oeste,51,Mato Grosso,5101605,Barão de Melgaço,510160510,Joselândia,2213
5,Centro-Oeste,51,Mato Grosso,5101704,Barra do Bugres,510170405,Barra do Bugres,28009
5,Centro-Oeste,51,Mato Grosso,5101704,Barra do Bugres,510170406,Assari,1203
5,Centro-Oeste,51,Mato Grosso,5101704,Barra do Bugres,510170422,Tapirapuã,191
5,Centro-Oeste,51,Mato Grosso,5101803,Barra do Garças,510180305,Barra do Garças,64034
5,Centro-Oeste,51,Mato Grosso,5101803,Barra do Garças,510180315,Indianópolis,1319
5,Centro-Oeste,51,Mato Grosso,5101803,Barra do Garças,510180330,Toricueije,2993
5,Centro-Oeste,51,Mato Grosso,5101803,Barra do Garças,510180335,Vale dos Sonhos,864
5,Centro-Oeste,51,Mato Grosso,5101852,Bom Jesus do Araguaia,510185205,Bom Jesus do Araguaia,7280
5,Centro-Oeste,51,Mato Grosso,5101902,Brasnorte,510190205,Brasnorte,13848
5,Centro-Oeste,51,Mato Grosso,5101902,Brasnorte,510190210,Água da Prata,3156
5,Centro-Oeste,51,Mato Grosso,5102504,Cáceres,510250405,Cáceres,83823
5,Centro-Oeste,51,Mato Grosso,5102504,Cáceres,510250407,Bezerro Branco,983
5,Centro-Oeste,51,Mato Grosso,5102504,Cáceres,510250415,Caramujo,2717
5,Centro-Oeste,51,Mato Grosso,5102504,Cáceres,510250425,Horizonte do Oeste,728
5,Centro-Oeste,51,Mato Grosso,5102504,Cáceres,510250430,Nova Cáceres,1430
5,Centro-Oeste,51,Mato Grosso,5102603,Campinápolis,510260305,Campinápolis,14175
5,Centro-Oeste,51,Mato Grosso,5102603,Campinápolis,510260315,São José do Couto,1172
5,Centro-Oeste,51,Mato Grosso,5102637,Campo Novo do Parecis,510263705,Campo Novo do Parecis,42524
5,Centro-Oeste,51,Mato Grosso,5102637,Campo Novo do Parecis,510263715,Itanorte,1854
5,Centro-Oeste,51,Mato Grosso,5102637,Campo Novo do Parecis,510263720,Marechal Rondon,1521
5,Centro-Oeste,51,Mato Grosso,5102678,Campo Verde,510267805,Campo Verde,44266
5,Centro-Oeste,51,Mato Grosso,5102678,Campo Verde,510267810,Coronel Ponce,319
5,Centro-Oeste,51,Mato Grosso,5102686,Campos de Júlio,510268605,Campos de Júlio,8822
5,Centro-Oeste,51,Mato Grosso,5102694,Canabrava do Norte,510269405,Canabrava do Norte,4485
5,Centro-Oeste,51,Mato Grosso,5102702,Canarana,510270205,Canarana,25858
5,Centro-Oeste,51,Mato Grosso,5102793,Carlinda,510279305,Carlinda,10332
5,Centro-Oeste,51,Mato Grosso,5102850,Castanheira,510285005,Castanheira,7506
5,Centro-Oeste,51,Mato Grosso,5103007,Chapada dos Guimarães,510300705,Chapada dos Guimarães,15668
5,Centro-Oeste,51,Mato Grosso,5103007,Chapada dos Guimarães,510300710,Água Fria,1967
5,Centro-Oeste,51,Mato Grosso,5103007,Chapada dos Guimarães,510300720,Rio da Casca,1355
5,Centro-Oeste,51,Mato Grosso,5103056,Cláudia,510305605,Cláudia,9593
5,Centro-Oeste,51,Mato Grosso,5103106,Cocalinho,510310605,Cocalinho,6220
5,Centro-Oeste,51,Mato Grosso,5103205,Colíder,510320505,Colíder,31370
5,Centro-Oeste,51,Mato Grosso,5103254,Colniza,510325405,Colniza,21361
5,Centro-Oeste,51,Mato Grosso,5103254,Colniza,510325410,Guariba,4405
5,Centro-Oeste,51,Mato Grosso,5103304,Comodoro,510330405,Comodoro,13476
5,Centro-Oeste,51,Mato Grosso,5103304,Comodoro,510330409,Colônia dos Mineiros,1085
5,Centro-Oeste,51,Mato Grosso,5103304,Comodoro,510330415,Nova Alvorada,1543
5,Centro-Oeste,51,Mato Grosso,5103304,Comodoro,510330417,Noroagro,652
5,Centro-Oeste,51,Mato Grosso,5103304,Comodoro,510330420,Padronal,1482
5,Centro-Oeste,51,Mato Grosso,5103353,Confresa,510335305,Confresa,32698
5,Centro-Oeste,51,Mato Grosso,5103353,Confresa,510335320,Veranópolis,2377
5,Centro-Oeste,51,Mato Grosso,5103361,Conquista D'Oeste,510336105,Conquista D'Oeste,3760
5,Centro-Oeste,51,Mato Grosso,5103379,Cotriguaçu,510337905,Cotriguaçu,9726
5,Centro-Oeste,51,Mato Grosso,5103379,Cotriguaçu,510337910,Nova União,1285
5,Centro-Oeste,51,Mato Grosso,5103403,Cuiabá,510340305,Cuiabá,238120
5,Centro-Oeste,51,Mato Grosso,5103403,Cuiabá,510340310,Coxipó da Ponte,400847
5,Centro-Oeste,51,Mato Grosso,5103403,Cuiabá,510340315,Coxipó do Ouro,2392
5,Centro-Oeste,51,Mato Grosso,5103403,Cuiabá,510340320,Guia,4484
5,Centro-Oeste,51,Mato Grosso,5103403,Cuiabá,510340325,Nova Esperança (Pequizeiro),2068
5,Centro-Oeste,51,Mato Grosso,5103403,Cuiabá,510340330,Aguaçu,1464
5,Centro-Oeste,51,Mato Grosso,5103403,Cuiabá,510340335,Sucuri,1502
5,Centro-Oeste,51,Mato Grosso,5103437,Curvelândia,510343705,Curvelândia,4903
5,Centro-Oeste,51,Mato Grosso,5103452,Denise,510345205,Denise,7014
5,Centro-Oeste,51,Mato Grosso,5103502,Diamantino,510350205,Diamantino,21941
5,Centro-Oeste,51,Mato Grosso,5103601,Dom Aquino,510360105,Dom Aquino,7048
5,Centro-Oeste,51,Mato Grosso,5103601,Dom Aquino,510360120,Entre Rios,824
5,Centro-Oeste,51,Mato Grosso,5103700,Feliz Natal,510370005,Feliz Natal,10521
5,Centro-Oeste,51,Mato Grosso,5103809,Figueirópolis D'Oeste,510380905,Figueirópolis D'Oeste,3187
5,Centro-Oeste,51,Mato Grosso,5103858,Gaúcha do Norte,510385805,Gaúcha do Norte,8642
5,Centro-Oeste,51,Mato Grosso,5103908,General Carneiro,510390805,General Carneiro,3693
5,Centro-Oeste,51,Mato Grosso,5103908,General Carneiro,510390820,Paredão Grande,2344
5,Centro-Oeste,51,Mato Grosso,5103957,Glória D'Oeste,510395705,Glória D'Oeste,2335
5,Centro-Oeste,51,Mato Grosso,5103957,Glória D'Oeste,510395716,Monte Castelo D'Oeste,570
5,Centro-Oeste,51,Mato Grosso,5104104,Guarantã do Norte,510410405,Guarantã do Norte,31024
5,Centro-Oeste,51,Mato Grosso,5104203,Guiratinga,510420305,Guiratinga,10060
5,Centro-Oeste,51,Mato Grosso,5104203,Guiratinga,510420310,Alcantilado,121
5,Centro-Oeste,51,Mato Grosso,5104203,Guiratinga,510420325,Vale Rico,785
5,Centro-Oeste,51,Mato Grosso,5104500,Indiavaí,510450005,Indiavaí,2213
5,Centro-Oeste,51,Mato Grosso,5104526,Ipiranga do Norte,510452605,Ipiranga do Norte,7815
5,Centro-Oeste,51,Mato Grosso,5104542,Itanhangá,510454205,Itanhangá,7539
5,Centro-Oeste,51,Mato Grosso,5104559,Itaúba,510455905,Itaúba,5020
5,Centro-Oeste,51,Mato Grosso,5104609,Itiquira,510460905,Itiquira,8491
5,Centro-Oeste,51,Mato Grosso,5104609,Itiquira,510460910,Ouro Branco do Sul,3745
5,Centro-Oeste,51,Mato Grosso,5104807,Jaciara,510480705,Jaciara,27824
5,Centro-Oeste,51,Mato Grosso,5104807,Jaciara,510480720,Celma,745
5,Centro-Oeste,51,Mato Grosso,5104906,Jangada,510490605,Jangada,7426
5,Centro-Oeste,51,Mato Grosso,5105002,Jauru,510500205,Jauru,7587
5,Centro-Oeste,51,Mato Grosso,5105002,Jauru,510500215,Lucialva,780
5,Centro-Oeste,51,Mato Grosso,5105101,Juara,510510105,Juara,30331
5,Centro-Oeste,51,Mato Grosso,5105101,Juara,510510110,Águas Claras,972
5,Centro-Oeste,51,Mato Grosso,5105101,Juara,510510115,Catuaí,1957
5,Centro-Oeste,51,Mato Grosso,5105101,Juara,510510120,Paranorte,1646
5,Centro-Oeste,51,Mato Grosso,5105150,Juína,510515005,Juína,42652
5,Centro-Oeste,51,Mato Grosso,5105150,Juína,510515009,Filadélfia,1679
5,Centro-Oeste,51,Mato Grosso,5105150,Juína,510515010,Fontanillas,717
5,Centro-Oeste,51,Mato Grosso,5105150,Juína,510515030,Terra Roxa,821
5,Centro-Oeste,51,Mato Grosso,5105176,Juruena,510517605,Juruena,10213
5,Centro-Oeste,51,Mato Grosso,5105200,Juscimeira,510520005,Juscimeira,6585
5,Centro-Oeste,51,Mato Grosso,5105200,Juscimeira,510520010,Irenópolis,1558
5,Centro-Oeste,51,Mato Grosso,5105200,Juscimeira,510520015,Santa Elvira,1654
5,Centro-Oeste,51,Mato Grosso,5105200,Juscimeira,510520020,São Lourenço de Fátima,1683
5,Centro-Oeste,51,Mato Grosso,5105234,Lambari D'Oeste,510523405,Lambari D'Oeste,4790
5,Centro-Oeste,51,Mato Grosso,5105259,Lucas do Rio Verde,510525905,Lucas do Rio Verde,82840
5,Centro-Oeste,51,Mato Grosso,5105259,Lucas do Rio Verde,510525910,Groslândia,958
5,Centro-Oeste,51,Mato Grosso,5105309,Luciara,510530905,Luciara,2509
5,Centro-Oeste,51,Mato Grosso,5105507,Vila Bela da Santíssima Trindade,510550705,Vila Bela da Santíssima Trindade,10121
5,Centro-Oeste,51,Mato Grosso,5105507,Vila Bela da Santíssima Trindade,510550710,Aguapeí,6653
5,Centro-Oeste,51,Mato Grosso,5105580,Marcelândia,510558005,Marcelândia,11396
5,Centro-Oeste,51,Mato Grosso,5105606,Matupá,510560605,Matupá,20091
5,Centro-Oeste,51,Mato Grosso,5105622,Mirassol d'Oeste,510562205,Mirassol d'Oeste,25144
5,Centro-Oeste,51,Mato Grosso,5105622,Mirassol d'Oeste,510562230,Sonho Azul,1641
5,Centro-Oeste,51,Mato Grosso,5105903,Nobres,510590305,Nobres,12717
5,Centro-Oeste,51,Mato Grosso,5105903,Nobres,510590306,Bom Jardim,1857
5,Centro-Oeste,51,Mato Grosso,5105903,Nobres,510590307,Coqueiral,918
5,Centro-Oeste,51,Mato Grosso,5106000,Nortelândia,510600005,Nortelândia,5956
5,Centro-Oeste,51,Mato Grosso,5106109,Nossa Senhora do Livramento,510610905,Nossa Senhora do Livramento,6631
5,Centro-Oeste,51,Mato Grosso,5106109,Nossa Senhora do Livramento,510610910,Pirizal,542
5,Centro-Oeste,51,Mato Grosso,5106109,Nossa Senhora do Livramento,510610913,Ribeirão dos Cocais,3227
5,Centro-Oeste,51,Mato Grosso,5106109,Nossa Senhora do Livramento,510610915,Faval,2540
5,Centro-Oeste,51,Mato Grosso,5106158,Nova Bandeirantes,510615805,Nova Bandeirantes,9373
5,Centro-Oeste,51,Mato Grosso,5106158,Nova Bandeirantes,510615810,Japuranã,4262
5,Centro-Oeste,51,Mato Grosso,5106174,Nova Nazaré,510617405,Nova Nazaré,4200
5,Centro-Oeste,51,Mato Grosso,5106182,Nova Lacerda,510618205,Nova Lacerda,6670
5,Centro-Oeste,51,Mato Grosso,5106190,Nova Santa Helena,510619005,Nova Santa Helena,4239
5,Centro-Oeste,51,Mato Grosso,5106208,Nova Brasilândia,510620805,Nova Brasilândia,3348
5,Centro-Oeste,51,Mato Grosso,5106208,Nova Brasilândia,510620810,Riolândia,584
5,Centro-Oeste,51,Mato Grosso,5106216,Nova Canaã do Norte,510621605,Nova Canaã do Norte,8902
5,Centro-Oeste,51,Mato Grosso,5106216,Nova Canaã do Norte,510621610,Colorado do Norte,1188
5,Centro-Oeste,51,Mato Grosso,5106216,Nova Canaã do Norte,510621615,Ouro Branco,1617
5,Centro-Oeste,51,Mato Grosso,5106224,Nova Mutum,510622405,Nova Mutum,53837
5,Centro-Oeste,51,Mato Grosso,5106224,Nova Mutum,510622425,Ranchão,2002
5,Centro-Oeste,51,Mato Grosso,5106232,Nova Olímpia,510623205,Nova Olímpia,16352
5,Centro-Oeste,51,Mato Grosso,5106240,Nova Ubiratã,510624005,Nova Ubiratã,6690
5,Centro-Oeste,51,Mato Grosso,5106240,Nova Ubiratã,510624010,Entre Rios,1616
5,Centro-Oeste,51,Mato Grosso,5106240,Nova Ubiratã,510624015,Novo Mato Grosso,265
5,Centro-Oeste,51,Mato Grosso,5106240,Nova Ubiratã,510624017,Parque Água Limpa,1415
5,Centro-Oeste,51,Mato Grosso,5106240,Nova Ubiratã,510624020,Piratininga,821
5,Centro-Oeste,51,Mato Grosso,5106240,Nova Ubiratã,510624026,Santa Terezinha do Rio Ferro,200
5,Centro-Oeste,51,Mato Grosso,5106240,Nova Ubiratã,510624030,Santo Antônio do Rio Bonito,523
5,Centro-Oeste,51,Mato Grosso,5106257,Nova Xavantina,510625705,Nova Xavantina,22713
5,Centro-Oeste,51,Mato Grosso,5106257,Nova Xavantina,510625725,União do Leste,1632
5,Centro-Oeste,51,Mato Grosso,5106265,Novo Mundo,510626505,Novo Mundo,6520
5,Centro-Oeste,51,Mato Grosso,5106273,Novo Horizonte do Norte,510627305,Novo Horizonte do Norte,3349
5,Centro-Oeste,51,Mato Grosso,5106281,Novo São Joaquim,510628105,Novo São Joaquim,5715
5,Centro-Oeste,51,Mato Grosso,5106281,Novo São Joaquim,510628115,Itaquerê,1204
5,Centro-Oeste,51,Mato Grosso,5106299,Paranaíta,510629905,Paranaíta,11671
5,Centro-Oeste,51,Mato Grosso,5106307,Paranatinga,510630705,Paranatinga,23814
5,Centro-Oeste,51,Mato Grosso,5106307,Paranatinga,510630715,Salto da Alegria,2609
5,Centro-Oeste,51,Mato Grosso,5106315,Novo Santo Antônio,510631505,Novo Santo Antônio,2015
5,Centro-Oeste,51,Mato Grosso,5106372,Pedra Preta,510637205,Pedra Preta,17955
5,Centro-Oeste,51,Mato Grosso,5106372,Pedra Preta,510637210,São José do Planalto,111
5,Centro-Oeste,51,Mato Grosso,5106422,Peixoto de Azevedo,510642205,Peixoto de Azevedo,28899
5,Centro-Oeste,51,Mato Grosso,5106422,Peixoto de Azevedo,510642210,União do Norte,3815
5,Centro-Oeste,51,Mato Grosso,5106455,Planalto da Serra,510645505,Planalto da Serra,3166
5,Centro-Oeste,51,Mato Grosso,5106505,Poconé,510650505,Poconé,27068
5,Centro-Oeste,51,Mato Grosso,5106505,Poconé,510650510,Cangas,2021
5,Centro-Oeste,51,Mato Grosso,5106505,Poconé,510650515,Nossa Senhora Aparecida do Chumbo,2128
5,Centro-Oeste,51,Mato Grosso,5106653,Pontal do Araguaia,510665305,Pontal do Araguaia,6932
5,Centro-Oeste,51,Mato Grosso,5106703,Ponte Branca,510670305,Ponte Branca,2008
5,Centro-Oeste,51,Mato Grosso,5106752,Pontes e Lacerda,510675205,Pontes e Lacerda,52018
5,Centro-Oeste,51,Mato Grosso,5106778,Porto Alegre do Norte,510677805,Porto Alegre do Norte,12127
5,Centro-Oeste,51,Mato Grosso,5106802,Porto dos Gaúchos,510680205,Porto dos Gaúchos,5593
5,Centro-Oeste,51,Mato Grosso,5106828,Porto Esperidião,510682805,Porto Esperidião,7333
5,Centro-Oeste,51,Mato Grosso,5106828,Porto Esperidião,510682810,Vila Cardoso,1527
5,Centro-Oeste,51,Mato Grosso,5106828,Porto Esperidião,510682815,Pedro Neca,1344
5,Centro-Oeste,51,Mato Grosso,5106851,Porto Estrela,510685105,Porto Estrela,3224
5,Centro-Oeste,51,Mato Grosso,5107008,Poxoréu,510700805,Poxoréu,11958
5,Centro-Oeste,51,Mato Grosso,5107008,Poxoréu,510700810,Alto Coité,8686
5,Centro-Oeste,51,Mato Grosso,5107008,Poxoréu,510700815,Jarudore,1800
5,Centro-Oeste,51,Mato Grosso,5107008,Poxoréu,510700820,Paraíso do Leste,839
5,Centro-Oeste,51,Mato Grosso,5107040,Primavera do Leste,510704005,Primavera do Leste,85146
5,Centro-Oeste,51,Mato Grosso,5107065,Querência,510706505,Querência,26405
5,Centro-Oeste,51,Mato Grosso,5107065,Querência,510706515,Coutinho União,364
5,Centro-Oeste,51,Mato Grosso,5107107,São José dos Quatro Marcos,510710705,São José dos Quatro Marcos,17162
5,Centro-Oeste,51,Mato Grosso,5107107,São José dos Quatro Marcos,510710710,Santa Fé,687
5,Centro-Oeste,51,Mato Grosso,5107156,Reserva do Cabaçal,510715605,Reserva do Cabaçal,2122
5,Centro-Oeste,51,Mato Grosso,5107180,Ribeirão Cascalheira,510718005,Ribeirão Cascalheira,10089
5,Centro-Oeste,51,Mato Grosso,5107198,Ribeirãozinho,510719805,Ribeirãozinho,2593
5,Centro-Oeste,51,Mato Grosso,5107206,Rio Branco,510720605,Rio Branco,4535
5,Centro-Oeste,51,Mato Grosso,5107248,Santa Carmem,510724805,Santa Carmem,5374
5,Centro-Oeste,51,Mato Grosso,5107263,Santo Afonso,510726305,Santo Afonso,2519
5,Centro-Oeste,51,Mato Grosso,5107297,São José do Povo,510729705,São José do Povo,2714
5,Centro-Oeste,51,Mato Grosso,5107297,São José do Povo,510729715,Nova Catanduva,161
5,Centro-Oeste,51,Mato Grosso,5107305,São José do Rio Claro,510730505,São José do Rio Claro,14911
5,Centro-Oeste,51,Mato Grosso,5107354,São José do Xingu,510735405,São José do Xingu,3498
5,Centro-Oeste,51,Mato Grosso,5107354,São José do Xingu,510735425,Santo Antônio do Fontoura,2466
5,Centro-Oeste,51,Mato Grosso,5107404,São Pedro da Cipa,510740405,São Pedro da Cipa,4191
5,Centro-Oeste,51,Mato Grosso,5107578,Rondolândia,510757805,Rondolândia,3505
5,Centro-Oeste,51,Mato Grosso,5107602,Rondonópolis,510760205,Rondonópolis,196850
5,Centro-Oeste,51,Mato Grosso,5107602,Rondonópolis,510760210,Anhumas,407
5,Centro-Oeste,51,Mato Grosso,5107602,Rondonópolis,510760215,Nova Galiléia,671
5,Centro-Oeste,51,Mato Grosso,5107602,Rondonópolis,510760220,Boa Vista,711
5,Centro-Oeste,51,Mato Grosso,5107602,Rondonópolis,510760230,Vila Operária,46272
5,Centro-Oeste,51,Mato Grosso,5107701,Rosário Oeste,510770105,Rosário Oeste,11126
5,Centro-Oeste,51,Mato Grosso,5107701,Rosário Oeste,510770110,Arruda,995
5,Centro-Oeste,51,Mato Grosso,5107701,Rosário Oeste,510770115,Bauxi,1707
5,Centro-Oeste,51,Mato Grosso,5107701,Rosário Oeste,510770120,Marzagão,1625
5,Centro-Oeste,51,Mato Grosso,5107743,Santa Cruz do Xingu,510774305,Santa Cruz do Xingu,2661
5,Centro-Oeste,51,Mato Grosso,5107750,Salto do Céu,510775005,Salto do Céu,2664
5,Centro-Oeste,51,Mato Grosso,5107750,Salto do Céu,510775010,Cristinópolis,610
5,Centro-Oeste,51,Mato Grosso,5107750,Salto do Céu,510775015,Vila Progresso,405
5,Centro-Oeste,51,Mato Grosso,5107768,Santa Rita do Trivelato,510776805,Santa Rita do Trivelato,3276
5,Centro-Oeste,51,Mato Grosso,5107776,Santa Terezinha,510777605,Santa Terezinha,7596
5,Centro-Oeste,51,Mato Grosso,5107792,Santo Antônio do Leste,510779205,Santo Antônio do Leste,4099
5,Centro-Oeste,51,Mato Grosso,5107800,Santo Antônio de Leverger,510780005,Santo Antônio de Leverger,10251
5,Centro-Oeste,51,Mato Grosso,5107800,Santo Antônio de Leverger,510780010,Engenho Velho,373
5,Centro-Oeste,51,Mato Grosso,5107800,Santo Antônio de Leverger,510780015,Mimoso,1817
5,Centro-Oeste,51,Mato Grosso,5107800,Santo Antônio de Leverger,510780017,Caité,2212
5,Centro-Oeste,51,Mato Grosso,5107800,Santo Antônio de Leverger,510780025,Varginha,593
5,Centro-Oeste,51,Mato Grosso,5107859,São Félix do Araguaia,510785905,São Félix do Araguaia,9263
5,Centro-Oeste,51,Mato Grosso,5107859,São Félix do Araguaia,510785915,Espigão do Leste,4358
5,Centro-Oeste,51,Mato Grosso,5107875,Sapezal,510787505,Sapezal,28944
5,Centro-Oeste,51,Mato Grosso,5107883,Serra Nova Dourada,510788305,Serra Nova Dourada,1800
5,Centro-Oeste,51,Mato Grosso,5107909,Sinop,510790905,Sinop,196312
5,Centro-Oeste,51,Mato Grosso,5107925,Sorriso,510792505,Sorriso,106470
5,Centro-Oeste,51,Mato Grosso,5107925,Sorriso,510792510,Boa Esperança,336
5,Centro-Oeste,51,Mato Grosso,5107925,Sorriso,510792515,Caravágio,765
5,Centro-Oeste,51,Mato Grosso,5107925,Sorriso,510792530,Primavera,3064
5,Centro-Oeste,51,Mato Grosso,5107941,Tabaporã,510794105,Tabaporã,9818
5,Centro-Oeste,51,Mato Grosso,5107958,Tangará da Serra,510795805,Tangará da Serra,99531
5,Centro-Oeste,51,Mato Grosso,5107958,Tangará da Serra,510795815,Progresso,2274
5,Centro-Oeste,51,Mato Grosso,5107958,Tangará da Serra,510795820,São Joaquim,767
5,Centro-Oeste,51,Mato Grosso,5107958,Tangará da Serra,510795825,São Jorge,3862
5,Centro-Oeste,51,Mato Grosso,5108006,Tapurah,510800605,Tapurah,13253
5,Centro-Oeste,51,Mato Grosso,5108006,Tapurah,510800630,Novo Eldorado,1117
5,Centro-Oeste,51,Mato Grosso,5108055,Terra Nova do Norte,510805505,Terra Nova do Norte,8514
5,Centro-Oeste,51,Mato Grosso,5108055,Terra Nova do Norte,510805515,Miraguaí do Norte,820
5,Centro-Oeste,51,Mato Grosso,5108055,Terra Nova do Norte,510805520,Nonoaí do Norte,417
5,Centro-Oeste,51,Mato Grosso,5108055,Terra Nova do Norte,510805530,Nona Agrovila,865
5,Centro-Oeste,51,Mato Grosso,5108105,Tesouro,510810505,Tesouro,2276
5,Centro-Oeste,51,Mato Grosso,5108105,Tesouro,510810510,Batovi,555
5,Centro-Oeste,51,Mato Grosso,5108105,Tesouro,510810515,Cassununga,194
5,Centro-Oeste,51,Mato Grosso,5108204,Torixoréu,510820405,Torixoréu,4164
5,Centro-Oeste,51,Mato Grosso,5108303,União do Sul,510830305,União do Sul,3838
5,Centro-Oeste,51,Mato Grosso,5108352,Vale de São Domingos,510835205,Vale de São Domingos,2904
5,Centro-Oeste,51,Mato Grosso,5108402,Várzea Grande,510840205,Várzea Grande,223978
5,Centro-Oeste,51,Mato Grosso,5108402,Várzea Grande,510840210,Bom Sucesso,4625
5,Centro-Oeste,51,Mato Grosso,5108402,Várzea Grande,510840215,Passagem da Conceição,1628
5,Centro-Oeste,51,Mato Grosso,5108402,Várzea Grande,510840220,Porto Velho,58786
5,Centro-Oeste,51,Mato Grosso,5108402,Várzea Grande,510840225,Capão Grande,11061
5,Centro-Oeste,51,Mato Grosso,5108501,Vera,510850105,Vera,12800
5,Centro-Oeste,51,Mato Grosso,5108600,Vila Rica,510860005,Vila Rica,19888
5,Centro-Oeste,51,Mato Grosso,5108808,Nova Guarita,510880805,Nova Guarita,4590
5,Centro-Oeste,51,Mato Grosso,5108857,Nova Marilândia,510885705,Nova Marilândia,3529
5,Centro-Oeste,51,Mato Grosso,5108907,Nova Maringá,510890705,Nova Maringá,5846
5,Centro-Oeste,51,Mato Grosso,5108956,Nova Monte Verde,510895605,Nova Monte Verde,8313
5,Centro-Oeste,52,Goiás,5200050,Abadia de Goiás,520005005,Abadia de Goiás,19128
5,Centro-Oeste,52,Goiás,5200100,Abadiânia,520010005,Abadiânia,14187
5,Centro-Oeste,52,Goiás,5200100,Abadiânia,520010010,Posse d'Abadia,3045
5,Centro-Oeste,52,Goiás,5200134,Acreúna,520013405,Acreúna,21568
5,Centro-Oeste,52,Goiás,5200159,Adelândia,520015905,Adelândia,2297
5,Centro-Oeste,52,Goiás,5200175,Água Fria de Goiás,520017505,Água Fria de Goiás,4242
5,Centro-Oeste,52,Goiás,5200175,Água Fria de Goiás,520017510,Mato Seco,712
5,Centro-Oeste,52,Goiás,5200209,Água Limpa,520020905,Água Limpa,1858
5,Centro-Oeste,52,Goiás,5200258,Águas Lindas de Goiás,520025805,Águas Lindas de Goiás,225693
5,Centro-Oeste,52,Goiás,5200308,Alexânia,520030805,Alexânia,25458
5,Centro-Oeste,52,Goiás,5200308,Alexânia,520030810,Olhos D'Água,1550
5,Centro-Oeste,52,Goiás,5200506,Aloândia,520050605,Aloândia,1973
5,Centro-Oeste,52,Goiás,5200555,Alto Horizonte,520055505,Alto Horizonte,6072
5,Centro-Oeste,52,Goiás,5200605,Alto Paraíso de Goiás,520060505,Alto Paraíso de Goiás,9320
5,Centro-Oeste,52,Goiás,5200605,Alto Paraíso de Goiás,520060525,São Jorge,986
5,Centro-Oeste,52,Goiás,5200803,Alvorada do Norte,520080305,Alvorada do Norte,8446
5,Centro-Oeste,52,Goiás,5200829,Amaralina,520082905,Amaralina,3268
5,Centro-Oeste,52,Goiás,5200852,Americano do Brasil,520085205,Americano do Brasil,5259
5,Centro-Oeste,52,Goiás,5200902,Amorinópolis,520090205,Amorinópolis,3007
5,Centro-Oeste,52,Goiás,5201108,Anápolis,520110805,Anápolis,391977
5,Centro-Oeste,52,Goiás,5201108,Anápolis,520110810,Goialândia,1092
5,Centro-Oeste,52,Goiás,5201108,Anápolis,520110815,Interlândia,2442
5,Centro-Oeste,52,Goiás,5201108,Anápolis,520110820,Joanápolis,1234
5,Centro-Oeste,52,Goiás,5201108,Anápolis,520110830,Souzânia,2124
5,Centro-Oeste,52,Goiás,5201207,Anhanguera,520120705,Anhanguera,924
5,Centro-Oeste,52,Goiás,5201306,Anicuns,520130605,Anicuns,17526
5,Centro-Oeste,52,Goiás,5201306,Anicuns,520130615,Capelinha,615
5,Centro-Oeste,52,Goiás,5201306,Anicuns,520130620,Choupana,362
5,Centro-Oeste,52,Goiás,5201405,Aparecida de Goiânia,520140505,Aparecida de Goiânia,209143
5,Centro-Oeste,52,Goiás,5201405,Aparecida de Goiânia,520140510,Nova Brasília,318653
5,Centro-Oeste,52,Goiás,5201454,Aparecida do Rio Doce,520145405,Aparecida do Rio Doce,2907
5,Centro-Oeste,52,Goiás,5201504,Aporé,520150405,Aporé,4325
5,Centro-Oeste,52,Goiás,5201603,Araçu,520160305,Araçu,3799
5,Centro-Oeste,52,Goiás,5201702,Aragarças,520170205,Aragarças,18390
5,Centro-Oeste,52,Goiás,5201801,Aragoiânia,520180105,Aragoiânia,11890
5,Centro-Oeste,52,Goiás,5202155,Araguapaz,520215505,Araguapaz,7153
5,Centro-Oeste,52,Goiás,5202353,Arenópolis,520235305,Arenópolis,2946
5,Centro-Oeste,52,Goiás,5202502,Aruanã,520250205,Aruanã,8300
5,Centro-Oeste,52,Goiás,5202601,Aurilândia,520260105,Aurilândia,3284
5,Centro-Oeste,52,Goiás,5202809,Avelinópolis,520280905,Avelinópolis,2868
5,Centro-Oeste,52,Goiás,5203104,Baliza,520310405,Baliza,3351
5,Centro-Oeste,52,Goiás,5203203,Barro Alto,520320305,Barro Alto,10371
5,Centro-Oeste,52,Goiás,5203302,Bela Vista de Goiás,520330205,Bela Vista de Goiás,31868
5,Centro-Oeste,52,Goiás,5203302,Bela Vista de Goiás,520330215,Roselândia,2577
5,Centro-Oeste,52,Goiás,5203401,Bom Jardim de Goiás,520340105,Bom Jardim de Goiás,7826
5,Centro-Oeste,52,Goiás,5203500,Bom Jesus de Goiás,520350005,Bom Jesus de Goiás,23958
5,Centro-Oeste,52,Goiás,5203559,Bonfinópolis,520355905,Bonfinópolis,10296
5,Centro-Oeste,52,Goiás,5203575,Bonópolis,520357505,Bonópolis,3299
5,Centro-Oeste,52,Goiás,5203609,Brazabrantes,520360905,Brazabrantes,3992
5,Centro-Oeste,52,Goiás,5203807,Britânia,520380705,Britânia,5695
5,Centro-Oeste,52,Goiás,5203906,Buriti Alegre,520390605,Buriti Alegre,10495
5,Centro-Oeste,52,Goiás,5203939,Buriti de Goiás,520393905,Buriti de Goiás,2732
5,Centro-Oeste,52,Goiás,5203962,Buritinópolis,520396205,Buritinópolis,3145
5,Centro-Oeste,52,Goiás,5204003,Cabeceiras,520400305,Cabeceiras,7560
5,Centro-Oeste,52,Goiás,5204102,Cachoeira Alta,520410205,Cachoeira Alta,11513
5,Centro-Oeste,52,Goiás,5204201,Cachoeira de Goiás,520420105,Cachoeira de Goiás,1405
5,Centro-Oeste,52,Goiás,5204250,Cachoeira Dourada,520425005,Cachoeira Dourada,7782
5,Centro-Oeste,52,Goiás,5204300,Caçu,520430005,Caçu,13774
5,Centro-Oeste,52,Goiás,5204409,Caiapônia,520440905,Caiapônia,16513
5,Centro-Oeste,52,Goiás,5204508,Caldas Novas,520450805,Caldas Novas,98622
5,Centro-Oeste,52,Goiás,5204557,Caldazinha,520455705,Caldazinha,4507
5,Centro-Oeste,52,Goiás,5204607,Campestre de Goiás,520460705,Campestre de Goiás,3755
5,Centro-Oeste,52,Goiás,5204656,Campinaçu,520465605,Campinaçu,3708
5,Centro-Oeste,52,Goiás,5204706,Campinorte,520470605,Campinorte,11520
5,Centro-Oeste,52,Goiás,5204706,Campinorte,520470610,Colinaçu,990
5,Centro-Oeste,52,Goiás,5204805,Campo Alegre de Goiás,520480505,Campo Alegre de Goiás,7422
5,Centro-Oeste,52,Goiás,5204854,Campo Limpo de Goiás,520485405,Campo Limpo de Goiás,8081
5,Centro-Oeste,52,Goiás,5204904,Campos Belos,520490405,Campos Belos,18108
5,Centro-Oeste,52,Goiás,5204953,Campos Verdes,520495305,Campos Verdes,4005
5,Centro-Oeste,52,Goiás,5205000,Carmo do Rio Verde,520500005,Carmo do Rio Verde,9710
5,Centro-Oeste,52,Goiás,5205059,Castelândia,520505905,Castelândia,2985
5,Centro-Oeste,52,Goiás,5205109,Catalão,520510905,Catalão,108953
5,Centro-Oeste,52,Goiás,5205109,Catalão,520510908,Pires Belo,1810
5,Centro-Oeste,52,Goiás,5205109,Catalão,520510910,Santo Antônio do Rio Verde,3664
5,Centro-Oeste,52,Goiás,5205208,Caturaí,520520805,Caturaí,5184
5,Centro-Oeste,52,Goiás,5205307,Cavalcante,520530705,Cavalcante,9583
5,Centro-Oeste,52,Goiás,5205406,Ceres,520540605,Ceres,22046
5,Centro-Oeste,52,Goiás,5205455,Cezarina,520545505,Cezarina,8090
5,Centro-Oeste,52,Goiás,5205471,Chapadão do Céu,520547105,Chapadão do Céu,12870
5,Centro-Oeste,52,Goiás,5205497,Cidade Ocidental,520549705,Cidade Ocidental,91767
5,Centro-Oeste,52,Goiás,5205513,Cocalzinho de Goiás,520551305,Cocalzinho de Goiás,25016
5,Centro-Oeste,52,Goiás,5205521,Colinas do Sul,520552105,Colinas do Sul,3476
5,Centro-Oeste,52,Goiás,5205521,Colinas do Sul,520552130,Vila Borba,554
5,Centro-Oeste,52,Goiás,5205703,Córrego do Ouro,520570305,Córrego do Ouro,2454
5,Centro-Oeste,52,Goiás,5205802,Corumbá de Goiás,520580205,Corumbá de Goiás,10562
5,Centro-Oeste,52,Goiás,5205901,Corumbaíba,520590105,Corumbaíba,9164
5,Centro-Oeste,52,Goiás,5206206,Cristalina,520620605,Cristalina,47024
5,Centro-Oeste,52,Goiás,5206206,Cristalina,520620610,Campos Lindos,15313
5,Centro-Oeste,52,Goiás,5206305,Cristianópolis,520630505,Cristianópolis,3504
5,Centro-Oeste,52,Goiás,5206404,Crixás,520640405,Crixás,15656
5,Centro-Oeste,52,Goiás,5206404,Crixás,520640407,Auriverde,1409
5,Centro-Oeste,52,Goiás,5206503,Cromínia,520650305,Cromínia,3883
5,Centro-Oeste,52,Goiás,5206602,Cumari,520660205,Cumari,2927
5,Centro-Oeste,52,Goiás,5206701,Damianópolis,520670105,Damianópolis,3770
5,Centro-Oeste,52,Goiás,5206800,Damolândia,520680005,Damolândia,2724
5,Centro-Oeste,52,Goiás,5206909,Davinópolis,520690905,Davinópolis,1902
5,Centro-Oeste,52,Goiás,5207105,Diorama,520710505,Diorama,2062
5,Centro-Oeste,52,Goiás,5207253,Doverlândia,520725305,Doverlândia,6956
5,Centro-Oeste,52,Goiás,5207352,Edealina,520735205,Edealina,4001
5,Centro-Oeste,52,Goiás,5207402,Edéia,520740205,Edéia,11747
5,Centro-Oeste,52,Goiás,5207501,Estrela do Norte,520750105,Estrela do Norte,3205
5,Centro-Oeste,52,Goiás,5207535,Faina,520753505,Faina,5125
5,Centro-Oeste,52,Goiás,5207535,Faina,520753510,Caiçara,822
5,Centro-Oeste,52,Goiás,5207535,Faina,520753515,Jeroaquara,1123
5,Centro-Oeste,52,Goiás,5207600,Fazenda Nova,520760005,Fazenda Nova,4782
5,Centro-Oeste,52,Goiás,5207600,Fazenda Nova,520760010,Bacilândia,793
5,Centro-Oeste,52,Goiás,5207600,Fazenda Nova,520760015,Serra Dourada,302
5,Centro-Oeste,52,Goiás,5207808,Firminópolis,520780805,Firminópolis,10419
5,Centro-Oeste,52,Goiás,5207907,Flores de Goiás,520790705,Flores de Goiás,10214
5,Centro-Oeste,52,Goiás,5207907,Flores de Goiás,520790710,Santa Maria,3530
5,Centro-Oeste,52,Goiás,5208004,Formosa,520800405,Formosa,107700
5,Centro-Oeste,52,Goiás,5208004,Formosa,520800407,Bezerra,3360
5,Centro-Oeste,52,Goiás,5208004,Formosa,520800410,Santa Rosa,3513
5,Centro-Oeste,52,Goiás,5208004,Formosa,520800415,Juscelino Kubitschek,1328
5,Centro-Oeste,52,Goiás,5208103,Formoso,520810305,Formoso,4660
5,Centro-Oeste,52,Goiás,5208152,Gameleira de Goiás,520815205,Gameleira de Goiás,3456
5,Centro-Oeste,52,Goiás,5208301,Divinópolis de Goiás,520830105,Divinópolis de Goiás,4457
5,Centro-Oeste,52,Goiás,5208400,Goianápolis,520840005,Goianápolis,13967
5,Centro-Oeste,52,Goiás,5208509,Goiandira,520850905,Goiandira,4973
5,Centro-Oeste,52,Goiás,5208608,Goianésia,520860805,Goianésia,73524
5,Centro-Oeste,52,Goiás,5208608,Goianésia,520860810,Natinópolis,183
5,Centro-Oeste,52,Goiás,5208707,Goiânia,520870705,Goiânia,1435651
5,Centro-Oeste,52,Goiás,5208707,Goiânia,520870715,Vila Rica,1715
5,Centro-Oeste,52,Goiás,5208806,Goianira,520880605,Goianira,71916
5,Centro-Oeste,52,Goiás,5208905,Goiás,520890505,Goiás,16810
5,Centro-Oeste,52,Goiás,5208905,Goiás,520890515,Buenolândia,680
5,Centro-Oeste,52,Goiás,5208905,Goiás,520890525,Calcilândia,1444
5,Centro-Oeste,52,Goiás,5208905,Goiás,520890530,Davidópolis,2620
5,Centro-Oeste,52,Goiás,5208905,Goiás,520890540,Águas de São João,662
5,Centro-Oeste,52,Goiás,5208905,Goiás,520890545,Uvá,1855
5,Centro-Oeste,52,Goiás,5209101,Goiatuba,520910105,Goiatuba,34512
5,Centro-Oeste,52,Goiás,5209101,Goiatuba,520910107,Marcianópolis,1152
5,Centro-Oeste,52,Goiás,5209150,Gouvelândia,520915005,Gouvelândia,4390
5,Centro-Oeste,52,Goiás,5209200,Guapó,520920005,Guapó,19545
5,Centro-Oeste,52,Goiás,5209291,Guaraíta,520929105,Guaraíta,2188
5,Centro-Oeste,52,Goiás,5209408,Guarani de Goiás,520940805,Guarani de Goiás,4085
5,Centro-Oeste,52,Goiás,5209457,Guarinos,520945705,Guarinos,2161
5,Centro-Oeste,52,Goiás,5209606,Heitoraí,520960605,Heitoraí,3354
5,Centro-Oeste,52,Goiás,5209705,Hidrolândia,520970505,Hidrolândia,27742
5,Centro-Oeste,52,Goiás,5209804,Hidrolina,520980405,Hidrolina,3545
5,Centro-Oeste,52,Goiás,5209903,Iaciara,520990305,Iaciara,10584
5,Centro-Oeste,52,Goiás,5209937,Inaciolândia,520993705,Inaciolândia,5954
5,Centro-Oeste,52,Goiás,5209952,Indiara,520995205,Indiara,16055
5,Centro-Oeste,52,Goiás,5209952,Indiara,520995210,Carlândia,1006
5,Centro-Oeste,52,Goiás,5210000,Inhumas,521000005,Inhumas,52204
5,Centro-Oeste,52,Goiás,5210109,Ipameri,521010905,Ipameri,20894
5,Centro-Oeste,52,Goiás,5210109,Ipameri,521010910,Cavalheiro,426
5,Centro-Oeste,52,Goiás,5210109,Ipameri,521010915,Domiciano Ribeiro,4228
5,Centro-Oeste,52,Goiás,5210158,Ipiranga de Goiás,521015805,Ipiranga de Goiás,2919
5,Centro-Oeste,52,Goiás,5210208,Iporá,521020805,Iporá,35684
5,Centro-Oeste,52,Goiás,5210307,Israelândia,521030705,Israelândia,2408
5,Centro-Oeste,52,Goiás,5210307,Israelândia,521030715,Piloândia,152
5,Centro-Oeste,52,Goiás,5210406,Itaberaí,521040605,Itaberaí,44734
5,Centro-Oeste,52,Goiás,5210562,Itaguari,521056205,Itaguari,4963
5,Centro-Oeste,52,Goiás,5210604,Itaguaru,521060405,Itaguaru,4904
5,Centro-Oeste,52,Goiás,5210802,Itajá,521080205,Itajá,4380
5,Centro-Oeste,52,Goiás,5210901,Itapaci,521090105,Itapaci,20827
5,Centro-Oeste,52,Goiás,5210901,Itapaci,521090110,Aparecida de Goiás,260
5,Centro-Oeste,52,Goiás,5211008,Itapirapuã,521100805,Itapirapuã,6871
5,Centro-Oeste,52,Goiás,5211008,Itapirapuã,521100810,Jacilândia,1136
5,Centro-Oeste,52,Goiás,5211206,Itapuranga,521120605,Itapuranga,24838
5,Centro-Oeste,52,Goiás,5211206,Itapuranga,521120610,Cibele,448
5,Centro-Oeste,52,Goiás,5211206,Itapuranga,521120615,Diolândia,827
5,Centro-Oeste,52,Goiás,5211305,Itarumã,521130505,Itarumã,5684
5,Centro-Oeste,52,Goiás,5211305,Itarumã,521130515,Olaria do Angico,417
5,Centro-Oeste,52,Goiás,5211404,Itauçu,521140405,Itauçu,7736
5,Centro-Oeste,52,Goiás,5211503,Itumbiara,521150305,Itumbiara,107970
5,Centro-Oeste,52,Goiás,5211602,Ivolândia,521160205,Ivolândia,2092
5,Centro-Oeste,52,Goiás,5211602,Ivolândia,521160210,Campolândia,601
5,Centro-Oeste,52,Goiás,5211701,Jandaia,521170105,Jandaia,6272
5,Centro-Oeste,52,Goiás,5211800,Jaraguá,521180005,Jaraguá,45223
5,Centro-Oeste,52,Goiás,5211909,Jataí,521190905,Jataí,105729
5,Centro-Oeste,52,Goiás,5212006,Jaupaci,521200605,Jaupaci,2924
5,Centro-Oeste,52,Goiás,5212055,Jesúpolis,521205505,Jesúpolis,2123
5,Centro-Oeste,52,Goiás,5212105,Joviânia,521210505,Joviânia,7159
5,Centro-Oeste,52,Goiás,5212204,Jussara,521220405,Jussara,17916
5,Centro-Oeste,52,Goiás,5212204,Jussara,521220410,Canadá,617
5,Centro-Oeste,52,Goiás,5212204,Jussara,521220415,Juscelândia,112
5,Centro-Oeste,52,Goiás,5212204,Jussara,521220425,São Sebastião do Rio Claro,975
5,Centro-Oeste,52,Goiás,5212253,Lagoa Santa,521225305,Lagoa Santa,1390
5,Centro-Oeste,52,Goiás,5212303,Leopoldo de Bulhões,521230305,Leopoldo de Bulhões,8745
5,Centro-Oeste,52,Goiás,5212501,Luziânia,521250105,Luziânia,120381
5,Centro-Oeste,52,Goiás,5212501,Luziânia,521250106,Jardim Ingá,88748
5,Centro-Oeste,52,Goiás,5212600,Mairipotaba,521260005,Mairipotaba,2561
5,Centro-Oeste,52,Goiás,5212709,Mambaí,521270905,Mambaí,8124
5,Centro-Oeste,52,Goiás,5212808,Mara Rosa,521280805,Mara Rosa,10700
5,Centro-Oeste,52,Goiás,5212907,Marzagão,521290705,Marzagão,2758
5,Centro-Oeste,52,Goiás,5212956,Matrinchã,521295605,Matrinchã,3210
5,Centro-Oeste,52,Goiás,5212956,Matrinchã,521295610,Lua Nova,832
5,Centro-Oeste,52,Goiás,5213004,Maurilândia,521300405,Maurilândia,10304
5,Centro-Oeste,52,Goiás,5213053,Mimoso de Goiás,521305305,Mimoso de Goiás,2614
5,Centro-Oeste,52,Goiás,5213087,Minaçu,521308705,Minaçu,24563
5,Centro-Oeste,52,Goiás,5213087,Minaçu,521308710,Cana Brava,2512
5,Centro-Oeste,52,Goiás,5213103,Mineiros,521310305,Mineiros,70081
5,Centro-Oeste,52,Goiás,5213400,Moiporá,521340005,Moiporá,1296
5,Centro-Oeste,52,Goiás,5213400,Moiporá,521340010,Messianópolis,389
5,Centro-Oeste,52,Goiás,5213509,Monte Alegre de Goiás,521350905,Monte Alegre de Goiás,6692
5,Centro-Oeste,52,Goiás,5213707,Montes Claros de Goiás,521370705,Montes Claros de Goiás,6228
5,Centro-Oeste,52,Goiás,5213707,Montes Claros de Goiás,521370710,Lucilândia,373
5,Centro-Oeste,52,Goiás,5213707,Montes Claros de Goiás,521370715,Registro do Araguaia,613
5,Centro-Oeste,52,Goiás,5213707,Montes Claros de Goiás,521370720,Aparecida do Rio Claro,502
5,Centro-Oeste,52,Goiás,5213707,Montes Claros de Goiás,521370726,Ponte Alta do Araguaia,1040
5,Centro-Oeste,52,Goiás,5213756,Montividiu,521375605,Montividiu,12521
5,Centro-Oeste,52,Goiás,5213772,Montividiu do Norte,521377205,Montividiu do Norte,3779
5,Centro-Oeste,52,Goiás,5213806,Morrinhos,521380605,Morrinhos,51351
5,Centro-Oeste,52,Goiás,5213855,Morro Agudo de Goiás,521385505,Morro Agudo de Goiás,2456
5,Centro-Oeste,52,Goiás,5213905,Mossâmedes,521390505,Mossâmedes,4654
5,Centro-Oeste,52,Goiás,5214002,Mozarlândia,521400205,Mozarlândia,14750
5,Centro-Oeste,52,Goiás,5214051,Mundo Novo,521405105,Mundo Novo,6189
5,Centro-Oeste,52,Goiás,5214101,Mutunópolis,521410105,Mutunópolis,3564
5,Centro-Oeste,52,Goiás,5214408,Nazário,521440805,Nazário,8189
5,Centro-Oeste,52,Goiás,5214507,Nerópolis,521450705,Nerópolis,31932
5,Centro-Oeste,52,Goiás,5214606,Niquelândia,521460605,Niquelândia,28362
5,Centro-Oeste,52,Goiás,5214606,Niquelândia,521460610,São Luiz do Tocantins,2274
5,Centro-Oeste,52,Goiás,5214606,Niquelândia,521460615,Tupiraçaba,2225
5,Centro-Oeste,52,Goiás,5214606,Niquelândia,521460625,Vila Taveira,2103
5,Centro-Oeste,52,Goiás,5214705,Nova América,521470505,Nova América,2337
5,Centro-Oeste,52,Goiás,5214804,Nova Aurora,521480405,Nova Aurora,2101
5,Centro-Oeste,52,Goiás,5214838,Nova Crixás,521483805,Nova Crixás,9439
5,Centro-Oeste,52,Goiás,5214838,Nova Crixás,521483810,Bandeirantes,3376
5,Centro-Oeste,52,Goiás,5214861,Nova Glória,521486105,Nova Glória,8310
5,Centro-Oeste,52,Goiás,5214879,Nova Iguaçu de Goiás,521487905,Nova Iguaçu de Goiás,3010
5,Centro-Oeste,52,Goiás,5214903,Nova Roma,521490305,Nova Roma,3076
5,Centro-Oeste,52,Goiás,5215009,Nova Veneza,521500905,Nova Veneza,9481
5,Centro-Oeste,52,Goiás,5215207,Novo Brasil,521520705,Novo Brasil,3527
5,Centro-Oeste,52,Goiás,5215231,Novo Gama,521523105,Novo Gama,103804
5,Centro-Oeste,52,Goiás,5215256,Novo Planalto,521525605,Novo Planalto,3716
5,Centro-Oeste,52,Goiás,5215306,Orizona,521530605,Orizona,15638
5,Centro-Oeste,52,Goiás,5215306,Orizona,521530610,Alto Alvorada,761
5,Centro-Oeste,52,Goiás,5215405,Ouro Verde de Goiás,521540505,Ouro Verde de Goiás,4057
5,Centro-Oeste,52,Goiás,5215504,Ouvidor,521550405,Ouvidor,7200
5,Centro-Oeste,52,Goiás,5215603,Padre Bernardo,521560305,Padre Bernardo,18010
5,Centro-Oeste,52,Goiás,5215603,Padre Bernardo,521560307,Mariápolis e Taboquinha,1961
5,Centro-Oeste,52,Goiás,5215603,Padre Bernardo,521560320,Monte Alto,12851
5,Centro-Oeste,52,Goiás,5215603,Padre Bernardo,521560325,Trajanópolis,2145
5,Centro-Oeste,52,Goiás,5215652,Palestina de Goiás,521565205,Palestina de Goiás,3132
5,Centro-Oeste,52,Goiás,5215702,Palmeiras de Goiás,521570205,Palmeiras de Goiás,31858
5,Centro-Oeste,52,Goiás,5215801,Palmelo,521580105,Palmelo,2259
5,Centro-Oeste,52,Goiás,5215900,Palminópolis,521590005,Palminópolis,3851
5,Centro-Oeste,52,Goiás,5216007,Panamá,521600705,Panamá,2455
5,Centro-Oeste,52,Goiás,5216304,Paranaiguara,521630405,Paranaiguara,7607
5,Centro-Oeste,52,Goiás,5216403,Paraúna,521640305,Paraúna,10659
5,Centro-Oeste,52,Goiás,5216452,Perolândia,521645205,Perolândia,2964
5,Centro-Oeste,52,Goiás,5216809,Petrolina de Goiás,521680905,Petrolina de Goiás,9573
5,Centro-Oeste,52,Goiás,5216908,Pilar de Goiás,521690805,Pilar de Goiás,2328
5,Centro-Oeste,52,Goiás,5217104,Piracanjuba,521710405,Piracanjuba,24883
5,Centro-Oeste,52,Goiás,5217203,Piranhas,521720305,Piranhas,11712
5,Centro-Oeste,52,Goiás,5217302,Pirenópolis,521730205,Pirenópolis,25636
5,Centro-Oeste,52,Goiás,5217302,Pirenópolis,521730210,Lagolândia,1054
5,Centro-Oeste,52,Goiás,5217401,Pires do Rio,521740105,Pires do Rio,32373
5,Centro-Oeste,52,Goiás,5217609,Planaltina,521760905,Planaltina,97366
5,Centro-Oeste,52,Goiás,5217609,Planaltina,521760910,Córrego Rico,1071
5,Centro-Oeste,52,Goiás,5217609,Planaltina,521760915,São Gabriel de Goiás,6594
5,Centro-Oeste,52,Goiás,5217708,Pontalina,521770805,Pontalina,18309
5,Centro-Oeste,52,Goiás,5218003,Porangatu,521800305,Porangatu,44317
5,Centro-Oeste,52,Goiás,5218052,Porteirão,521805205,Porteirão,4070
5,Centro-Oeste,52,Goiás,5218102,Portelândia,521810205,Portelândia,3280
5,Centro-Oeste,52,Goiás,5218300,Posse,521830005,Posse,34914
5,Centro-Oeste,52,Goiás,5218391,Professor Jamil,521839105,Professor Jamil,3649
5,Centro-Oeste,52,Goiás,5218508,Quirinópolis,521850805,Quirinópolis,48447
5,Centro-Oeste,52,Goiás,5218607,Rialma,521860705,Rialma,11812
5,Centro-Oeste,52,Goiás,5218607,Rialma,521860710,Castrinópolis,353
5,Centro-Oeste,52,Goiás,5218706,Rianápolis,521870605,Rianápolis,3980
5,Centro-Oeste,52,Goiás,5218789,Rio Quente,521878905,Rio Quente,3864
5,Centro-Oeste,52,Goiás,5218805,Rio Verde,521880505,Rio Verde,222048
5,Centro-Oeste,52,Goiás,5218805,Rio Verde,521880512,Lagoa do Bauzinho,1734
5,Centro-Oeste,52,Goiás,5218805,Rio Verde,521880515,Ouroana,957
5,Centro-Oeste,52,Goiás,5218805,Rio Verde,521880520,Riverlândia,957
5,Centro-Oeste,52,Goiás,5218904,Rubiataba,521890405,Rubiataba,19320
5,Centro-Oeste,52,Goiás,5218904,Rubiataba,521890415,Valdelândia,468
5,Centro-Oeste,52,Goiás,5219001,Sanclerlândia,521900105,Sanclerlândia,7918
5,Centro-Oeste,52,Goiás,5219100,Santa Bárbara de Goiás,521910005,Santa Bárbara de Goiás,6149
5,Centro-Oeste,52,Goiás,5219209,Santa Cruz de Goiás,521920905,Santa Cruz de Goiás,3002
5,Centro-Oeste,52,Goiás,5219258,Santa Fé de Goiás,521925805,Santa Fé de Goiás,4951
5,Centro-Oeste,52,Goiás,5219308,Santa Helena de Goiás,521930805,Santa Helena de Goiás,38492
5,Centro-Oeste,52,Goiás,5219357,Santa Isabel,521935705,Santa Isabel,1940
5,Centro-Oeste,52,Goiás,5219357,Santa Isabel,521935712,Cirilândia,1598
5,Centro-Oeste,52,Goiás,5219407,Santa Rita do Araguaia,521940705,Santa Rita do Araguaia,5924
5,Centro-Oeste,52,Goiás,5219456,Santa Rita do Novo Destino,521945605,Santa Rita do Novo Destino,2689
5,Centro-Oeste,52,Goiás,5219506,Santa Rosa de Goiás,521950605,Santa Rosa de Goiás,2820
5,Centro-Oeste,52,Goiás,5219605,Santa Tereza de Goiás,521960505,Santa Tereza de Goiás,3293
5,Centro-Oeste,52,Goiás,5219704,Santa Terezinha de Goiás,521970405,Santa Terezinha de Goiás,10645
5,Centro-Oeste,52,Goiás,5219712,Santo Antônio da Barra,521971205,Santo Antônio da Barra,4267
5,Centro-Oeste,52,Goiás,5219738,Santo Antônio de Goiás,521973805,Santo Antônio de Goiás,7386
5,Centro-Oeste,52,Goiás,5219753,Santo Antônio do Descoberto,521975305,Santo Antônio do Descoberto,72127
5,Centro-Oeste,52,Goiás,5219803,São Domingos,521980305,São Domingos,9711
5,Centro-Oeste,52,Goiás,5219902,São Francisco de Goiás,521990205,São Francisco de Goiás,6378
5,Centro-Oeste,52,Goiás,5220009,São João d'Aliança,522000905,São João d'Aliança,11455
5,Centro-Oeste,52,Goiás,5220009,São João d'Aliança,522000910,Forte,2586
5,Centro-Oeste,52,Goiás,5220058,São João da Paraúna,522005805,São João da Paraúna,1774
5,Centro-Oeste,52,Goiás,5220108,São Luís de Montes Belos,522010805,São Luís de Montes Belos,32650
5,Centro-Oeste,52,Goiás,5220108,São Luís de Montes Belos,522010810,Rosalândia,1202
5,Centro-Oeste,52,Goiás,5220157,São Luiz do Norte,522015705,São Luiz do Norte,4837
5,Centro-Oeste,52,Goiás,5220207,São Miguel do Araguaia,522020705,São Miguel do Araguaia,21900
5,Centro-Oeste,52,Goiás,5220264,São Miguel do Passa Quatro,522026405,São Miguel do Passa Quatro,4464
5,Centro-Oeste,52,Goiás,5220280,São Patrício,522028005,São Patrício,2143
5,Centro-Oeste,52,Goiás,5220405,São Simão,522040505,São Simão,15491
5,Centro-Oeste,52,Goiás,5220405,São Simão,522040510,Itaguaçu,1529
5,Centro-Oeste,52,Goiás,5220454,Senador Canedo,522045405,Senador Canedo,155635
5,Centro-Oeste,52,Goiás,5220504,Serranópolis,522050405,Serranópolis,8027
5,Centro-Oeste,52,Goiás,5220603,Silvânia,522060305,Silvânia,22245
5,Centro-Oeste,52,Goiás,5220686,Simolândia,522068605,Simolândia,5742
5,Centro-Oeste,52,Goiás,5220702,Sítio d'Abadia,522070205,Sítio d'Abadia,2927
5,Centro-Oeste,52,Goiás,5221007,Taquaral de Goiás,522100705,Taquaral de Goiás,4026
5,Centro-Oeste,52,Goiás,5221080,Teresina de Goiás,522108005,Teresina de Goiás,2701
5,Centro-Oeste,52,Goiás,5221197,Terezópolis de Goiás,522119705,Terezópolis de Goiás,7944
5,Centro-Oeste,52,Goiás,5221304,Três Ranchos,522130405,Três Ranchos,2921
5,Centro-Oeste,52,Goiás,5221403,Trindade,522140305,Trindade,142431
5,Centro-Oeste,52,Goiás,5221452,Trombas,522145205,Trombas,3120
5,Centro-Oeste,52,Goiás,5221502,Turvânia,522150205,Turvânia,4480
5,Centro-Oeste,52,Goiás,5221551,Turvelândia,522155105,Turvelândia,4985
5,Centro-Oeste,52,Goiás,5221577,Uirapuru,522157705,Uirapuru,2798
5,Centro-Oeste,52,Goiás,5221601,Uruaçu,522160105,Uruaçu,41720
5,Centro-Oeste,52,Goiás,5221601,Uruaçu,522160115,Geriaçu,328
5,Centro-Oeste,52,Goiás,5221601,Uruaçu,522160120,Pau Terra,498
5,Centro-Oeste,52,Goiás,5221700,Uruana,522170005,Uruana,11938
5,Centro-Oeste,52,Goiás,5221700,Uruana,522170010,Uruíta,1191
5,Centro-Oeste,52,Goiás,5221700,Uruana,522170020,Uruceres,600
5,Centro-Oeste,52,Goiás,5221809,Urutaí,522180905,Urutaí,3553
5,Centro-Oeste,52,Goiás,5221858,Valparaíso de Goiás,522185805,Valparaíso de Goiás,198861
5,Centro-Oeste,52,Goiás,5221908,Varjão,522190805,Varjão,3716
5,Centro-Oeste,52,Goiás,5222005,Vianópolis,522200505,Vianópolis,14227
5,Centro-Oeste,52,Goiás,5222005,Vianópolis,522200510,Caraíba,729
5,Centro-Oeste,52,Goiás,5222054,Vicentinópolis,522205405,Vicentinópolis,8768
5,Centro-Oeste,52,Goiás,5222203,Vila Boa,522220305,Vila Boa,4215
5,Centro-Oeste,52,Goiás,5222302,Vila Propício,522230205,Vila Propício,3258
5,Centro-Oeste,52,Goiás,5222302,Vila Propício,522230210,Assunção de Goiás,2557
5,Centro-Oeste,53,Distrito Federal,5300108,Brasília,530010805,Brasília,2817381
